image_id,p_180
test_00000,0.3921893239021301
test_00001,0.4502083659172058
test_00002,0.44430744647979736
test_00003,0.44233694672584534
test_00004,0.4449908137321472
test_00005,0.3371638357639313
test_00006,0.27276918292045593
test_00007,0.3867829740047455
test_00008,0.6064739227294922
test_00009,0.1889660805463791
test_00010,0.49672839045524597
test_00011,0.14679674804210663
test_00012,0.4758315682411194
test_00013,0.42388486862182617
test_00014,0.47333255410194397
test_00015,0.4472072422504425
test_00016,0.24488556385040283
test_00017,0.618372917175293
test_00018,0.6035930514335632
test_00019,0.5169852375984192
test_00020,0.5881205201148987
test_00021,0.4344625771045685
test_00022,0.6141976118087769
test_00023,0.4106498956680298
test_00024,0.5591928958892822
test_00025,0.5762491226196289
test_00026,0.20945149660110474
test_00027,0.4925355911254883
test_00028,0.2652948498725891
test_00029,0.42672204971313477
test_00030,0.43445220589637756
test_00031,0.516670286655426
test_00032,0.531001091003418
test_00033,0.38851258158683777
test_00034,0.41060107946395874
test_00035,0.6063106060028076
test_00036,0.2966212034225464
test_00037,0.34229281544685364
test_00038,0.26582932472229004
test_00039,0.35304221510887146
test_00040,0.5564892292022705
test_00041,0.35380035638809204
test_00042,0.5220733284950256
test_00043,0.39312511682510376
test_00044,0.4300778806209564
test_00045,0.5257089734077454
test_00046,0.4641488194465637
test_00047,0.26512226462364197
test_00048,0.5156250596046448
test_00049,0.5133824944496155
test_00050,0.4706851840019226
test_00051,0.30634579062461853
test_00052,0.4533608853816986
test_00053,0.3376588225364685
test_00054,0.47229403257369995
test_00055,0.2672361433506012
test_00056,0.36648106575012207
test_00057,0.48725807666778564
test_00058,0.5148279070854187
test_00059,0.3000721335411072
test_00060,0.1326937973499298
test_00061,0.49513566493988037
test_00062,0.5380418300628662
test_00063,0.28483760356903076
test_00064,0.353708416223526
test_00065,0.411759614944458
test_00066,0.6277974247932434
test_00067,0.44949784874916077
test_00068,0.37772127985954285
test_00069,0.35545653104782104
test_00070,0.30346131324768066
test_00071,0.31900492310523987
test_00072,0.6737164855003357
test_00073,0.4679619371891022
test_00074,0.1987023949623108
test_00075,0.24655944108963013
test_00076,0.251712828874588
test_00077,0.5542381405830383
test_00078,0.6427493691444397
test_00079,0.4076107442378998
test_00080,0.6508492827415466
test_00081,0.43343332409858704
test_00082,0.43189385533332825
test_00083,0.27099037170410156
test_00084,0.4997043013572693
test_00085,0.5856984853744507
test_00086,0.6032642722129822
test_00087,0.5363091826438904
test_00088,0.3417253792285919
test_00089,0.20475193858146667
test_00090,0.4046846330165863
test_00091,0.4608844816684723
test_00092,0.44924676418304443
test_00093,0.795446515083313
test_00094,0.29709160327911377
test_00095,0.5312561988830566
test_00096,0.5146101117134094
test_00097,0.5570136904716492
test_00098,0.36235398054122925
test_00099,0.5303798913955688
test_00100,0.3644220530986786
test_00101,0.574111819267273
test_00102,0.5374314188957214
test_00103,0.49132293462753296
test_00104,0.4743213951587677
test_00105,0.46278098225593567
test_00106,0.48382845520973206
test_00107,0.7439903616905212
test_00108,0.35824713110923767
test_00109,0.5166008472442627
test_00110,0.4730973243713379
test_00111,0.35966670513153076
test_00112,0.3837949335575104
test_00113,0.395444393157959
test_00114,0.5116929411888123
test_00115,0.389169305562973
test_00116,0.24340780079364777
test_00117,0.2595811188220978
test_00118,0.4419538676738739
test_00119,0.5645714402198792
test_00120,0.33220693469047546
test_00121,0.7742783427238464
test_00122,0.33363866806030273
test_00123,0.566124677658081
test_00124,0.6738476157188416
test_00125,0.3067586123943329
test_00126,0.49421921372413635
test_00127,0.5125081539154053
test_00128,0.2149648517370224
test_00129,0.4624728262424469
test_00130,0.653741180896759
test_00131,0.2062620222568512
test_00132,0.5875723958015442
test_00133,0.43155086040496826
test_00134,0.46087655425071716
test_00135,0.5141403079032898
test_00136,0.282838374376297
test_00137,0.67140132188797
test_00138,0.5068914294242859
test_00139,0.5758596658706665
test_00140,0.6094814538955688
test_00141,0.4517950415611267
test_00142,0.7540811896324158
test_00143,0.6732679009437561
test_00144,0.47203439474105835
test_00145,0.36224082112312317
test_00146,0.5543171763420105
test_00147,0.35751238465309143
test_00148,0.3423705995082855
test_00149,0.4640998840332031
test_00150,0.27499812841415405
test_00151,0.5605510473251343
test_00152,0.10735058039426804
test_00153,0.2115199714899063
test_00154,0.5466394424438477
test_00155,0.47768929600715637
test_00156,0.639683723449707
test_00157,0.4595063328742981
test_00158,0.4974239468574524
test_00159,0.4230242371559143
test_00160,0.5967711806297302
test_00161,0.4716673195362091
test_00162,0.47069892287254333
test_00163,0.5325787663459778
test_00164,0.6489331126213074
test_00165,0.828498899936676
test_00166,0.315908282995224
test_00167,0.31675225496292114
test_00168,0.5851294994354248
test_00169,0.5559595823287964
test_00170,0.7849327325820923
test_00171,0.3456878662109375
test_00172,0.5057021975517273
test_00173,0.5172951221466064
test_00174,0.35402190685272217
test_00175,0.4074913263320923
test_00176,0.4717172384262085
test_00177,0.49759867787361145
test_00178,0.30311107635498047
test_00179,0.29795101284980774
test_00180,0.3275926411151886
test_00181,0.5064009428024292
test_00182,0.458368718624115
test_00183,0.45003995299339294
test_00184,0.38633254170417786
test_00185,0.4274616837501526
test_00186,0.5514302253723145
test_00187,0.4678712785243988
test_00188,0.3005470633506775
test_00189,0.320304811000824
test_00190,0.46155667304992676
test_00191,0.40638789534568787
test_00192,0.42424172163009644
test_00193,0.5401817560195923
test_00194,0.351928174495697
test_00195,0.2250804454088211
test_00196,0.510998010635376
test_00197,0.46663686633110046
test_00198,0.3935272693634033
test_00199,0.4571364223957062
test_00200,0.26085737347602844
test_00201,0.6352972388267517
test_00202,0.09820329397916794
test_00203,0.41629758477211
test_00204,0.32298552989959717
test_00205,0.6511831879615784
test_00206,0.6455473899841309
test_00207,0.4262697994709015
test_00208,0.4270879924297333
test_00209,0.48821499943733215
test_00210,0.4276769459247589
test_00211,0.5899572372436523
test_00212,0.5168665051460266
test_00213,0.1642889380455017
test_00214,0.31801703572273254
test_00215,0.5240000486373901
test_00216,0.5647664070129395
test_00217,0.677453875541687
test_00218,0.5683364272117615
test_00219,0.3280368149280548
test_00220,0.5352805852890015
test_00221,0.3301582634449005
test_00222,0.46953463554382324
test_00223,0.5327976942062378
test_00224,0.6939199566841125
test_00225,0.5816714763641357
test_00226,0.4158576428890228
test_00227,0.7496674656867981
test_00228,0.4910128712654114
test_00229,0.4265764057636261
test_00230,0.35225653648376465
test_00231,0.30585572123527527
test_00232,0.4426487982273102
test_00233,0.3687315583229065
test_00234,0.2570499777793884
test_00235,0.4584522545337677
test_00236,0.5919913649559021
test_00237,0.2050868421792984
test_00238,0.5748955011367798
test_00239,0.5141611695289612
test_00240,0.5714449882507324
test_00241,0.5690221190452576
test_00242,0.3412318527698517
test_00243,0.27317357063293457
test_00244,0.4854435324668884
test_00245,0.5732616782188416
test_00246,0.2673720121383667
test_00247,0.8032332062721252
test_00248,0.20179635286331177
test_00249,0.5402161478996277
test_00250,0.5026164650917053
test_00251,0.4860949218273163
test_00252,0.3987949788570404
test_00253,0.505236029624939
test_00254,0.5139412879943848
test_00255,0.43098390102386475
test_00256,0.5353602766990662
test_00257,0.6195263862609863
test_00258,0.15895937383174896
test_00259,0.27692145109176636
test_00260,0.3494245707988739
test_00261,0.4414599537849426
test_00262,0.4911651611328125
test_00263,0.5010654926300049
test_00264,0.6378896832466125
test_00265,0.36525774002075195
test_00266,0.21141062676906586
test_00267,0.5017096996307373
test_00268,0.44146618247032166
test_00269,0.45042866468429565
test_00270,0.4856124818325043
test_00271,0.16175776720046997
test_00272,0.48523372411727905
test_00273,0.4661044180393219
test_00274,0.5194522142410278
test_00275,0.5246900916099548
test_00276,0.5878162980079651
test_00277,0.3201562166213989
test_00278,0.4034656286239624
test_00279,0.4198397397994995
test_00280,0.2883937954902649
test_00281,0.7597819566726685
test_00282,0.5762887597084045
test_00283,0.7615251541137695
test_00284,0.2902810573577881
test_00285,0.5378624200820923
test_00286,0.5150678157806396
test_00287,0.6259218454360962
test_00288,0.2980138063430786
test_00289,0.5250845551490784
test_00290,0.6598125696182251
test_00291,0.5616713762283325
test_00292,0.5913562774658203
test_00293,0.5139603614807129
test_00294,0.5338106751441956
test_00295,0.29117825627326965
test_00296,0.24024297297000885
test_00297,0.28006258606910706
test_00298,0.5140389204025269
test_00299,0.38906002044677734
test_00300,0.4683873653411865
test_00301,0.2977258861064911
test_00302,0.455830454826355
test_00303,0.2933914363384247
test_00304,0.42420217394828796
test_00305,0.42248138785362244
test_00306,0.4878620207309723
test_00307,0.4913269579410553
test_00308,0.5131012797355652
test_00309,0.18365852534770966
test_00310,0.47776395082473755
test_00311,0.448231041431427
test_00312,0.2888765037059784
test_00313,0.45992621779441833
test_00314,0.31009405851364136
test_00315,0.5499494671821594
test_00316,0.18332934379577637
test_00317,0.15460139513015747
test_00318,0.46471065282821655
test_00319,0.3837181329727173
test_00320,0.46053266525268555
test_00321,0.4864199161529541
test_00322,0.4669615924358368
test_00323,0.4445149898529053
test_00324,0.5003586411476135
test_00325,0.2470627874135971
test_00326,0.638343334197998
test_00327,0.4841119647026062
test_00328,0.36548230051994324
test_00329,0.14171011745929718
test_00330,0.3653958737850189
test_00331,0.492544949054718
test_00332,0.5190986394882202
test_00333,0.3649241626262665
test_00334,0.45380017161369324
test_00335,0.5282588005065918
test_00336,0.40310555696487427
test_00337,0.4271039068698883
test_00338,0.5037915110588074
test_00339,0.5293417572975159
test_00340,0.24730868637561798
test_00341,0.5864015817642212
test_00342,0.42235249280929565
test_00343,0.47445133328437805
test_00344,0.42388004064559937
test_00345,0.5165770649909973
test_00346,0.5224282741546631
test_00347,0.5555519461631775
test_00348,0.4959960877895355
test_00349,0.2856573164463043
test_00350,0.34807515144348145
test_00351,0.43721818923950195
test_00352,0.6380686163902283
test_00353,0.6193047761917114
test_00354,0.14472289383411407
test_00355,0.331525057554245
test_00356,0.7240879535675049
test_00357,0.32661786675453186
test_00358,0.31703415513038635
test_00359,0.5577560663223267
test_00360,0.3421362638473511
test_00361,0.6381805539131165
test_00362,0.552532434463501
test_00363,0.5046278238296509
test_00364,0.2388215810060501
test_00365,0.38689205050468445
test_00366,0.44273149967193604
test_00367,0.47867926955223083
test_00368,0.46396058797836304
test_00369,0.6282101273536682
test_00370,0.27015969157218933
test_00371,0.5338811874389648
test_00372,0.38336181640625
test_00373,0.5174550414085388
test_00374,0.3989354372024536
test_00375,0.7029343843460083
test_00376,0.49947935342788696
test_00377,0.5256614089012146
test_00378,0.4576829969882965
test_00379,0.5559746623039246
test_00380,0.19090165197849274
test_00381,0.17031002044677734
test_00382,0.4226340651512146
test_00383,0.24810762703418732
test_00384,0.6308521032333374
test_00385,0.19894815981388092
test_00386,0.4630700349807739
test_00387,0.4424095153808594
test_00388,0.2539384961128235
test_00389,0.524431049823761
test_00390,0.4756908416748047
test_00391,0.5384415984153748
test_00392,0.3314114809036255
test_00393,0.6371455788612366
test_00394,0.725648820400238
test_00395,0.24333149194717407
test_00396,0.6264286041259766
test_00397,0.15701302886009216
test_00398,0.32332393527030945
test_00399,0.5295863747596741
test_00400,0.4967646896839142
test_00401,0.6393669843673706
test_00402,0.4605999290943146
test_00403,0.3568163514137268
test_00404,0.6020294427871704
test_00405,0.5229294896125793
test_00406,0.4577013850212097
test_00407,0.48361948132514954
test_00408,0.4664306640625
test_00409,0.4398629069328308
test_00410,0.4553121030330658
test_00411,0.37289708852767944
test_00412,0.3687075972557068
test_00413,0.38184258341789246
test_00414,0.5278480052947998
test_00415,0.23761893808841705
test_00416,0.4637506306171417
test_00417,0.5536941289901733
test_00418,0.391198068857193
test_00419,0.46969300508499146
test_00420,0.44007012248039246
test_00421,0.07635302096605301
test_00422,0.6849920749664307
test_00423,0.34435343742370605
test_00424,0.6091952323913574
test_00425,0.44017091393470764
test_00426,0.5109436511993408
test_00427,0.30082762241363525
test_00428,0.2851957380771637
test_00429,0.6614543199539185
test_00430,0.42929938435554504
test_00431,0.4748219847679138
test_00432,0.4591701030731201
test_00433,0.6605682969093323
test_00434,0.3727521300315857
test_00435,0.42607927322387695
test_00436,0.41823849081993103
test_00437,0.22042545676231384
test_00438,0.267196387052536
test_00439,0.2984747886657715
test_00440,0.5206052660942078
test_00441,0.6125176548957825
test_00442,0.39627066254615784
test_00443,0.10171741992235184
test_00444,0.4553516209125519
test_00445,0.3310255706310272
test_00446,0.48444437980651855
test_00447,0.5020331740379333
test_00448,0.5518421530723572
test_00449,0.4619083106517792
test_00450,0.4686298966407776
test_00451,0.45150330662727356
test_00452,0.4375725984573364
test_00453,0.35657790303230286
test_00454,0.3163584768772125
test_00455,0.5131964087486267
test_00456,0.5814501643180847
test_00457,0.18744653463363647
test_00458,0.4121911823749542
test_00459,0.426897794008255
test_00460,0.23491863906383514
test_00461,0.5923911333084106
test_00462,0.3888280689716339
test_00463,0.4966367483139038
test_00464,0.6101772785186768
test_00465,0.3451329171657562
test_00466,0.45846182107925415
test_00467,0.5315551161766052
test_00468,0.373320072889328
test_00469,0.5222258567810059
test_00470,0.5875192880630493
test_00471,0.5571462512016296
test_00472,0.5306646823883057
test_00473,0.20696014165878296
test_00474,0.5413426756858826
test_00475,0.5014458894729614
test_00476,0.5021921992301941
test_00477,0.5255010724067688
test_00478,0.31418728828430176
test_00479,0.5485346913337708
test_00480,0.08487646281719208
test_00481,0.42903932929039
test_00482,0.21824322640895844
test_00483,0.7098543047904968
test_00484,0.6496592164039612
test_00485,0.3183342516422272
test_00486,0.3838438391685486
test_00487,0.5580341815948486
test_00488,0.4379100203514099
test_00489,0.18652944266796112
test_00490,0.1631654053926468
test_00491,0.47030109167099
test_00492,0.6051846146583557
test_00493,0.38584938645362854
test_00494,0.23109059035778046
test_00495,0.21626554429531097
test_00496,0.4237033724784851
test_00497,0.46329760551452637
test_00498,0.1501927226781845
test_00499,0.6372671723365784
test_00500,0.5299690961837769
test_00501,0.5899470448493958
test_00502,0.19638177752494812
test_00503,0.3674674332141876
test_00504,0.3205086886882782
test_00505,0.45639899373054504
test_00506,0.5809471011161804
test_00507,0.4203304052352905
test_00508,0.4383249282836914
test_00509,0.39423084259033203
test_00510,0.3904860019683838
test_00511,0.37269315123558044
test_00512,0.459197998046875
test_00513,0.35037747025489807
test_00514,0.4938174784183502
test_00515,0.5525545477867126
test_00516,0.4735338091850281
test_00517,0.19210925698280334
test_00518,0.4441342055797577
test_00519,0.36083757877349854
test_00520,0.44745495915412903
test_00521,0.4950072765350342
test_00522,0.6113441586494446
test_00523,0.4855966866016388
test_00524,0.3914889693260193
test_00525,0.8386958241462708
test_00526,0.43002888560295105
test_00527,0.29684901237487793
test_00528,0.3880206048488617
test_00529,0.6038426160812378
test_00530,0.13630756735801697
test_00531,0.3196021318435669
test_00532,0.7287545800209045
test_00533,0.5060581564903259
test_00534,0.368421345949173
test_00535,0.5145684480667114
test_00536,0.4715764820575714
test_00537,0.3192251920700073
test_00538,0.5010374188423157
test_00539,0.4547399580478668
test_00540,0.15770672261714935
test_00541,0.7304174900054932
test_00542,0.5761764049530029
test_00543,0.5781204700469971
test_00544,0.22715424001216888
test_00545,0.43444234132766724
test_00546,0.551454484462738
test_00547,0.5065823197364807
test_00548,0.5401346683502197
test_00549,0.4229190945625305
test_00550,0.29588791728019714
test_00551,0.3506387770175934
test_00552,0.575690507888794
test_00553,0.5798743367195129
test_00554,0.22943514585494995
test_00555,0.18251651525497437
test_00556,0.3204129934310913
test_00557,0.5271921157836914
test_00558,0.705263078212738
test_00559,0.3363076150417328
test_00560,0.25662583112716675
test_00561,0.2902214527130127
test_00562,0.42500510811805725
test_00563,0.425293505191803
test_00564,0.47681042551994324
test_00565,0.5120233297348022
test_00566,0.4108514189720154
test_00567,0.49354425072669983
test_00568,0.45303186774253845
test_00569,0.450041800737381
test_00570,0.5603840947151184
test_00571,0.42253684997558594
test_00572,0.5459796190261841
test_00573,0.20169422030448914
test_00574,0.4072299599647522
test_00575,0.3726641833782196
test_00576,0.39896515011787415
test_00577,0.3523017466068268
test_00578,0.7320641279220581
test_00579,0.6868852972984314
test_00580,0.3779001832008362
test_00581,0.4677039384841919
test_00582,0.32969236373901367
test_00583,0.4582337737083435
test_00584,0.21007901430130005
test_00585,0.2597290277481079
test_00586,0.48848384618759155
test_00587,0.23374821245670319
test_00588,0.4551667273044586
test_00589,0.21283407509326935
test_00590,0.5422872304916382
test_00591,0.39492759108543396
test_00592,0.44107937812805176
test_00593,0.263041615486145
test_00594,0.7368136048316956
test_00595,0.46050116419792175
test_00596,0.5379036664962769
test_00597,0.6395736336708069
test_00598,0.5741991996765137
test_00599,0.2814439535140991
test_00600,0.5007621049880981
test_00601,0.5555673241615295
test_00602,0.5275192260742188
test_00603,0.6250119805335999
test_00604,0.436381995677948
test_00605,0.6709340214729309
test_00606,0.4483865797519684
test_00607,0.20659039914608002
test_00608,0.4704487919807434
test_00609,0.35520607233047485
test_00610,0.384935200214386
test_00611,0.3238486051559448
test_00612,0.5178079605102539
test_00613,0.4346112906932831
test_00614,0.7978813052177429
test_00615,0.39029064774513245
test_00616,0.4896027147769928
test_00617,0.5288890600204468
test_00618,0.34293633699417114
test_00619,0.3463653326034546
test_00620,0.51378333568573
test_00621,0.43158668279647827
test_00622,0.5731338858604431
test_00623,0.429866760969162
test_00624,0.7288107872009277
test_00625,0.16545067727565765
test_00626,0.5500273108482361
test_00627,0.537156343460083
test_00628,0.49846702814102173
test_00629,0.4480549395084381
test_00630,0.3832033574581146
test_00631,0.4350392520427704
test_00632,0.5600735545158386
test_00633,0.5635728240013123
test_00634,0.6008106470108032
test_00635,0.5644552707672119
test_00636,0.5440740585327148
test_00637,0.7197155952453613
test_00638,0.6346847414970398
test_00639,0.46401694416999817
test_00640,0.4540698826313019
test_00641,0.6699154376983643
test_00642,0.07591985911130905
test_00643,0.3691071569919586
test_00644,0.3906260132789612
test_00645,0.696596086025238
test_00646,0.41260603070259094
test_00647,0.4985406696796417
test_00648,0.28729599714279175
test_00649,0.24929538369178772
test_00650,0.4539262056350708
test_00651,0.6754546761512756
test_00652,0.19110719859600067
test_00653,0.3745901882648468
test_00654,0.5466091632843018
test_00655,0.6578553318977356
test_00656,0.23695090413093567
test_00657,0.4045945107936859
test_00658,0.14986805617809296
test_00659,0.4531291723251343
test_00660,0.31797870993614197
test_00661,0.5543583631515503
test_00662,0.4052625894546509
test_00663,0.5482791066169739
test_00664,0.42119115591049194
test_00665,0.5327726006507874
test_00666,0.633051872253418
test_00667,0.3116484582424164
test_00668,0.4660293161869049
test_00669,0.45498108863830566
test_00670,0.5326829552650452
test_00671,0.24849830567836761
test_00672,0.5177690982818604
test_00673,0.1819266825914383
test_00674,0.5811512470245361
test_00675,0.4437480568885803
test_00676,0.5591241717338562
test_00677,0.3428531587123871
test_00678,0.6771030426025391
test_00679,0.5575478076934814
test_00680,0.2800069749355316
test_00681,0.44462841749191284
test_00682,0.45359960198402405
test_00683,0.45411574840545654
test_00684,0.3993602991104126
test_00685,0.3223922550678253
test_00686,0.6287221312522888
test_00687,0.1179070994257927
test_00688,0.28896647691726685
test_00689,0.47743502259254456
test_00690,0.4827224612236023
test_00691,0.5577722787857056
test_00692,0.9433280825614929
test_00693,0.50018310546875
test_00694,0.43143606185913086
test_00695,0.5863916277885437
test_00696,0.34601736068725586
test_00697,0.47879570722579956
test_00698,0.5619102716445923
test_00699,0.559223473072052
test_00700,0.16068021953105927
test_00701,0.34555956721305847
test_00702,0.718417763710022
test_00703,0.3551836311817169
test_00704,0.4235307574272156
test_00705,0.5356069207191467
test_00706,0.5320110321044922
test_00707,0.38049882650375366
test_00708,0.4031650722026825
test_00709,0.3279048502445221
test_00710,0.526161789894104
test_00711,0.6043215394020081
test_00712,0.15193334221839905
test_00713,0.543229877948761
test_00714,0.4415639638900757
test_00715,0.5365748405456543
test_00716,0.5699422955513
test_00717,0.3888911008834839
test_00718,0.5305061340332031
test_00719,0.4426732361316681
test_00720,0.5185591578483582
test_00721,0.40908002853393555
test_00722,0.38809189200401306
test_00723,0.6078060865402222
test_00724,0.7403361201286316
test_00725,0.48426708579063416
test_00726,0.44961339235305786
test_00727,0.451240211725235
test_00728,0.45067739486694336
test_00729,0.4205971360206604
test_00730,0.568705141544342
test_00731,0.31421077251434326
test_00732,0.49023905396461487
test_00733,0.41238686442375183
test_00734,0.5135527849197388
test_00735,0.5421488285064697
test_00736,0.7267206907272339
test_00737,0.5641149878501892
test_00738,0.5543527603149414
test_00739,0.45800915360450745
test_00740,0.6292889714241028
test_00741,0.399236798286438
test_00742,0.4795018136501312
test_00743,0.20134322345256805
test_00744,0.4107286334037781
test_00745,0.3999929130077362
test_00746,0.5821980237960815
test_00747,0.4492189288139343
test_00748,0.08581220358610153
test_00749,0.34081563353538513
test_00750,0.38486844301223755
test_00751,0.7291690111160278
test_00752,0.41143596172332764
test_00753,0.416226863861084
test_00754,0.7189295887947083
test_00755,0.39039790630340576
test_00756,0.5170719027519226
test_00757,0.5629703402519226
test_00758,0.4978671371936798
test_00759,0.2546992003917694
test_00760,0.08962607383728027
test_00761,0.48946627974510193
test_00762,0.3687026798725128
test_00763,0.4522985816001892
test_00764,0.48496997356414795
test_00765,0.14296193420886993
test_00766,0.4109726548194885
test_00767,0.5603469610214233
test_00768,0.27291175723075867
test_00769,0.2216303050518036
test_00770,0.4623861610889435
test_00771,0.27342522144317627
test_00772,0.6113739609718323
test_00773,0.29798874258995056
test_00774,0.5281069278717041
test_00775,0.38502198457717896
test_00776,0.4015628695487976
test_00777,0.20482216775417328
test_00778,0.5890157222747803
test_00779,0.23364008963108063
test_00780,0.37179380655288696
test_00781,0.5511429309844971
test_00782,0.33672788739204407
test_00783,0.44562408328056335
test_00784,0.5613539814949036
test_00785,0.48473575711250305
test_00786,0.293414831161499
test_00787,0.30590301752090454
test_00788,0.3014659583568573
test_00789,0.481996089220047
test_00790,0.407370001077652
test_00791,0.32720401883125305
test_00792,0.46275320649147034
test_00793,0.18391551077365875
test_00794,0.5504218935966492
test_00795,0.585131824016571
test_00796,0.53896164894104
test_00797,0.49005216360092163
test_00798,0.3305850327014923
test_00799,0.3822534382343292
test_00800,0.5270236730575562
test_00801,0.4160230755805969
test_00802,0.1759820431470871
test_00803,0.446561336517334
test_00804,0.37240099906921387
test_00805,0.46834439039230347
test_00806,0.5064616203308105
test_00807,0.3608749210834503
test_00808,0.29805073142051697
test_00809,0.4587255120277405
test_00810,0.49024662375450134
test_00811,0.6137360334396362
test_00812,0.7513575553894043
test_00813,0.4982739984989166
test_00814,0.32941025495529175
test_00815,0.37986791133880615
test_00816,0.5774144530296326
test_00817,0.4941650629043579
test_00818,0.49552980065345764
test_00819,0.5856574177742004
test_00820,0.4985194206237793
test_00821,0.6624922752380371
test_00822,0.2287004441022873
test_00823,0.2640325129032135
test_00824,0.5351037979125977
test_00825,0.4633312225341797
test_00826,0.4657614231109619
test_00827,0.3245014548301697
test_00828,0.5182936191558838
test_00829,0.5703001022338867
test_00830,0.508539617061615
test_00831,0.35961952805519104
test_00832,0.49048683047294617
test_00833,0.43042075634002686
test_00834,0.5242332220077515
test_00835,0.3106812834739685
test_00836,0.4063273072242737
test_00837,0.5576043128967285
test_00838,0.24908354878425598
test_00839,0.3817293345928192
test_00840,0.6031814813613892
test_00841,0.4921208918094635
test_00842,0.4836965501308441
test_00843,0.4391176104545593
test_00844,0.6359843611717224
test_00845,0.3413563072681427
test_00846,0.20320403575897217
test_00847,0.573868453502655
test_00848,0.2570921778678894
test_00849,0.6213602423667908
test_00850,0.4193412959575653
test_00851,0.5778364539146423
test_00852,0.2576713562011719
test_00853,0.3967095613479614
test_00854,0.5597176551818848
test_00855,0.4816819131374359
test_00856,0.3737124502658844
test_00857,0.30817118287086487
test_00858,0.3925670087337494
test_00859,0.28005722165107727
test_00860,0.4772595465183258
test_00861,0.5690549612045288
test_00862,0.20305517315864563
test_00863,0.49198153614997864
test_00864,0.2635776400566101
test_00865,0.6445072293281555
test_00866,0.4643292725086212
test_00867,0.4415242373943329
test_00868,0.1656460464000702
test_00869,0.263869971036911
test_00870,0.44195154309272766
test_00871,0.4358261227607727
test_00872,0.37831446528434753
test_00873,0.5236771702766418
test_00874,0.31801074743270874
test_00875,0.4724692404270172
test_00876,0.39493635296821594
test_00877,0.4846416413784027
test_00878,0.3672381341457367
test_00879,0.3889690041542053
test_00880,0.684963583946228
test_00881,0.38503140211105347
test_00882,0.8202993869781494
test_00883,0.459027498960495
test_00884,0.6484296321868896
test_00885,0.18596196174621582
test_00886,0.2835865616798401
test_00887,0.5318423509597778
test_00888,0.45401784777641296
test_00889,0.36990004777908325
test_00890,0.4393687844276428
test_00891,0.5780770778656006
test_00892,0.25159385800361633
test_00893,0.34973737597465515
test_00894,0.5507591962814331
test_00895,0.5940033793449402
test_00896,0.6165878772735596
test_00897,0.4811491370201111
test_00898,0.12983213365077972
test_00899,0.4547877907752991
test_00900,0.47288909554481506
test_00901,0.5490784645080566
test_00902,0.52685546875
test_00903,0.4709669351577759
test_00904,0.7500239014625549
test_00905,0.5319789052009583
test_00906,0.3912884593009949
test_00907,0.4249092638492584
test_00908,0.5525577068328857
test_00909,0.37381988763809204
test_00910,0.21607203781604767
test_00911,0.5497851371765137
test_00912,0.33606818318367004
test_00913,0.5363787412643433
test_00914,0.4650577902793884
test_00915,0.6463575959205627
test_00916,0.5147295594215393
test_00917,0.3088787794113159
test_00918,0.4697311222553253
test_00919,0.6632004380226135
test_00920,0.48247048258781433
test_00921,0.5321246385574341
test_00922,0.37868639826774597
test_00923,0.5684951543807983
test_00924,0.5903763771057129
test_00925,0.3519759178161621
test_00926,0.24445125460624695
test_00927,0.5195022225379944
test_00928,0.724728524684906
test_00929,0.4441644549369812
test_00930,0.4202212691307068
test_00931,0.34051513671875
test_00932,0.6793346405029297
test_00933,0.40881091356277466
test_00934,0.5773403644561768
test_00935,0.46853527426719666
test_00936,0.6189181208610535
test_00937,0.5451167821884155
test_00938,0.2329336553812027
test_00939,0.672608494758606
test_00940,0.12569807469844818
test_00941,0.5712384581565857
test_00942,0.4107314348220825
test_00943,0.4261631667613983
test_00944,0.4193761348724365
test_00945,0.3814070522785187
test_00946,0.45708686113357544
test_00947,0.540931761264801
test_00948,0.1393354833126068
test_00949,0.19715291261672974
test_00950,0.497751384973526
test_00951,0.6849749088287354
test_00952,0.48359671235084534
test_00953,0.3139481544494629
test_00954,0.44239363074302673
test_00955,0.5881887078285217
test_00956,0.47202855348587036
test_00957,0.5333510041236877
test_00958,0.4450879991054535
test_00959,0.2975488007068634
test_00960,0.6714931726455688
test_00961,0.4013437330722809
test_00962,0.13785724341869354
test_00963,0.4755951464176178
test_00964,0.3634825050830841
test_00965,0.553867518901825
test_00966,0.4121722877025604
test_00967,0.5363717675209045
test_00968,0.6272611618041992
test_00969,0.5080485343933105
test_00970,0.5918679237365723
test_00971,0.3191811144351959
test_00972,0.4760317802429199
test_00973,0.5023805499076843
test_00974,0.20427098870277405
test_00975,0.7797728776931763
test_00976,0.5289117693901062
test_00977,0.5127811431884766
test_00978,0.6016988158226013
test_00979,0.4364599287509918
test_00980,0.48168128728866577
test_00981,0.24227407574653625
test_00982,0.37617096304893494
test_00983,0.13451799750328064
test_00984,0.32372117042541504
test_00985,0.47649094462394714
test_00986,0.38505300879478455
test_00987,0.6650469303131104
test_00988,0.31180495023727417
test_00989,0.6015830636024475
test_00990,0.21023030579090118
test_00991,0.3853912353515625
test_00992,0.37784990668296814
test_00993,0.4276104271411896
test_00994,0.416634202003479
test_00995,0.34411776065826416
test_00996,0.7206020355224609
test_00997,0.542643666267395
test_00998,0.4854540526866913
test_00999,0.37331223487854004
test_01000,0.34799110889434814
test_01001,0.44859087467193604
test_01002,0.6206398606300354
test_01003,0.31210389733314514
test_01004,0.5181472897529602
test_01005,0.4759126603603363
test_01006,0.5256710648536682
test_01007,0.4806581735610962
test_01008,0.5360327363014221
test_01009,0.5283163785934448
test_01010,0.46516016125679016
test_01011,0.3499935269355774
test_01012,0.3192238211631775
test_01013,0.427436888217926
test_01014,0.44163528084754944
test_01015,0.2702842652797699
test_01016,0.6096806526184082
test_01017,0.22180062532424927
test_01018,0.5423322319984436
test_01019,0.2692922353744507
test_01020,0.422559529542923
test_01021,0.5669755339622498
test_01022,0.17756003141403198
test_01023,0.6101598143577576
test_01024,0.14243926107883453
test_01025,0.3078761100769043
test_01026,0.7515588402748108
test_01027,0.36219698190689087
test_01028,0.1867685317993164
test_01029,0.3040146231651306
test_01030,0.4727587103843689
test_01031,0.3507962226867676
test_01032,0.606580913066864
test_01033,0.4565136432647705
test_01034,0.5983579158782959
test_01035,0.21925438940525055
test_01036,0.44494855403900146
test_01037,0.5398941040039062
test_01038,0.2755656838417053
test_01039,0.40337350964546204
test_01040,0.21151526272296906
test_01041,0.4834270477294922
test_01042,0.14772985875606537
test_01043,0.18195798993110657
test_01044,0.5962923169136047
test_01045,0.22086559236049652
test_01046,0.5953601002693176
test_01047,0.3536607325077057
test_01048,0.602267861366272
test_01049,0.29993584752082825
test_01050,0.11636846512556076
test_01051,0.2100679874420166
test_01052,0.5517277717590332
test_01053,0.5244119763374329
test_01054,0.5371755957603455
test_01055,0.5943118333816528
test_01056,0.2719956040382385
test_01057,0.5893591642379761
test_01058,0.4928957223892212
test_01059,0.4766298830509186
test_01060,0.4830353856086731
test_01061,0.25350990891456604
test_01062,0.3526620864868164
test_01063,0.4590836465358734
test_01064,0.49305036664009094
test_01065,0.6745630502700806
test_01066,0.5702527165412903
test_01067,0.38765767216682434
test_01068,0.5815511345863342
test_01069,0.2668980062007904
test_01070,0.3079495131969452
test_01071,0.4483242630958557
test_01072,0.37346479296684265
test_01073,0.463639497756958
test_01074,0.25380823016166687
test_01075,0.24910911917686462
test_01076,0.4549526572227478
test_01077,0.5661696791648865
test_01078,0.4971218407154083
test_01079,0.5232974290847778
test_01080,0.5290871262550354
test_01081,0.5356389284133911
test_01082,0.2906569242477417
test_01083,0.44169995188713074
test_01084,0.6325128674507141
test_01085,0.6569638252258301
test_01086,0.5845708250999451
test_01087,0.7044234275817871
test_01088,0.38183149695396423
test_01089,0.15669286251068115
test_01090,0.49027585983276367
test_01091,0.4518088400363922
test_01092,0.5241258144378662
test_01093,0.4793942868709564
test_01094,0.5267915725708008
test_01095,0.498725563287735
test_01096,0.7058226466178894
test_01097,0.5026180744171143
test_01098,0.4172956347465515
test_01099,0.397393137216568
test_01100,0.3086412847042084
test_01101,0.6059513092041016
test_01102,0.6135048866271973
test_01103,0.43181413412094116
test_01104,0.5562669038772583
test_01105,0.3860854506492615
test_01106,0.48577287793159485
test_01107,0.22312869131565094
test_01108,0.3916793763637543
test_01109,0.33430859446525574
test_01110,0.51638263463974
test_01111,0.4798327088356018
test_01112,0.3896734416484833
test_01113,0.4218065142631531
test_01114,0.416665643453598
test_01115,0.2135586142539978
test_01116,0.5369345545768738
test_01117,0.3116801083087921
test_01118,0.2600543797016144
test_01119,0.2891521155834198
test_01120,0.35048800706863403
test_01121,0.42474016547203064
test_01122,0.234601229429245
test_01123,0.4088186025619507
test_01124,0.569531261920929
test_01125,0.14902856945991516
test_01126,0.48759740591049194
test_01127,0.48089906573295593
test_01128,0.33538854122161865
test_01129,0.4930608570575714
test_01130,0.3421384394168854
test_01131,0.46716979146003723
test_01132,0.5208186507225037
test_01133,0.3411005139350891
test_01134,0.5166862607002258
test_01135,0.33648401498794556
test_01136,0.37307241559028625
test_01137,0.42026451230049133
test_01138,0.19452571868896484
test_01139,0.47305119037628174
test_01140,0.4533720016479492
test_01141,0.3534913957118988
test_01142,0.2163964807987213
test_01143,0.5993871688842773
test_01144,0.4771822392940521
test_01145,0.4030722677707672
test_01146,0.22519105672836304
test_01147,0.28963860869407654
test_01148,0.4337453842163086
test_01149,0.5936883091926575
test_01150,0.5283293128013611
test_01151,0.31883302330970764
test_01152,0.4490097165107727
test_01153,0.6481443047523499
test_01154,0.40710702538490295
test_01155,0.3199009597301483
test_01156,0.5888159871101379
test_01157,0.22356024384498596
test_01158,0.4179913103580475
test_01159,0.5896570086479187
test_01160,0.5375877022743225
test_01161,0.5822904706001282
test_01162,0.571636974811554
test_01163,0.49797382950782776
test_01164,0.32310590147972107
test_01165,0.4962557554244995
test_01166,0.2898727357387543
test_01167,0.39776381850242615
test_01168,0.4603744447231293
test_01169,0.5004440546035767
test_01170,0.5051063895225525
test_01171,0.48425260186195374
test_01172,0.47212448716163635
test_01173,0.5404224395751953
test_01174,0.5796226859092712
test_01175,0.38913583755493164
test_01176,0.5555859804153442
test_01177,0.47465822100639343
test_01178,0.2692376673221588
test_01179,0.5615088939666748
test_01180,0.42524150013923645
test_01181,0.2437204122543335
test_01182,0.48695996403694153
test_01183,0.3095109760761261
test_01184,0.4146749973297119
test_01185,0.3009515404701233
test_01186,0.4000101089477539
test_01187,0.4504985809326172
test_01188,0.4508802890777588
test_01189,0.4814416170120239
test_01190,0.27632248401641846
test_01191,0.15391510725021362
test_01192,0.4163814187049866
test_01193,0.38206538558006287
test_01194,0.6792344450950623
test_01195,0.46284037828445435
test_01196,0.4640081226825714
test_01197,0.6064983606338501
test_01198,0.4043393135070801
test_01199,0.5540323853492737
test_01200,0.46647948026657104
test_01201,0.5944926142692566
test_01202,0.5223027467727661
test_01203,0.42206501960754395
test_01204,0.43782225251197815
test_01205,0.45553213357925415
test_01206,0.35051295161247253
test_01207,0.3484225273132324
test_01208,0.6016703248023987
test_01209,0.2389155477285385
test_01210,0.4579499363899231
test_01211,0.47592443227767944
test_01212,0.4692409336566925
test_01213,0.38327863812446594
test_01214,0.5307685732841492
test_01215,0.5949427485466003
test_01216,0.5253835320472717
test_01217,0.5813887119293213
test_01218,0.3266980051994324
test_01219,0.4203067719936371
test_01220,0.47985756397247314
test_01221,0.4650200307369232
test_01222,0.569118082523346
test_01223,0.49917107820510864
test_01224,0.5878269672393799
test_01225,0.1807476431131363
test_01226,0.5516865253448486
test_01227,0.5166467428207397
test_01228,0.3622114956378937
test_01229,0.2699640691280365
test_01230,0.3527109622955322
test_01231,0.5419763326644897
test_01232,0.31195101141929626
test_01233,0.2487640082836151
test_01234,0.3762694299221039
test_01235,0.3885941207408905
test_01236,0.3520878553390503
test_01237,0.3031008541584015
test_01238,0.6134611964225769
test_01239,0.5454479455947876
test_01240,0.23950207233428955
test_01241,0.3290247321128845
test_01242,0.28182253241539
test_01243,0.09111599624156952
test_01244,0.5097289681434631
test_01245,0.34013184905052185
test_01246,0.3870706260204315
test_01247,0.5245773792266846
test_01248,0.2724981904029846
test_01249,0.4804561138153076
test_01250,0.37267038226127625
test_01251,0.15925389528274536
test_01252,0.10160177201032639
test_01253,0.47072190046310425
test_01254,0.377556174993515
test_01255,0.4275303781032562
test_01256,0.45564427971839905
test_01257,0.5114198923110962
test_01258,0.4229907691478729
test_01259,0.30339646339416504
test_01260,0.38094547390937805
test_01261,0.41957491636276245
test_01262,0.29670387506484985
test_01263,0.42465752363204956
test_01264,0.375478595495224
test_01265,0.6546443104743958
test_01266,0.25800588726997375
test_01267,0.3846600651741028
test_01268,0.3453826904296875
test_01269,0.6146025657653809
test_01270,0.522646963596344
test_01271,0.5304720401763916
test_01272,0.3908238112926483
test_01273,0.5350678563117981
test_01274,0.3386823534965515
test_01275,0.42091917991638184
test_01276,0.4771823585033417
test_01277,0.5220794081687927
test_01278,0.4387824535369873
test_01279,0.5603201389312744
test_01280,0.5325703620910645
test_01281,0.3472060561180115
test_01282,0.555084228515625
test_01283,0.2263067364692688
test_01284,0.48143360018730164
test_01285,0.5007518529891968
test_01286,0.28875744342803955
test_01287,0.7146173715591431
test_01288,0.6141369938850403
test_01289,0.50652015209198
test_01290,0.5602070093154907
test_01291,0.603219211101532
test_01292,0.7396004796028137
test_01293,0.5733885765075684
test_01294,0.4111006259918213
test_01295,0.39586740732192993
test_01296,0.4961080551147461
test_01297,0.4650263786315918
test_01298,0.37253594398498535
test_01299,0.5124894380569458
test_01300,0.355683833360672
test_01301,0.27238357067108154
test_01302,0.26260048151016235
test_01303,0.5065168738365173
test_01304,0.17165066301822662
test_01305,0.43363749980926514
test_01306,0.1307598203420639
test_01307,0.4241344630718231
test_01308,0.44265756011009216
test_01309,0.43281957507133484
test_01310,0.5706056356430054
test_01311,0.2605399787425995
test_01312,0.3656015694141388
test_01313,0.6591999530792236
test_01314,0.28776034712791443
test_01315,0.5738819241523743
test_01316,0.46158289909362793
test_01317,0.482912540435791
test_01318,0.4888280928134918
test_01319,0.3660759925842285
test_01320,0.3022746741771698
test_01321,0.45879000425338745
test_01322,0.4178215265274048
test_01323,0.48638397455215454
test_01324,0.5208705067634583
test_01325,0.25268277525901794
test_01326,0.33346137404441833
test_01327,0.15721680223941803
test_01328,0.2952202260494232
test_01329,0.38084501028060913
test_01330,0.4705745577812195
test_01331,0.4466123878955841
test_01332,0.5934506058692932
test_01333,0.313985675573349
test_01334,0.41194942593574524
test_01335,0.529413104057312
test_01336,0.24506407976150513
test_01337,0.45803239941596985
test_01338,0.4839324951171875
test_01339,0.5435477495193481
test_01340,0.4763806462287903
test_01341,0.24438029527664185
test_01342,0.2820405066013336
test_01343,0.5309792160987854
test_01344,0.6815890073776245
test_01345,0.29327884316444397
test_01346,0.44556427001953125
test_01347,0.47543346881866455
test_01348,0.4717632830142975
test_01349,0.6156591773033142
test_01350,0.5539781451225281
test_01351,0.40799278020858765
test_01352,0.49543774127960205
test_01353,0.3865966796875
test_01354,0.4761398434638977
test_01355,0.4557496905326843
test_01356,0.29685428738594055
test_01357,0.23057708144187927
test_01358,0.3113883137702942
test_01359,0.33669623732566833
test_01360,0.5026875138282776
test_01361,0.4166085422039032
test_01362,0.5400644540786743
test_01363,0.24576182663440704
test_01364,0.19250918924808502
test_01365,0.4552539587020874
test_01366,0.2450372725725174
test_01367,0.4328764081001282
test_01368,0.4706299602985382
test_01369,0.5858662724494934
test_01370,0.6057579517364502
test_01371,0.3254443109035492
test_01372,0.37354210019111633
test_01373,0.34204432368278503
test_01374,0.28797104954719543
test_01375,0.4017895460128784
test_01376,0.6179601550102234
test_01377,0.6406630277633667
test_01378,0.48271647095680237
test_01379,0.5357309579849243
test_01380,0.655170202255249
test_01381,0.5175250768661499
test_01382,0.3738657236099243
test_01383,0.6593867540359497
test_01384,0.4298441410064697
test_01385,0.2558263838291168
test_01386,0.41380423307418823
test_01387,0.3778265714645386
test_01388,0.3998734652996063
test_01389,0.29145967960357666
test_01390,0.5043776035308838
test_01391,0.49300453066825867
test_01392,0.5357653498649597
test_01393,0.44512274861335754
test_01394,0.5156156420707703
test_01395,0.5432518124580383
test_01396,0.6046876311302185
test_01397,0.43901732563972473
test_01398,0.24242979288101196
test_01399,0.318815141916275
test_01400,0.14371690154075623
test_01401,0.42440545558929443
test_01402,0.545635998249054
test_01403,0.5252374410629272
test_01404,0.12484299391508102
test_01405,0.41951224207878113
test_01406,0.2309221476316452
test_01407,0.4939519464969635
test_01408,0.5327236652374268
test_01409,0.27844229340553284
test_01410,0.5714812874794006
test_01411,0.46004021167755127
test_01412,0.574731707572937
test_01413,0.43187811970710754
test_01414,0.22956785559654236
test_01415,0.44136589765548706
test_01416,0.19728003442287445
test_01417,0.45461371541023254
test_01418,0.4299854338169098
test_01419,0.30079415440559387
test_01420,0.3910121023654938
test_01421,0.5138123035430908
test_01422,0.05765412747859955
test_01423,0.2728431224822998
test_01424,0.4264431595802307
test_01425,0.37656456232070923
test_01426,0.42464083433151245
test_01427,0.6076618432998657
test_01428,0.4041389226913452
test_01429,0.4588521420955658
test_01430,0.5025224685668945
test_01431,0.560926616191864
test_01432,0.7404011487960815
test_01433,0.49726369976997375
test_01434,0.3031888008117676
test_01435,0.4149656593799591
test_01436,0.44093674421310425
test_01437,0.09868734329938889
test_01438,0.4228459894657135
test_01439,0.5445365309715271
test_01440,0.37647661566734314
test_01441,0.5473629832267761
test_01442,0.2526772618293762
test_01443,0.4301918148994446
test_01444,0.5887054800987244
test_01445,0.5255013108253479
test_01446,0.3685223460197449
test_01447,0.35755226016044617
test_01448,0.42546653747558594
test_01449,0.37736421823501587
test_01450,0.3451763391494751
test_01451,0.49991121888160706
test_01452,0.3829647898674011
test_01453,0.44585591554641724
test_01454,0.3318999111652374
test_01455,0.4776444137096405
test_01456,0.3824002146720886
test_01457,0.4308722913265228
test_01458,0.44716185331344604
test_01459,0.37136930227279663
test_01460,0.39576199650764465
test_01461,0.41227397322654724
test_01462,0.39812272787094116
test_01463,0.35229021310806274
test_01464,0.5375207662582397
test_01465,0.41098958253860474
test_01466,0.40826040506362915
test_01467,0.38325035572052
test_01468,0.3663363754749298
test_01469,0.5580173134803772
test_01470,0.5216498970985413
test_01471,0.4153272211551666
test_01472,0.7189362049102783
test_01473,0.35769790410995483
test_01474,0.30834898352622986
test_01475,0.5226677656173706
test_01476,0.5702897310256958
test_01477,0.39927172660827637
test_01478,0.5393083691596985
test_01479,0.3003741502761841
test_01480,0.5580546855926514
test_01481,0.38121166825294495
test_01482,0.4624008536338806
test_01483,0.31570079922676086
test_01484,0.47594916820526123
test_01485,0.42225462198257446
test_01486,0.5205330848693848
test_01487,0.6173753142356873
test_01488,0.5709627866744995
test_01489,0.4998849928379059
test_01490,0.5236541628837585
test_01491,0.33815526962280273
test_01492,0.5198736786842346
test_01493,0.44245967268943787
test_01494,0.2820352613925934
test_01495,0.3575192987918854
test_01496,0.4748052656650543
test_01497,0.4286971092224121
test_01498,0.4184447228908539
test_01499,0.48867785930633545
test_01500,0.1953612118959427
test_01501,0.23135748505592346
test_01502,0.3486383259296417
test_01503,0.6133278012275696
test_01504,0.5414142608642578
test_01505,0.15963491797447205
test_01506,0.40346193313598633
test_01507,0.28326818346977234
test_01508,0.1353784203529358
test_01509,0.5522499084472656
test_01510,0.544814944267273
test_01511,0.17517732083797455
test_01512,0.6310727000236511
test_01513,0.2960602939128876
test_01514,0.3109920918941498
test_01515,0.5375232100486755
test_01516,0.49186626076698303
test_01517,0.6524229645729065
test_01518,0.4800489544868469
test_01519,0.649220883846283
test_01520,0.4966045320034027
test_01521,0.4600341022014618
test_01522,0.37573274970054626
test_01523,0.3622443377971649
test_01524,0.5317620635032654
test_01525,0.6734145879745483
test_01526,0.4184340238571167
test_01527,0.5695784091949463
test_01528,0.4421396553516388
test_01529,0.6338038444519043
test_01530,0.5840358734130859
test_01531,0.5529757142066956
test_01532,0.4057956337928772
test_01533,0.33400943875312805
test_01534,0.5715002417564392
test_01535,0.2036360204219818
test_01536,0.47148773074150085
test_01537,0.4753647744655609
test_01538,0.41657277941703796
test_01539,0.41891372203826904
test_01540,0.3334105908870697
test_01541,0.43195003271102905
test_01542,0.2228263020515442
test_01543,0.5113139152526855
test_01544,0.013151338323950768
test_01545,0.5106241106987
test_01546,0.31042763590812683
test_01547,0.19695627689361572
test_01548,0.46656835079193115
test_01549,0.49921101331710815
test_01550,0.5700870752334595
test_01551,0.6542269587516785
test_01552,0.23867905139923096
test_01553,0.42742809653282166
test_01554,0.434669554233551
test_01555,0.30627337098121643
test_01556,0.3783392012119293
test_01557,0.4455539286136627
test_01558,0.5595922470092773
test_01559,0.227007195353508
test_01560,0.33842843770980835
test_01561,0.4707898497581482
test_01562,0.40003615617752075
test_01563,0.46990907192230225
test_01564,0.5514918565750122
test_01565,0.45753052830696106
test_01566,0.5986173152923584
test_01567,0.39386922121047974
test_01568,0.5039247870445251
test_01569,0.5984365940093994
test_01570,0.41609275341033936
test_01571,0.2347574383020401
test_01572,0.615962028503418
test_01573,0.40052521228790283
test_01574,0.41283950209617615
test_01575,0.23815663158893585
test_01576,0.5529746413230896
test_01577,0.6603156924247742
test_01578,0.5895163416862488
test_01579,0.5587393045425415
test_01580,0.46233126521110535
test_01581,0.38029831647872925
test_01582,0.13403350114822388
test_01583,0.30536383390426636
test_01584,0.5341562032699585
test_01585,0.4867874085903168
test_01586,0.40943554043769836
test_01587,0.44116464257240295
test_01588,0.6378518342971802
test_01589,0.21113763749599457
test_01590,0.16312697529792786
test_01591,0.2797514498233795
test_01592,0.39271703362464905
test_01593,0.35304102301597595
test_01594,0.7512199282646179
test_01595,0.4857622981071472
test_01596,0.436283677816391
test_01597,0.41114261746406555
test_01598,0.7445980906486511
test_01599,0.5748823881149292
test_01600,0.5589032173156738
test_01601,0.2702590227127075
test_01602,0.4227065443992615
test_01603,0.7099080681800842
test_01604,0.5338103175163269
test_01605,0.45814332365989685
test_01606,0.5301686525344849
test_01607,0.34862247109413147
test_01608,0.24875551462173462
test_01609,0.2931758463382721
test_01610,0.4447018802165985
test_01611,0.37586966156959534
test_01612,0.4527527689933777
test_01613,0.6550813913345337
test_01614,0.20377133786678314
test_01615,0.5894304513931274
test_01616,0.5640448331832886
test_01617,0.49932628870010376
test_01618,0.37037673592567444
test_01619,0.5458680987358093
test_01620,0.5170543193817139
test_01621,0.5332720875740051
test_01622,0.1233515813946724
test_01623,0.5154045224189758
test_01624,0.7870066165924072
test_01625,0.16835393011569977
test_01626,0.2828211784362793
test_01627,0.1729474514722824
test_01628,0.22304491698741913
test_01629,0.5093560814857483
test_01630,0.25242871046066284
test_01631,0.5386520028114319
test_01632,0.48559197783470154
test_01633,0.2244967669248581
test_01634,0.46259036660194397
test_01635,0.4638618230819702
test_01636,0.6425542831420898
test_01637,0.1431020200252533
test_01638,0.32389459013938904
test_01639,0.2890973687171936
test_01640,0.5039345026016235
test_01641,0.36052489280700684
test_01642,0.5104895830154419
test_01643,0.3213743269443512
test_01644,0.5097039937973022
test_01645,0.2327827662229538
test_01646,0.6593968272209167
test_01647,0.408466100692749
test_01648,0.40301990509033203
test_01649,0.6555370688438416
test_01650,0.593037486076355
test_01651,0.44823315739631653
test_01652,0.48853880167007446
test_01653,0.3550333082675934
test_01654,0.6418352127075195
test_01655,0.35704198479652405
test_01656,0.5423130989074707
test_01657,0.5369002819061279
test_01658,0.1978975087404251
test_01659,0.41611889004707336
test_01660,0.3980523645877838
test_01661,0.4233068823814392
test_01662,0.45770788192749023
test_01663,0.5135936141014099
test_01664,0.5939213633537292
test_01665,0.3826483190059662
test_01666,0.40082767605781555
test_01667,0.5205336809158325
test_01668,0.42614245414733887
test_01669,0.22779959440231323
test_01670,0.27020689845085144
test_01671,0.3027873635292053
test_01672,0.13623805344104767
test_01673,0.22792251408100128
test_01674,0.20000791549682617
test_01675,0.4429093301296234
test_01676,0.4859960079193115
test_01677,0.42473629117012024
test_01678,0.36106744408607483
test_01679,0.19330015778541565
test_01680,0.512370765209198
test_01681,0.41663289070129395
test_01682,0.5935863256454468
test_01683,0.3769034445285797
test_01684,0.1399604082107544
test_01685,0.38885608315467834
test_01686,0.49966269731521606
test_01687,0.48618799448013306
test_01688,0.40099266171455383
test_01689,0.469122052192688
test_01690,0.3650180995464325
test_01691,0.5783670544624329
test_01692,0.4592931866645813
test_01693,0.25163188576698303
test_01694,0.385518342256546
test_01695,0.25157520174980164
test_01696,0.4590233564376831
test_01697,0.6303187012672424
test_01698,0.40044352412223816
test_01699,0.4981471002101898
test_01700,0.4601227343082428
test_01701,0.2864178419113159
test_01702,0.73630291223526
test_01703,0.4814473092556
test_01704,0.609686017036438
test_01705,0.4960985779762268
test_01706,0.44961097836494446
test_01707,0.5936427712440491
test_01708,0.2866442799568176
test_01709,0.11220991611480713
test_01710,0.44085830450057983
test_01711,0.4717978835105896
test_01712,0.6124079823493958
test_01713,0.4793441593647003
test_01714,0.2637404799461365
test_01715,0.5125108957290649
test_01716,0.47633716464042664
test_01717,0.4026907980442047
test_01718,0.4800812900066376
test_01719,0.5733190178871155
test_01720,0.527251660823822
test_01721,0.5271156430244446
test_01722,0.285075306892395
test_01723,0.23345297574996948
test_01724,0.4384651482105255
test_01725,0.5229784846305847
test_01726,0.5328226685523987
test_01727,0.6389362215995789
test_01728,0.2663749158382416
test_01729,0.44521579146385193
test_01730,0.331756055355072
test_01731,0.6647949814796448
test_01732,0.38590681552886963
test_01733,0.5182415843009949
test_01734,0.6509099006652832
test_01735,0.4647700786590576
test_01736,0.6271966099739075
test_01737,0.5394937992095947
test_01738,0.13085982203483582
test_01739,0.43152910470962524
test_01740,0.2665267288684845
test_01741,0.407496839761734
test_01742,0.47285184264183044
test_01743,0.2537615895271301
test_01744,0.37994030117988586
test_01745,0.547921359539032
test_01746,0.5088362693786621
test_01747,0.5236222147941589
test_01748,0.37417829036712646
test_01749,0.5132734775543213
test_01750,0.5699819326400757
test_01751,0.5020990967750549
test_01752,0.38794541358947754
test_01753,0.5104831457138062
test_01754,0.5196926593780518
test_01755,0.7101151347160339
test_01756,0.3087904751300812
test_01757,0.5005683898925781
test_01758,0.40843573212623596
test_01759,0.4741166830062866
test_01760,0.6588516235351562
test_01761,0.5393043160438538
test_01762,0.5558675527572632
test_01763,0.41701197624206543
test_01764,0.37984785437583923
test_01765,0.6706453561782837
test_01766,0.3764103055000305
test_01767,0.528369128704071
test_01768,0.5573916435241699
test_01769,0.8788273334503174
test_01770,0.6205036044120789
test_01771,0.41504889726638794
test_01772,0.4398021101951599
test_01773,0.38199299573898315
test_01774,0.239503413438797
test_01775,0.14707627892494202
test_01776,0.27924519777297974
test_01777,0.24725723266601562
test_01778,0.5974321961402893
test_01779,0.37491950392723083
test_01780,0.34981971979141235
test_01781,0.41145259141921997
test_01782,0.5644429922103882
test_01783,0.5200241804122925
test_01784,0.6168904304504395
test_01785,0.181737020611763
test_01786,0.4450111985206604
test_01787,0.4648125469684601
test_01788,0.5868215560913086
test_01789,0.43778660893440247
test_01790,0.4569818675518036
test_01791,0.3813971281051636
test_01792,0.5011947751045227
test_01793,0.3552400767803192
test_01794,0.2428736388683319
test_01795,0.38392600417137146
test_01796,0.4127598702907562
test_01797,0.23630653321743011
test_01798,0.1843135505914688
test_01799,0.16398528218269348
test_01800,0.2747875154018402
test_01801,0.4321029484272003
test_01802,0.5052632093429565
test_01803,0.6143919229507446
test_01804,0.4738280475139618
test_01805,0.4063529968261719
test_01806,0.5186436772346497
test_01807,0.4223998188972473
test_01808,0.3696290850639343
test_01809,0.5824896097183228
test_01810,0.6832790374755859
test_01811,0.558258056640625
test_01812,0.672393262386322
test_01813,0.3661463260650635
test_01814,0.5036166906356812
test_01815,0.601071834564209
test_01816,0.2640114426612854
test_01817,0.5115016102790833
test_01818,0.2718338370323181
test_01819,0.3248349726200104
test_01820,0.19876550137996674
test_01821,0.45059794187545776
test_01822,0.17504721879959106
test_01823,0.42434027791023254
test_01824,0.18119649589061737
test_01825,0.24485203623771667
test_01826,0.43285423517227173
test_01827,0.3799830675125122
test_01828,0.6584035754203796
test_01829,0.3768678605556488
test_01830,0.4877416491508484
test_01831,0.4802487790584564
test_01832,0.39035332202911377
test_01833,0.44802993535995483
test_01834,0.3474801182746887
test_01835,0.4094729721546173
test_01836,0.6946995258331299
test_01837,0.47763586044311523
test_01838,0.4000811278820038
test_01839,0.5265477299690247
test_01840,0.39081230759620667
test_01841,0.6757825016975403
test_01842,0.2917340099811554
test_01843,0.36701205372810364
test_01844,0.5049073696136475
test_01845,0.5211705565452576
test_01846,0.41553109884262085
test_01847,0.5278903245925903
test_01848,0.40006622672080994
test_01849,0.10370809584856033
test_01850,0.5181647539138794
test_01851,0.49967285990715027
test_01852,0.6161503195762634
test_01853,0.4775450527667999
test_01854,0.42221859097480774
test_01855,0.4200672209262848
test_01856,0.43123459815979004
test_01857,0.4678712785243988
test_01858,0.3773530125617981
test_01859,0.4241577088832855
test_01860,0.14473672211170197
test_01861,0.23041845858097076
test_01862,0.627647876739502
test_01863,0.2031361162662506
test_01864,0.5028272271156311
test_01865,0.4973723292350769
test_01866,0.6275322437286377
test_01867,0.37169620394706726
test_01868,0.4524042308330536
test_01869,0.6555699706077576
test_01870,0.44448867440223694
test_01871,0.5532630681991577
test_01872,0.358120858669281
test_01873,0.15057338774204254
test_01874,0.299451619386673
test_01875,0.5766220688819885
test_01876,0.37125954031944275
test_01877,0.5081431865692139
test_01878,0.36045628786087036
test_01879,0.5510029196739197
test_01880,0.456559419631958
test_01881,0.6011208891868591
test_01882,0.5188705325126648
test_01883,0.13874389231204987
test_01884,0.4146782159805298
test_01885,0.5301856398582458
test_01886,0.5955350399017334
test_01887,0.45290282368659973
test_01888,0.43540459871292114
test_01889,0.5288246273994446
test_01890,0.48187339305877686
test_01891,0.1238793209195137
test_01892,0.2483680248260498
test_01893,0.28624364733695984
test_01894,0.4616236388683319
test_01895,0.15200525522232056
test_01896,0.5523964762687683
test_01897,0.07755471020936966
test_01898,0.2650047242641449
test_01899,0.523674726486206
test_01900,0.48687052726745605
test_01901,0.6096414923667908
test_01902,0.4043586552143097
test_01903,0.2338554412126541
test_01904,0.5978274941444397
test_01905,0.5269051790237427
test_01906,0.46915507316589355
test_01907,0.3854093849658966
test_01908,0.6370600461959839
test_01909,0.5762272477149963
test_01910,0.197907954454422
test_01911,0.5435603260993958
test_01912,0.5247267484664917
test_01913,0.42267903685569763
test_01914,0.41145390272140503
test_01915,0.38471946120262146
test_01916,0.40557244420051575
test_01917,0.5473337173461914
test_01918,0.3309495747089386
test_01919,0.49264198541641235
test_01920,0.5216884016990662
test_01921,0.25525763630867004
test_01922,0.3965909779071808
test_01923,0.4727074205875397
test_01924,0.5309584736824036
test_01925,0.6059404611587524
test_01926,0.5815834403038025
test_01927,0.41476285457611084
test_01928,0.4174343943595886
test_01929,0.5122404098510742
test_01930,0.270859956741333
test_01931,0.38968589901924133
test_01932,0.5057721138000488
test_01933,0.6735211610794067
test_01934,0.48714008927345276
test_01935,0.35539510846138
test_01936,0.5033258199691772
test_01937,0.570414125919342
test_01938,0.48687636852264404
test_01939,0.4076654314994812
test_01940,0.39757049083709717
test_01941,0.4444677233695984
test_01942,0.44287505745887756
test_01943,0.5203515887260437
test_01944,0.35176384449005127
test_01945,0.3297862410545349
test_01946,0.42136624455451965
test_01947,0.3631752133369446
test_01948,0.2157166600227356
test_01949,0.37004539370536804
test_01950,0.3786647915840149
test_01951,0.42433640360832214
test_01952,0.4514460563659668
test_01953,0.5052233934402466
test_01954,0.4940608739852905
test_01955,0.6224203705787659
test_01956,0.3146858215332031
test_01957,0.5641133189201355
test_01958,0.7523524761199951
test_01959,0.4678535759449005
test_01960,0.2635100781917572
test_01961,0.20141597092151642
test_01962,0.4446517527103424
test_01963,0.04149649292230606
test_01964,0.4201030731201172
test_01965,0.462642103433609
test_01966,0.38975319266319275
test_01967,0.25415778160095215
test_01968,0.4156039357185364
test_01969,0.5252062082290649
test_01970,0.4486828148365021
test_01971,0.40327998995780945
test_01972,0.48602765798568726
test_01973,0.4670931398868561
test_01974,0.5898759961128235
test_01975,0.4675920009613037
test_01976,0.6386829018592834
test_01977,0.51107257604599
test_01978,0.6444307565689087
test_01979,0.33156639337539673
test_01980,0.3150215446949005
test_01981,0.5183628797531128
test_01982,0.38025301694869995
test_01983,0.5443565249443054
test_01984,0.5891827940940857
test_01985,0.42729583382606506
test_01986,0.5026211738586426
test_01987,0.5744529962539673
test_01988,0.2879089415073395
test_01989,0.3023970127105713
test_01990,0.35760024189949036
test_01991,0.4670679569244385
test_01992,0.08247728645801544
test_01993,0.49902236461639404
test_01994,0.6775712370872498
test_01995,0.7336982488632202
test_01996,0.34362950921058655
test_01997,0.3774532973766327
test_01998,0.34517014026641846
test_01999,0.5414996147155762
test_02000,0.5226435661315918
test_02001,0.4285329580307007
test_02002,0.534882664680481
test_02003,0.3270360231399536
test_02004,0.418077677488327
test_02005,0.3650594651699066
test_02006,0.5825044512748718
test_02007,0.39395061135292053
test_02008,0.20310086011886597
test_02009,0.3261553943157196
test_02010,0.5743020176887512
test_02011,0.4383258521556854
test_02012,0.42579981684684753
test_02013,0.5875370502471924
test_02014,0.6158319115638733
test_02015,0.5507360100746155
test_02016,0.5063279867172241
test_02017,0.5529029369354248
test_02018,0.32050442695617676
test_02019,0.47436070442199707
test_02020,0.5827248692512512
test_02021,0.2829039394855499
test_02022,0.5137028694152832
test_02023,0.22900472581386566
test_02024,0.40139898657798767
test_02025,0.4933488667011261
test_02026,0.5740889310836792
test_02027,0.31214573979377747
test_02028,0.5044761896133423
test_02029,0.46532219648361206
test_02030,0.5378762483596802
test_02031,0.41031360626220703
test_02032,0.34900885820388794
test_02033,0.33226341009140015
test_02034,0.322630912065506
test_02035,0.415385365486145
test_02036,0.527597963809967
test_02037,0.4866148829460144
test_02038,0.1571858674287796
test_02039,0.5848526358604431
test_02040,0.3491818606853485
test_02041,0.5046051740646362
test_02042,0.6148936748504639
test_02043,0.3589947819709778
test_02044,0.2936943471431732
test_02045,0.7351909279823303
test_02046,0.5111587643623352
test_02047,0.16047360002994537
test_02048,0.537553071975708
test_02049,0.3058986961841583
test_02050,0.40147092938423157
test_02051,0.3838610053062439
test_02052,0.5306035876274109
test_02053,0.1699589043855667
test_02054,0.5662081837654114
test_02055,0.30776068568229675
test_02056,0.54609215259552
test_02057,0.4217507541179657
test_02058,0.20711657404899597
test_02059,0.5245674848556519
test_02060,0.28916433453559875
test_02061,0.36829468607902527
test_02062,0.39515042304992676
test_02063,0.5502070784568787
test_02064,0.3565957248210907
test_02065,0.7815113663673401
test_02066,0.5917092561721802
test_02067,0.36985495686531067
test_02068,0.4163476824760437
test_02069,0.3088662028312683
test_02070,0.4814164340496063
test_02071,0.7507932186126709
test_02072,0.22265930473804474
test_02073,0.32441848516464233
test_02074,0.11950559169054031
test_02075,0.43554261326789856
test_02076,0.30305153131484985
test_02077,0.5636548399925232
test_02078,0.5934295058250427
test_02079,0.39930522441864014
test_02080,0.35898807644844055
test_02081,0.6366637945175171
test_02082,0.4916606545448303
test_02083,0.17488506436347961
test_02084,0.48199641704559326
test_02085,0.3318600654602051
test_02086,0.6609727144241333
test_02087,0.4616871476173401
test_02088,0.5322540402412415
test_02089,0.46491891145706177
test_02090,0.6220628023147583
test_02091,0.3847140371799469
test_02092,0.39669540524482727
test_02093,0.5237641334533691
test_02094,0.325348824262619
test_02095,0.502564013004303
test_02096,0.47829777002334595
test_02097,0.3751978874206543
test_02098,0.6399493217468262
test_02099,0.1551876962184906
test_02100,0.537065327167511
test_02101,0.6142081618309021
test_02102,0.5753129124641418
test_02103,0.4349170923233032
test_02104,0.4999319911003113
test_02105,0.6934197545051575
test_02106,0.47309818863868713
test_02107,0.5210192203521729
test_02108,0.3225485384464264
test_02109,0.17245161533355713
test_02110,0.5299566388130188
test_02111,0.5926550626754761
test_02112,0.5387046933174133
test_02113,0.3620131313800812
test_02114,0.32909947633743286
test_02115,0.2515887916088104
test_02116,0.5618191957473755
test_02117,0.430257648229599
test_02118,0.3408231735229492
test_02119,0.5460175275802612
test_02120,0.4578956365585327
test_02121,0.4191510081291199
test_02122,0.5376191735267639
test_02123,0.2048683613538742
test_02124,0.28369951248168945
test_02125,0.11082519590854645
test_02126,0.0901200920343399
test_02127,0.6534667015075684
test_02128,0.42440709471702576
test_02129,0.519169807434082
test_02130,0.3415430188179016
test_02131,0.4482080936431885
test_02132,0.3602353036403656
test_02133,0.5801233649253845
test_02134,0.5244390964508057
test_02135,0.5522984862327576
test_02136,0.3279440999031067
test_02137,0.35312241315841675
test_02138,0.3415510356426239
test_02139,0.5465238690376282
test_02140,0.5809360146522522
test_02141,0.4304044544696808
test_02142,0.4550766944885254
test_02143,0.4937961995601654
test_02144,0.29049980640411377
test_02145,0.5970351099967957
test_02146,0.5039086937904358
test_02147,0.30971282720565796
test_02148,0.42470481991767883
test_02149,0.7399994134902954
test_02150,0.5848959684371948
test_02151,0.3234668970108032
test_02152,0.40064576268196106
test_02153,0.2463148832321167
test_02154,0.5878158211708069
test_02155,0.5107566118240356
test_02156,0.21812523901462555
test_02157,0.640062689781189
test_02158,0.3756973445415497
test_02159,0.49162423610687256
test_02160,0.4508509635925293
test_02161,0.45556122064590454
test_02162,0.41797634959220886
test_02163,0.5115388035774231
test_02164,0.4704244136810303
test_02165,0.49291032552719116
test_02166,0.4571734368801117
test_02167,0.6454147696495056
test_02168,0.342732697725296
test_02169,0.21952998638153076
test_02170,0.26946961879730225
test_02171,0.31982433795928955
test_02172,0.33162829279899597
test_02173,0.5882285833358765
test_02174,0.4453050196170807
test_02175,0.2669336795806885
test_02176,0.38893285393714905
test_02177,0.24329181015491486
test_02178,0.42340508103370667
test_02179,0.3604952096939087
test_02180,0.33490651845932007
test_02181,0.48794397711753845
test_02182,0.4124723970890045
test_02183,0.35620996356010437
test_02184,0.4001765549182892
test_02185,0.5181128978729248
test_02186,0.44608211517333984
test_02187,0.565805196762085
test_02188,0.459525465965271
test_02189,0.28723254799842834
test_02190,0.37466204166412354
test_02191,0.4223518967628479
test_02192,0.4100073277950287
test_02193,0.29621386528015137
test_02194,0.5003301501274109
test_02195,0.6296179294586182
test_02196,0.470767617225647
test_02197,0.4216763377189636
test_02198,0.48197638988494873
test_02199,0.5270018577575684
test_02200,0.630233883857727
test_02201,0.4707011580467224
test_02202,0.14655324816703796
test_02203,0.5223678946495056
test_02204,0.49230074882507324
test_02205,0.3953346312046051
test_02206,0.5162034630775452
test_02207,0.48358792066574097
test_02208,0.3555493950843811
test_02209,0.456447035074234
test_02210,0.15332797169685364
test_02211,0.4383317828178406
test_02212,0.45843255519866943
test_02213,0.5353146195411682
test_02214,0.30423757433891296
test_02215,0.5739345550537109
test_02216,0.4912668764591217
test_02217,0.4767605662345886
test_02218,0.17855332791805267
test_02219,0.24056220054626465
test_02220,0.5058079957962036
test_02221,0.6377567052841187
test_02222,0.4767153859138489
test_02223,0.5021786093711853
test_02224,0.530128002166748
test_02225,0.4537431001663208
test_02226,0.3226107656955719
test_02227,0.4544231593608856
test_02228,0.35369178652763367
test_02229,0.5107139348983765
test_02230,0.5657871961593628
test_02231,0.42714324593544006
test_02232,0.5178592205047607
test_02233,0.594231367111206
test_02234,0.5806172490119934
test_02235,0.5340690612792969
test_02236,0.3224692642688751
test_02237,0.40468230843544006
test_02238,0.5883960127830505
test_02239,0.47528398036956787
test_02240,0.7198089361190796
test_02241,0.39779943227767944
test_02242,0.2405974417924881
test_02243,0.4100034236907959
test_02244,0.4963970482349396
test_02245,0.25440290570259094
test_02246,0.44110292196273804
test_02247,0.6956193447113037
test_02248,0.6320464015007019
test_02249,0.6544263958930969
test_02250,0.5752586126327515
test_02251,0.386318564414978
test_02252,0.68293696641922
test_02253,0.6558423638343811
test_02254,0.5762874484062195
test_02255,0.3232330083847046
test_02256,0.17820599675178528
test_02257,0.15754489600658417
test_02258,0.5735797882080078
test_02259,0.2954046428203583
test_02260,0.6629365682601929
test_02261,0.40881574153900146
test_02262,0.5524646639823914
test_02263,0.35463714599609375
test_02264,0.24827569723129272
test_02265,0.5504271388053894
test_02266,0.4573466181755066
test_02267,0.3717031180858612
test_02268,0.458300918340683
test_02269,0.46755948662757874
test_02270,0.36670368909835815
test_02271,0.5823040008544922
test_02272,0.45619794726371765
test_02273,0.4420405924320221
test_02274,0.16144321858882904
test_02275,0.3623737692832947
test_02276,0.18961524963378906
test_02277,0.3762504458427429
test_02278,0.36740946769714355
test_02279,0.4433668553829193
test_02280,0.5919914841651917
test_02281,0.6781361699104309
test_02282,0.3140515089035034
test_02283,0.5469362735748291
test_02284,0.5582627058029175
test_02285,0.3846845328807831
test_02286,0.5043867826461792
test_02287,0.31990331411361694
test_02288,0.26880505681037903
test_02289,0.645322322845459
test_02290,0.5944119095802307
test_02291,0.39427220821380615
test_02292,0.39602822065353394
test_02293,0.48740655183792114
test_02294,0.5033897161483765
test_02295,0.47812503576278687
test_02296,0.561346709728241
test_02297,0.3019365966320038
test_02298,0.699635922908783
test_02299,0.6496679186820984
test_02300,0.5283264517784119
test_02301,0.521368682384491
test_02302,0.42929068207740784
test_02303,0.06845318526029587
test_02304,0.4986918866634369
test_02305,0.48789602518081665
test_02306,0.295747309923172
test_02307,0.5385749936103821
test_02308,0.4022851586341858
test_02309,0.26567336916923523
test_02310,0.41422417759895325
test_02311,0.17470841109752655
test_02312,0.6013563871383667
test_02313,0.6696231365203857
test_02314,0.7348135709762573
test_02315,0.44772788882255554
test_02316,0.5401903390884399
test_02317,0.18270808458328247
test_02318,0.4234651029109955
test_02319,0.4955253005027771
test_02320,0.5277605056762695
test_02321,0.3694917857646942
test_02322,0.2085404098033905
test_02323,0.506711483001709
test_02324,0.5244617462158203
test_02325,0.49715572595596313
test_02326,0.5549911260604858
test_02327,0.49249985814094543
test_02328,0.5885617733001709
test_02329,0.4733727276325226
test_02330,0.3895995318889618
test_02331,0.24397718906402588
test_02332,0.040917105972766876
test_02333,0.11014348268508911
test_02334,0.3654562532901764
test_02335,0.4035370647907257
test_02336,0.3527044951915741
test_02337,0.38250741362571716
test_02338,0.502491295337677
test_02339,0.4006800055503845
test_02340,0.21325068175792694
test_02341,0.7048782110214233
test_02342,0.4791632294654846
test_02343,0.19573090970516205
test_02344,0.49247005581855774
test_02345,0.3736326992511749
test_02346,0.5369678735733032
test_02347,0.4483312666416168
test_02348,0.5599168539047241
test_02349,0.533561646938324
test_02350,0.5280840992927551
test_02351,0.48947781324386597
test_02352,0.3246726393699646
test_02353,0.4761798083782196
test_02354,0.4945014715194702
test_02355,0.43896371126174927
test_02356,0.5396454334259033
test_02357,0.4194132387638092
test_02358,0.45576012134552
test_02359,0.4474528431892395
test_02360,0.6123455166816711
test_02361,0.41834399104118347
test_02362,0.4777688980102539
test_02363,0.4757488965988159
test_02364,0.5344922542572021
test_02365,0.3371535837650299
test_02366,0.059055767953395844
test_02367,0.3633280396461487
test_02368,0.46395936608314514
test_02369,0.3928399682044983
test_02370,0.1780455857515335
test_02371,0.5553709268569946
test_02372,0.45027583837509155
test_02373,0.0799812525510788
test_02374,0.15360482037067413
test_02375,0.42183932662010193
test_02376,0.5198023915290833
test_02377,0.5412793159484863
test_02378,0.5520843863487244
test_02379,0.598217785358429
test_02380,0.3867688477039337
test_02381,0.5027264952659607
test_02382,0.2546389698982239
test_02383,0.529053270816803
test_02384,0.5246745347976685
test_02385,0.29258137941360474
test_02386,0.43102923035621643
test_02387,0.32861584424972534
test_02388,0.6389713883399963
test_02389,0.34458795189857483
test_02390,0.4796532690525055
test_02391,0.46679580211639404
test_02392,0.5009154677391052
test_02393,0.7132840752601624
test_02394,0.49295300245285034
test_02395,0.47604289650917053
test_02396,0.5877026319503784
test_02397,0.3201885223388672
test_02398,0.5070791244506836
test_02399,0.45659637451171875
test_02400,0.5367991924285889
test_02401,0.32219329476356506
test_02402,0.37379661202430725
test_02403,0.5298933982849121
test_02404,0.5049543380737305
test_02405,0.42663338780403137
test_02406,0.5166481733322144
test_02407,0.3631175458431244
test_02408,0.5013663172721863
test_02409,0.5602284073829651
test_02410,0.43760383129119873
test_02411,0.4686795175075531
test_02412,0.48734161257743835
test_02413,0.43714168667793274
test_02414,0.34748852252960205
test_02415,0.4433586895465851
test_02416,0.4241531789302826
test_02417,0.4765610098838806
test_02418,0.4571584165096283
test_02419,0.6019887328147888
test_02420,0.5229353904724121
test_02421,0.4694784879684448
test_02422,0.48421207070350647
test_02423,0.3591928482055664
test_02424,0.49541929364204407
test_02425,0.45115378499031067
test_02426,0.4193653166294098
test_02427,0.49851444363594055
test_02428,0.3941754698753357
test_02429,0.5270644426345825
test_02430,0.6210198998451233
test_02431,0.41531628370285034
test_02432,0.3211861252784729
test_02433,0.6601487994194031
test_02434,0.47629427909851074
test_02435,0.27690619230270386
test_02436,0.46837565302848816
test_02437,0.44053882360458374
test_02438,0.5000370740890503
test_02439,0.7323479652404785
test_02440,0.5873571634292603
test_02441,0.4797404408454895
test_02442,0.5524371862411499
test_02443,0.5378928780555725
test_02444,0.6928524971008301
test_02445,0.4384145736694336
test_02446,0.33079177141189575
test_02447,0.24616162478923798
test_02448,0.6948063373565674
test_02449,0.31360480189323425
test_02450,0.4688861668109894
test_02451,0.3375154137611389
test_02452,0.32365959882736206
test_02453,0.2887999713420868
test_02454,0.46173298358917236
test_02455,0.5477467179298401
test_02456,0.4637874364852905
test_02457,0.4901406466960907
test_02458,0.4882713854312897
test_02459,0.4922763705253601
test_02460,0.20377399027347565
test_02461,0.5291624069213867
test_02462,0.34918835759162903
test_02463,0.5319794416427612
test_02464,0.588844895362854
test_02465,0.30156001448631287
test_02466,0.40004852414131165
test_02467,0.6295766830444336
test_02468,0.6167005300521851
test_02469,0.5379503965377808
test_02470,0.4680514931678772
test_02471,0.6345723271369934
test_02472,0.5016380548477173
test_02473,0.3883252441883087
test_02474,0.30884402990341187
test_02475,0.3494715690612793
test_02476,0.5714526176452637
test_02477,0.5694977045059204
test_02478,0.412489116191864
test_02479,0.26470834016799927
test_02480,0.2952492833137512
test_02481,0.37815970182418823
test_02482,0.23759107291698456
test_02483,0.3183960020542145
test_02484,0.2332075983285904
test_02485,0.2304162085056305
test_02486,0.4266669750213623
test_02487,0.5928029417991638
test_02488,0.49820569157600403
test_02489,0.4903026819229126
test_02490,0.4906725287437439
test_02491,0.4066509008407593
test_02492,0.40763482451438904
test_02493,0.33513370156288147
test_02494,0.5512658357620239
test_02495,0.41855502128601074
test_02496,0.38138335943222046
test_02497,0.4384560286998749
test_02498,0.607589066028595
test_02499,0.3882811665534973
test_02500,0.4756057560443878
test_02501,0.513541579246521
test_02502,0.22901858389377594
test_02503,0.5422261357307434
test_02504,0.564365804195404
test_02505,0.5020589232444763
test_02506,0.4181720018386841
test_02507,0.5169275403022766
test_02508,0.5666227340698242
test_02509,0.438298761844635
test_02510,0.2354041188955307
test_02511,0.4734211564064026
test_02512,0.5153986811637878
test_02513,0.476599782705307
test_02514,0.27091580629348755
test_02515,0.2344914823770523
test_02516,0.1415938138961792
test_02517,0.2529967427253723
test_02518,0.39693683385849
test_02519,0.4847811162471771
test_02520,0.24718311429023743
test_02521,0.3620474636554718
test_02522,0.3378237783908844
test_02523,0.24245457351207733
test_02524,0.27598121762275696
test_02525,0.5281017422676086
test_02526,0.4670887887477875
test_02527,0.602421760559082
test_02528,0.4482935965061188
test_02529,0.2590634226799011
test_02530,0.4064958393573761
test_02531,0.6211923956871033
test_02532,0.587323009967804
test_02533,0.446988970041275
test_02534,0.3714599907398224
test_02535,0.2948821485042572
test_02536,0.4729134142398834
test_02537,0.4520743191242218
test_02538,0.5008379817008972
test_02539,0.49430644512176514
test_02540,0.47032037377357483
test_02541,0.3373025059700012
test_02542,0.39121487736701965
test_02543,0.3931695222854614
test_02544,0.14485861361026764
test_02545,0.5433688163757324
test_02546,0.8075588345527649
test_02547,0.6143313050270081
test_02548,0.32393553853034973
test_02549,0.3055150806903839
test_02550,0.4557490944862366
test_02551,0.413862943649292
test_02552,0.43746498227119446
test_02553,0.5247433185577393
test_02554,0.4403763711452484
test_02555,0.35803601145744324
test_02556,0.247238427400589
test_02557,0.36095359921455383
test_02558,0.15410718321800232
test_02559,0.42994821071624756
test_02560,0.4995098114013672
test_02561,0.47811076045036316
test_02562,0.5941292643547058
test_02563,0.4297599494457245
test_02564,0.10658088326454163
test_02565,0.36134985089302063
test_02566,0.5564305782318115
test_02567,0.23610062897205353
test_02568,0.3720608949661255
test_02569,0.4084610939025879
test_02570,0.4746987223625183
test_02571,0.33121776580810547
test_02572,0.267551451921463
test_02573,0.5074719786643982
test_02574,0.41203463077545166
test_02575,0.35644808411598206
test_02576,0.45602017641067505
test_02577,0.44229888916015625
test_02578,0.7679154872894287
test_02579,0.4402027726173401
test_02580,0.29403966665267944
test_02581,0.5263211727142334
test_02582,0.41825932264328003
test_02583,0.5416767001152039
test_02584,0.5804973244667053
test_02585,0.5193313360214233
test_02586,0.5401068925857544
test_02587,0.4726947844028473
test_02588,0.465293288230896
test_02589,0.6914862394332886
test_02590,0.4253588914871216
test_02591,0.48250022530555725
test_02592,0.39336633682250977
test_02593,0.25384485721588135
test_02594,0.3899346590042114
test_02595,0.569612979888916
test_02596,0.24502459168434143
test_02597,0.585785448551178
test_02598,0.5488035082817078
test_02599,0.4154474139213562
test_02600,0.2615050673484802
test_02601,0.22904615104198456
test_02602,0.4276157319545746
test_02603,0.47338876128196716
test_02604,0.26790276169776917
test_02605,0.7117930054664612
test_02606,0.31762945652008057
test_02607,0.5312754511833191
test_02608,0.38886672258377075
test_02609,0.4395115077495575
test_02610,0.5363097786903381
test_02611,0.392853319644928
test_02612,0.316489040851593
test_02613,0.43285033106803894
test_02614,0.4747885763645172
test_02615,0.514325737953186
test_02616,0.32537946105003357
test_02617,0.340430349111557
test_02618,0.5340226888656616
test_02619,0.4622352421283722
test_02620,0.5776604413986206
test_02621,0.7131265997886658
test_02622,0.6077985167503357
test_02623,0.602709174156189
test_02624,0.5647572875022888
test_02625,0.17569035291671753
test_02626,0.2912634313106537
test_02627,0.5326407551765442
test_02628,0.37167656421661377
test_02629,0.4949413239955902
test_02630,0.5095556974411011
test_02631,0.33569562435150146
test_02632,0.37744879722595215
test_02633,0.27986037731170654
test_02634,0.5028544664382935
test_02635,0.40374818444252014
test_02636,0.4469364285469055
test_02637,0.5266080498695374
test_02638,0.3273892402648926
test_02639,0.13984492421150208
test_02640,0.5225113034248352
test_02641,0.46068957448005676
test_02642,0.6330342888832092
test_02643,0.5064927935600281
test_02644,0.521245539188385
test_02645,0.247328519821167
test_02646,0.29887014627456665
test_02647,0.3660936951637268
test_02648,0.4476814270019531
test_02649,0.41283372044563293
test_02650,0.465791255235672
test_02651,0.341974139213562
test_02652,0.5258023142814636
test_02653,0.6074990630149841
test_02654,0.3220100998878479
test_02655,0.22286492586135864
test_02656,0.6003326773643494
test_02657,0.48616811633110046
test_02658,0.30732467770576477
test_02659,0.29996994137763977
test_02660,0.4378800392150879
test_02661,0.4203193783760071
test_02662,0.5770207643508911
test_02663,0.4259754419326782
test_02664,0.5320572257041931
test_02665,0.29568615555763245
test_02666,0.4892853796482086
test_02667,0.43487533926963806
test_02668,0.47695672512054443
test_02669,0.400315523147583
test_02670,0.27127334475517273
test_02671,0.45824354887008667
test_02672,0.6866037845611572
test_02673,0.3422204554080963
test_02674,0.6496490836143494
test_02675,0.506067156791687
test_02676,0.4556744694709778
test_02677,0.481955885887146
test_02678,0.6301355957984924
test_02679,0.8168221116065979
test_02680,0.7379125356674194
test_02681,0.3137718737125397
test_02682,0.3437153995037079
test_02683,0.15670697391033173
test_02684,0.7741096019744873
test_02685,0.46109598875045776
test_02686,0.5257489085197449
test_02687,0.555570125579834
test_02688,0.4432481527328491
test_02689,0.347695916891098
test_02690,0.46713975071907043
test_02691,0.3953133523464203
test_02692,0.3177083134651184
test_02693,0.4723473787307739
test_02694,0.5189024209976196
test_02695,0.6758801937103271
test_02696,0.3871415853500366
test_02697,0.15584349632263184
test_02698,0.5322540402412415
test_02699,0.5165420174598694
test_02700,0.36343520879745483
test_02701,0.5246237516403198
test_02702,0.4893984794616699
test_02703,0.43364179134368896
test_02704,0.28793907165527344
test_02705,0.4080047309398651
test_02706,0.5359284281730652
test_02707,0.33821114897727966
test_02708,0.43510663509368896
test_02709,0.26640379428863525
test_02710,0.45194780826568604
test_02711,0.585551381111145
test_02712,0.5056052207946777
test_02713,0.1339460164308548
test_02714,0.3397443890571594
test_02715,0.3912593722343445
test_02716,0.4888893663883209
test_02717,0.6263561248779297
test_02718,0.6435214877128601
test_02719,0.5382412075996399
test_02720,0.2892291843891144
test_02721,0.49908626079559326
test_02722,0.40042150020599365
test_02723,0.6339629888534546
test_02724,0.4856358766555786
test_02725,0.5748407244682312
test_02726,0.3861166536808014
test_02727,0.5241296887397766
test_02728,0.4681684076786041
test_02729,0.5154131650924683
test_02730,0.41152459383010864
test_02731,0.6333416700363159
test_02732,0.4173769950866699
test_02733,0.5113855600357056
test_02734,0.3518206775188446
test_02735,0.2512938976287842
test_02736,0.477642297744751
test_02737,0.5294269323348999
test_02738,0.31475183367729187
test_02739,0.4779803156852722
test_02740,0.42779141664505005
test_02741,0.4643372893333435
test_02742,0.4273854196071625
test_02743,0.38672056794166565
test_02744,0.5419511795043945
test_02745,0.41310685873031616
test_02746,0.8008933067321777
test_02747,0.6182911992073059
test_02748,0.31333357095718384
test_02749,0.48986321687698364
test_02750,0.26120948791503906
test_02751,0.45951560139656067
test_02752,0.5606427192687988
test_02753,0.6051511168479919
test_02754,0.45900794863700867
test_02755,0.6078750491142273
test_02756,0.3330983817577362
test_02757,0.5144332051277161
test_02758,0.3491777181625366
test_02759,0.46776700019836426
test_02760,0.3343212306499481
test_02761,0.44724977016448975
test_02762,0.5259596705436707
test_02763,0.4761383831501007
test_02764,0.29635247588157654
test_02765,0.2984369695186615
test_02766,0.45514342188835144
test_02767,0.5542581677436829
test_02768,0.21543678641319275
test_02769,0.5313333868980408
test_02770,0.4535258412361145
test_02771,0.4383656084537506
test_02772,0.5869738459587097
test_02773,0.2806546986103058
test_02774,0.42160019278526306
test_02775,0.4483216404914856
test_02776,0.37747910618782043
test_02777,0.43820247054100037
test_02778,0.3833116292953491
test_02779,0.30815014243125916
test_02780,0.5779698491096497
test_02781,0.5458682775497437
test_02782,0.48730260133743286
test_02783,0.500959038734436
test_02784,0.4556126892566681
test_02785,0.4203222393989563
test_02786,0.5214210152626038
test_02787,0.48107606172561646
test_02788,0.35404130816459656
test_02789,0.46809327602386475
test_02790,0.14582855999469757
test_02791,0.25464537739753723
test_02792,0.49235501885414124
test_02793,0.21142014861106873
test_02794,0.5749670267105103
test_02795,0.4708617925643921
test_02796,0.5211074948310852
test_02797,0.5637722611427307
test_02798,0.4283081889152527
test_02799,0.5491487383842468
test_02800,0.24171182513237
test_02801,0.35903817415237427
test_02802,0.589600145816803
test_02803,0.3899504542350769
test_02804,0.5823729038238525
test_02805,0.5091789364814758
test_02806,0.38220876455307007
test_02807,0.36639630794525146
test_02808,0.4808873236179352
test_02809,0.4886644184589386
test_02810,0.4795714318752289
test_02811,0.5616031885147095
test_02812,0.6264918446540833
test_02813,0.20131856203079224
test_02814,0.5481827259063721
test_02815,0.6121352910995483
test_02816,0.5221970081329346
test_02817,0.3516925871372223
test_02818,0.48014095425605774
test_02819,0.28586411476135254
test_02820,0.3546951413154602
test_02821,0.6196134090423584
test_02822,0.10679934173822403
test_02823,0.6015387773513794
test_02824,0.3293376863002777
test_02825,0.46987026929855347
test_02826,0.694334089756012
test_02827,0.354808509349823
test_02828,0.5776926279067993
test_02829,0.5282524228096008
test_02830,0.459903359413147
test_02831,0.3487129509449005
test_02832,0.3180812895298004
test_02833,0.33503490686416626
test_02834,0.35862988233566284
test_02835,0.282914936542511
test_02836,0.4007251262664795
test_02837,0.670890748500824
test_02838,0.48359057307243347
test_02839,0.608770489692688
test_02840,0.5617815256118774
test_02841,0.42189982533454895
test_02842,0.4180960953235626
test_02843,0.4470731019973755
test_02844,0.667364239692688
test_02845,0.40769970417022705
test_02846,0.43774887919425964
test_02847,0.4363715648651123
test_02848,0.26952099800109863
test_02849,0.2556089162826538
test_02850,0.3858315050601959
test_02851,0.3770538568496704
test_02852,0.625241756439209
test_02853,0.4330614507198334
test_02854,0.47339197993278503
test_02855,0.32645270228385925
test_02856,0.6716519594192505
test_02857,0.5626848340034485
test_02858,0.539803147315979
test_02859,0.5649672150611877
test_02860,0.33782076835632324
test_02861,0.3663395643234253
test_02862,0.42036351561546326
test_02863,0.14989809691905975
test_02864,0.4526739716529846
test_02865,0.5005866885185242
test_02866,0.15323829650878906
test_02867,0.6453965902328491
test_02868,0.2998528778553009
test_02869,0.46588292717933655
test_02870,0.46361884474754333
test_02871,0.3272048234939575
test_02872,0.5577781200408936
test_02873,0.4960881769657135
test_02874,0.408437043428421
test_02875,0.49623239040374756
test_02876,0.4649207592010498
test_02877,0.17640340328216553
test_02878,0.6929032206535339
test_02879,0.42602482438087463
test_02880,0.39051592350006104
test_02881,0.41165223717689514
test_02882,0.3223627805709839
test_02883,0.5044660568237305
test_02884,0.4553787112236023
test_02885,0.7748989462852478
test_02886,0.39891400933265686
test_02887,0.554643452167511
test_02888,0.22524972259998322
test_02889,0.46260371804237366
test_02890,0.4688723385334015
test_02891,0.3102227747440338
test_02892,0.4367068409919739
test_02893,0.5286175012588501
test_02894,0.4972255527973175
test_02895,0.48377320170402527
test_02896,0.3772183358669281
test_02897,0.24593324959278107
test_02898,0.46775147318840027
test_02899,0.44800418615341187
test_02900,0.602689266204834
test_02901,0.42784735560417175
test_02902,0.5576398968696594
test_02903,0.47527503967285156
test_02904,0.48461660742759705
test_02905,0.5883216857910156
test_02906,0.2189677208662033
test_02907,0.5398615002632141
test_02908,0.3615574240684509
test_02909,0.43618762493133545
test_02910,0.561551570892334
test_02911,0.3618444502353668
test_02912,0.3442659378051758
test_02913,0.48606935143470764
test_02914,0.4528270363807678
test_02915,0.4063403606414795
test_02916,0.7577856779098511
test_02917,0.4359278380870819
test_02918,0.5498322248458862
test_02919,0.36677172780036926
test_02920,0.2590254843235016
test_02921,0.49166539311408997
test_02922,0.4885106384754181
test_02923,0.49745243787765503
test_02924,0.42876920104026794
test_02925,0.3664093017578125
test_02926,0.5180829167366028
test_02927,0.4229288697242737
test_02928,0.3415539860725403
test_02929,0.6406760811805725
test_02930,0.5119166970252991
test_02931,0.3162330389022827
test_02932,0.41527244448661804
test_02933,0.6490611433982849
test_02934,0.35762304067611694
test_02935,0.47986963391304016
test_02936,0.3516406714916229
test_02937,0.4869941174983978
test_02938,0.4351136386394501
test_02939,0.4212568402290344
test_02940,0.3423881530761719
test_02941,0.1889886111021042
test_02942,0.5065110325813293
test_02943,0.37692251801490784
test_02944,0.41469499468803406
test_02945,0.2832580804824829
test_02946,0.5142390131950378
test_02947,0.5154728293418884
test_02948,0.6334689855575562
test_02949,0.46005257964134216
test_02950,0.7895098328590393
test_02951,0.2755553722381592
test_02952,0.2640593647956848
test_02953,0.7424268126487732
test_02954,0.553410530090332
test_02955,0.19137658178806305
test_02956,0.22751733660697937
test_02957,0.3067452907562256
test_02958,0.42167928814888
test_02959,0.4386442005634308
test_02960,0.66795414686203
test_02961,0.34776052832603455
test_02962,0.7248611450195312
test_02963,0.38657093048095703
test_02964,0.4854908585548401
test_02965,0.47620832920074463
test_02966,0.27626609802246094
test_02967,0.43620046973228455
test_02968,0.48473888635635376
test_02969,0.2785603404045105
test_02970,0.22277072072029114
test_02971,0.5496312379837036
test_02972,0.46980032324790955
test_02973,0.2758684456348419
test_02974,0.7721096277236938
test_02975,0.48473018407821655
test_02976,0.238448366522789
test_02977,0.615598201751709
test_02978,0.29140549898147583
test_02979,0.34942948818206787
test_02980,0.47217243909835815
test_02981,0.23704475164413452
test_02982,0.46743515133857727
test_02983,0.5160719156265259
test_02984,0.4894598126411438
test_02985,0.3189943730831146
test_02986,0.2237968146800995
test_02987,0.2688809633255005
test_02988,0.5974649786949158
test_02989,0.43617889285087585
test_02990,0.5083199143409729
test_02991,0.44567522406578064
test_02992,0.6111831068992615
test_02993,0.5071686506271362
test_02994,0.6004145741462708
test_02995,0.5324181318283081
test_02996,0.6635380983352661
test_02997,0.6787294149398804
test_02998,0.6144290566444397
test_02999,0.3022238612174988
test_03000,0.5947593450546265
test_03001,0.3073080778121948
test_03002,0.43126970529556274
test_03003,0.25908899307250977
test_03004,0.5184128880500793
test_03005,0.46800753474235535
test_03006,0.18481680750846863
test_03007,0.30585163831710815
test_03008,0.5261662006378174
test_03009,0.2429327517747879
test_03010,0.35429108142852783
test_03011,0.6422848105430603
test_03012,0.5685674548149109
test_03013,0.5603232383728027
test_03014,0.39238232374191284
test_03015,0.7357261776924133
test_03016,0.7339121103286743
test_03017,0.5029633641242981
test_03018,0.551466166973114
test_03019,0.49714288115501404
test_03020,0.4081665575504303
test_03021,0.48077288269996643
test_03022,0.5049654245376587
test_03023,0.4641157388687134
test_03024,0.5210394859313965
test_03025,0.4535124897956848
test_03026,0.6118323802947998
test_03027,0.3489733040332794
test_03028,0.4840944707393646
test_03029,0.41059690713882446
test_03030,0.4187834560871124
test_03031,0.592349112033844
test_03032,0.3820697069168091
test_03033,0.25196635723114014
test_03034,0.2844003438949585
test_03035,0.43191346526145935
test_03036,0.22952650487422943
test_03037,0.4508502781391144
test_03038,0.4843829572200775
test_03039,0.19277404248714447
test_03040,0.2905486822128296
test_03041,0.6134044528007507
test_03042,0.436261922121048
test_03043,0.38946402072906494
test_03044,0.29005855321884155
test_03045,0.2732655704021454
test_03046,0.5663589239120483
test_03047,0.5375402569770813
test_03048,0.4934687912464142
test_03049,0.5026849508285522
test_03050,0.5504701733589172
test_03051,0.3101355731487274
test_03052,0.47734734416007996
test_03053,0.6891023516654968
test_03054,0.13036133348941803
test_03055,0.45210298895835876
test_03056,0.3876875936985016
test_03057,0.4728069007396698
test_03058,0.5551378130912781
test_03059,0.4226488173007965
test_03060,0.19332101941108704
test_03061,0.44113847613334656
test_03062,0.5471518039703369
test_03063,0.15429158508777618
test_03064,0.42438656091690063
test_03065,0.31674879789352417
test_03066,0.4626609683036804
test_03067,0.408858060836792
test_03068,0.4512537121772766
test_03069,0.5324192047119141
test_03070,0.5177493691444397
test_03071,0.602462112903595
test_03072,0.6098634600639343
test_03073,0.4809723496437073
test_03074,0.2262917459011078
test_03075,0.2053377330303192
test_03076,0.47409629821777344
test_03077,0.4229843020439148
test_03078,0.605805516242981
test_03079,0.820975661277771
test_03080,0.5749424695968628
test_03081,0.5633171200752258
test_03082,0.5603688955307007
test_03083,0.4687519073486328
test_03084,0.5528066754341125
test_03085,0.2880994379520416
test_03086,0.2541402280330658
test_03087,0.5143982172012329
test_03088,0.5034130811691284
test_03089,0.26685449481010437
test_03090,0.38678210973739624
test_03091,0.5479879975318909
test_03092,0.4659515619277954
test_03093,0.3943992853164673
test_03094,0.5596947073936462
test_03095,0.24324508011341095
test_03096,0.3494127690792084
test_03097,0.3668109178543091
test_03098,0.24801692366600037
test_03099,0.43262019753456116
test_03100,0.5547690391540527
test_03101,0.4801477789878845
test_03102,0.6078020334243774
test_03103,0.26945626735687256
test_03104,0.1514834314584732
test_03105,0.5085178017616272
test_03106,0.6091524362564087
test_03107,0.283213347196579
test_03108,0.48889824748039246
test_03109,0.496194452047348
test_03110,0.48703181743621826
test_03111,0.5559579133987427
test_03112,0.495352178812027
test_03113,0.5421224236488342
test_03114,0.5144303441047668
test_03115,0.487508088350296
test_03116,0.5968114137649536
test_03117,0.34491029381752014
test_03118,0.5152397751808167
test_03119,0.463765025138855
test_03120,0.5413857698440552
test_03121,0.35489094257354736
test_03122,0.33964645862579346
test_03123,0.4967292845249176
test_03124,0.5049585103988647
test_03125,0.57016921043396
test_03126,0.529331624507904
test_03127,0.6060081124305725
test_03128,0.557759702205658
test_03129,0.5067306160926819
test_03130,0.28176581859588623
test_03131,0.47779029607772827
test_03132,0.6681184768676758
test_03133,0.5077347755432129
test_03134,0.41880810260772705
test_03135,0.22665579617023468
test_03136,0.36273425817489624
test_03137,0.517585039138794
test_03138,0.4510514438152313
test_03139,0.5013297200202942
test_03140,0.5356453657150269
test_03141,0.537019670009613
test_03142,0.5168467164039612
test_03143,0.3214689791202545
test_03144,0.4982171654701233
test_03145,0.5224202275276184
test_03146,0.22271670401096344
test_03147,0.5317938327789307
test_03148,0.5234662294387817
test_03149,0.3513648509979248
test_03150,0.6007882356643677
test_03151,0.5773563385009766
test_03152,0.4621996283531189
test_03153,0.528348982334137
test_03154,0.5024076700210571
test_03155,0.553432822227478
test_03156,0.40098661184310913
test_03157,0.23557713627815247
test_03158,0.5795791149139404
test_03159,0.3882155120372772
test_03160,0.37368619441986084
test_03161,0.3898533880710602
test_03162,0.4649796783924103
test_03163,0.46545594930648804
test_03164,0.6546540856361389
test_03165,0.4992579519748688
test_03166,0.29566511511802673
test_03167,0.5623056888580322
test_03168,0.23396436870098114
test_03169,0.5761062502861023
test_03170,0.4265015423297882
test_03171,0.49574458599090576
test_03172,0.6458309292793274
test_03173,0.2924478352069855
test_03174,0.5284159779548645
test_03175,0.4643632471561432
test_03176,0.3904508352279663
test_03177,0.42664670944213867
test_03178,0.6093114018440247
test_03179,0.30335694551467896
test_03180,0.32591983675956726
test_03181,0.42896655201911926
test_03182,0.3967897593975067
test_03183,0.5475445985794067
test_03184,0.5301162600517273
test_03185,0.27515077590942383
test_03186,0.1264653205871582
test_03187,0.678792417049408
test_03188,0.6556262373924255
test_03189,0.6250197887420654
test_03190,0.29008182883262634
test_03191,0.37159037590026855
test_03192,0.4338257312774658
test_03193,0.3415316343307495
test_03194,0.45231980085372925
test_03195,0.4838971197605133
test_03196,0.3791554272174835
test_03197,0.6180638074874878
test_03198,0.2516116797924042
test_03199,0.2971820831298828
test_03200,0.41144031286239624
test_03201,0.3650086224079132
test_03202,0.5032539963722229
test_03203,0.6034161448478699
test_03204,0.4308488368988037
test_03205,0.47704607248306274
test_03206,0.508874237537384
test_03207,0.48330265283584595
test_03208,0.5644328594207764
test_03209,0.2468414306640625
test_03210,0.5600991249084473
test_03211,0.453481525182724
test_03212,0.3959032893180847
test_03213,0.4084770977497101
test_03214,0.5248302221298218
test_03215,0.5402507781982422
test_03216,0.5072344541549683
test_03217,0.5371459126472473
test_03218,0.1702125519514084
test_03219,0.4087967276573181
test_03220,0.36824876070022583
test_03221,0.43107423186302185
test_03222,0.4464595913887024
test_03223,0.4497137665748596
test_03224,0.5842408537864685
test_03225,0.10804648697376251
test_03226,0.72895747423172
test_03227,0.46562838554382324
test_03228,0.400993674993515
test_03229,0.522921621799469
test_03230,0.5029138922691345
test_03231,0.6259655356407166
test_03232,0.3863951563835144
test_03233,0.6469342112541199
test_03234,0.2978540062904358
test_03235,0.5937104225158691
test_03236,0.5244624018669128
test_03237,0.6258591413497925
test_03238,0.29773372411727905
test_03239,0.4409828782081604
test_03240,0.5563824772834778
test_03241,0.6517456769943237
test_03242,0.55191570520401
test_03243,0.41660386323928833
test_03244,0.5469750165939331
test_03245,0.358513742685318
test_03246,0.4520575702190399
test_03247,0.44965633749961853
test_03248,0.09502510726451874
test_03249,0.34513476490974426
test_03250,0.24510005116462708
test_03251,0.28499817848205566
test_03252,0.33501526713371277
test_03253,0.41814717650413513
test_03254,0.4014318883419037
test_03255,0.15946462750434875
test_03256,0.49912604689598083
test_03257,0.33223801851272583
test_03258,0.6122245192527771
test_03259,0.5377196073532104
test_03260,0.4862189292907715
test_03261,0.4672352969646454
test_03262,0.4415860176086426
test_03263,0.41729477047920227
test_03264,0.7646281719207764
test_03265,0.48431113362312317
test_03266,0.7134035229682922
test_03267,0.4321741759777069
test_03268,0.5671653747558594
test_03269,0.496791809797287
test_03270,0.3814382255077362
test_03271,0.510077714920044
test_03272,0.3881527781486511
test_03273,0.3736264705657959
test_03274,0.4378398060798645
test_03275,0.4941549301147461
test_03276,0.41000422835350037
test_03277,0.11522173881530762
test_03278,0.504590630531311
test_03279,0.3535785675048828
test_03280,0.49928078055381775
test_03281,0.3519796133041382
test_03282,0.5903894901275635
test_03283,0.36357101798057556
test_03284,0.2712889015674591
test_03285,0.3160455822944641
test_03286,0.4097844064235687
test_03287,0.4776088297367096
test_03288,0.5375677943229675
test_03289,0.3725631535053253
test_03290,0.44650551676750183
test_03291,0.5839350819587708
test_03292,0.5855734348297119
test_03293,0.4862232804298401
test_03294,0.18310432136058807
test_03295,0.5314666032791138
test_03296,0.6164652109146118
test_03297,0.530738353729248
test_03298,0.5365336537361145
test_03299,0.2356196492910385
test_03300,0.5483276844024658
test_03301,0.27278921008110046
test_03302,0.4268377423286438
test_03303,0.41335755586624146
test_03304,0.5221493244171143
test_03305,0.32501718401908875
test_03306,0.5217246413230896
test_03307,0.3645145297050476
test_03308,0.5288860201835632
test_03309,0.3049560487270355
test_03310,0.39511144161224365
test_03311,0.2631485164165497
test_03312,0.5605100989341736
test_03313,0.4269045889377594
test_03314,0.38127803802490234
test_03315,0.5354390740394592
test_03316,0.5454608201980591
test_03317,0.5505961179733276
test_03318,0.31904134154319763
test_03319,0.40717050433158875
test_03320,0.2901163399219513
test_03321,0.40516477823257446
test_03322,0.6350186467170715
test_03323,0.5373512506484985
test_03324,0.19268913567066193
test_03325,0.4757090210914612
test_03326,0.4647209942340851
test_03327,0.6151028871536255
test_03328,0.1138877347111702
test_03329,0.417605996131897
test_03330,0.43151888251304626
test_03331,0.4365825057029724
test_03332,0.19829586148262024
test_03333,0.5375760793685913
test_03334,0.6986026763916016
test_03335,0.5216930508613586
test_03336,0.49259644746780396
test_03337,0.5722812414169312
test_03338,0.5494706630706787
test_03339,0.27454543113708496
test_03340,0.31230443716049194
test_03341,0.39037051796913147
test_03342,0.6111541390419006
test_03343,0.24879924952983856
test_03344,0.433402955532074
test_03345,0.30251675844192505
test_03346,0.5293342471122742
test_03347,0.36953750252723694
test_03348,0.48782140016555786
test_03349,0.45171234011650085
test_03350,0.7739512920379639
test_03351,0.39937689900398254
test_03352,0.3801724910736084
test_03353,0.5382153391838074
test_03354,0.4865271747112274
test_03355,0.3287533223628998
test_03356,0.6039398312568665
test_03357,0.46316027641296387
test_03358,0.5370057821273804
test_03359,0.47659844160079956
test_03360,0.5712214708328247
test_03361,0.2819367051124573
test_03362,0.5654938220977783
test_03363,0.5054358243942261
test_03364,0.28535225987434387
test_03365,0.35864129662513733
test_03366,0.5175821185112
test_03367,0.3140411376953125
test_03368,0.21584546566009521
test_03369,0.2730829119682312
test_03370,0.5276854038238525
test_03371,0.35978755354881287
test_03372,0.26522165536880493
test_03373,0.19667458534240723
test_03374,0.2238067239522934
test_03375,0.22841903567314148
test_03376,0.36857283115386963
test_03377,0.5192940831184387
test_03378,0.5229641795158386
test_03379,0.4696277976036072
test_03380,0.48192110657691956
test_03381,0.28485536575317383
test_03382,0.5545629262924194
test_03383,0.6107908487319946
test_03384,0.42728787660598755
test_03385,0.3698185384273529
test_03386,0.524115800857544
test_03387,0.2772820293903351
test_03388,0.3482185900211334
test_03389,0.6086803674697876
test_03390,0.41364696621894836
test_03391,0.5195988416671753
test_03392,0.49571025371551514
test_03393,0.37554898858070374
test_03394,0.6004321575164795
test_03395,0.46350985765457153
test_03396,0.3195241689682007
test_03397,0.25906217098236084
test_03398,0.4523255527019501
test_03399,0.4080928862094879
test_03400,0.6186476945877075
test_03401,0.5260857939720154
test_03402,0.4067392349243164
test_03403,0.31758978962898254
test_03404,0.3898889422416687
test_03405,0.5071696043014526
test_03406,0.4180176556110382
test_03407,0.7354915142059326
test_03408,0.5699440240859985
test_03409,0.5106643438339233
test_03410,0.4925210177898407
test_03411,0.35068872570991516
test_03412,0.4202287495136261
test_03413,0.43002140522003174
test_03414,0.2274021953344345
test_03415,0.5459629893302917
test_03416,0.5492815375328064
test_03417,0.2895541489124298
test_03418,0.28826579451560974
test_03419,0.437804251909256
test_03420,0.22976408898830414
test_03421,0.4136148989200592
test_03422,0.23742368817329407
test_03423,0.33524101972579956
test_03424,0.8241739273071289
test_03425,0.659879744052887
test_03426,0.47059667110443115
test_03427,0.3308674097061157
test_03428,0.5504723191261292
test_03429,0.7187596559524536
test_03430,0.5476211905479431
test_03431,0.7343786954879761
test_03432,0.44266921281814575
test_03433,0.3277788460254669
test_03434,0.4959808886051178
test_03435,0.6352272629737854
test_03436,0.404954731464386
test_03437,0.2734069526195526
test_03438,0.4206787943840027
test_03439,0.5586796402931213
test_03440,0.5300164818763733
test_03441,0.05697880685329437
test_03442,0.45226067304611206
test_03443,0.32373476028442383
test_03444,0.34624990820884705
test_03445,0.5276536345481873
test_03446,0.35233643651008606
test_03447,0.3545580506324768
test_03448,0.31864452362060547
test_03449,0.7237018346786499
test_03450,0.3929137587547302
test_03451,0.4844752848148346
test_03452,0.5282138586044312
test_03453,0.28748372197151184
test_03454,0.4933617413043976
test_03455,0.5125260949134827
test_03456,0.43739330768585205
test_03457,0.5043996572494507
test_03458,0.5246331095695496
test_03459,0.49940264225006104
test_03460,0.4820234477519989
test_03461,0.571631133556366
test_03462,0.3496990501880646
test_03463,0.3235524594783783
test_03464,0.20982247591018677
test_03465,0.45677635073661804
test_03466,0.5941470265388489
test_03467,0.4883238673210144
test_03468,0.46117138862609863
test_03469,0.36028364300727844
test_03470,0.5094500780105591
test_03471,0.34341949224472046
test_03472,0.7519298791885376
test_03473,0.5022004246711731
test_03474,0.44950294494628906
test_03475,0.4667614996433258
test_03476,0.20558194816112518
test_03477,0.5054894089698792
test_03478,0.5528087615966797
test_03479,0.5766347646713257
test_03480,0.24375349283218384
test_03481,0.2843889594078064
test_03482,0.5217941999435425
test_03483,0.4350093603134155
test_03484,0.6636223793029785
test_03485,0.6018158197402954
test_03486,0.5688237547874451
test_03487,0.4454428255558014
test_03488,0.5367127060890198
test_03489,0.40080100297927856
test_03490,0.5148279666900635
test_03491,0.5870135426521301
test_03492,0.4926781952381134
test_03493,0.33075985312461853
test_03494,0.4567411243915558
test_03495,0.4449932277202606
test_03496,0.5417798161506653
test_03497,0.43329256772994995
test_03498,0.6398906707763672
test_03499,0.44711390137672424
test_03500,0.5330057144165039
test_03501,0.5465022325515747
test_03502,0.3421626389026642
test_03503,0.6045199036598206
test_03504,0.3580058217048645
test_03505,0.38313984870910645
test_03506,0.3080708682537079
test_03507,0.37390512228012085
test_03508,0.3894255459308624
test_03509,0.5899075269699097
test_03510,0.5929746627807617
test_03511,0.4742022752761841
test_03512,0.4444526731967926
test_03513,0.43344762921333313
test_03514,0.15147453546524048
test_03515,0.44326159358024597
test_03516,0.4166785776615143
test_03517,0.6221311688423157
test_03518,0.525875985622406
test_03519,0.31212323904037476
test_03520,0.3511975407600403
test_03521,0.6280477643013
test_03522,0.47770801186561584
test_03523,0.48627784848213196
test_03524,0.18811377882957458
test_03525,0.2690991461277008
test_03526,0.7250276207923889
test_03527,0.4476139545440674
test_03528,0.5203003287315369
test_03529,0.5244227647781372
test_03530,0.3563104271888733
test_03531,0.3203372061252594
test_03532,0.5482749342918396
test_03533,0.21544456481933594
test_03534,0.6136429309844971
test_03535,0.29812881350517273
test_03536,0.08751143515110016
test_03537,0.615486204624176
test_03538,0.4104636609554291
test_03539,0.31013715267181396
test_03540,0.495322048664093
test_03541,0.43669694662094116
test_03542,0.4767465889453888
test_03543,0.48161643743515015
test_03544,0.4840618968009949
test_03545,0.33909180760383606
test_03546,0.6072003841400146
test_03547,0.546184778213501
test_03548,0.5134554505348206
test_03549,0.15931683778762817
test_03550,0.5726208686828613
test_03551,0.4575307071208954
test_03552,0.39665284752845764
test_03553,0.514575183391571
test_03554,0.21421034634113312
test_03555,0.5713678002357483
test_03556,0.48241952061653137
test_03557,0.3407336175441742
test_03558,0.4203125238418579
test_03559,0.5362653732299805
test_03560,0.1754506528377533
test_03561,0.355008989572525
test_03562,0.42360082268714905
test_03563,0.2940171957015991
test_03564,0.45321759581565857
test_03565,0.4187832474708557
test_03566,0.5493439435958862
test_03567,0.3059508204460144
test_03568,0.3463948369026184
test_03569,0.3046964704990387
test_03570,0.4844594895839691
test_03571,0.4658329486846924
test_03572,0.37154534459114075
test_03573,0.40412676334381104
test_03574,0.5051285028457642
test_03575,0.41121506690979004
test_03576,0.24297384917736053
test_03577,0.5329930186271667
test_03578,0.4175560772418976
test_03579,0.6025451421737671
test_03580,0.2457665503025055
test_03581,0.4826483428478241
test_03582,0.3050578534603119
test_03583,0.5876448750495911
test_03584,0.41540274024009705
test_03585,0.350962370634079
test_03586,0.6327807903289795
test_03587,0.406841903924942
test_03588,0.5302546620368958
test_03589,0.48540982604026794
test_03590,0.23025859892368317
test_03591,0.12190790474414825
test_03592,0.6006277203559875
test_03593,0.7169325351715088
test_03594,0.5369567275047302
test_03595,0.4647586941719055
test_03596,0.7051562070846558
test_03597,0.39572781324386597
test_03598,0.43279212713241577
test_03599,0.14822231233119965
test_03600,0.28119197487831116
test_03601,0.5026327967643738
test_03602,0.6038097143173218
test_03603,0.5354387760162354
test_03604,0.17745475471019745
test_03605,0.46704810857772827
test_03606,0.453778475522995
test_03607,0.23769332468509674
test_03608,0.6461099982261658
test_03609,0.49367275834083557
test_03610,0.4509662985801697
test_03611,0.28218260407447815
test_03612,0.395646870136261
test_03613,0.29942116141319275
test_03614,0.28940635919570923
test_03615,0.25554272532463074
test_03616,0.5159245133399963
test_03617,0.503980278968811
test_03618,0.4461508095264435
test_03619,0.5333016514778137
test_03620,0.2755252718925476
test_03621,0.44125932455062866
test_03622,0.3570221960544586
test_03623,0.25047749280929565
test_03624,0.37562137842178345
test_03625,0.45616838335990906
test_03626,0.44541969895362854
test_03627,0.450655996799469
test_03628,0.2626361846923828
test_03629,0.5234121084213257
test_03630,0.3877919316291809
test_03631,0.6063506603240967
test_03632,0.3989938795566559
test_03633,0.5620900988578796
test_03634,0.5895304083824158
test_03635,0.5741938948631287
test_03636,0.5326763391494751
test_03637,0.5854822397232056
test_03638,0.518791139125824
test_03639,0.495164692401886
test_03640,0.5275350213050842
test_03641,0.47908884286880493
test_03642,0.38276350498199463
test_03643,0.5690209269523621
test_03644,0.29321157932281494
test_03645,0.4429953098297119
test_03646,0.06942612677812576
test_03647,0.48045337200164795
test_03648,0.37235206365585327
test_03649,0.3295229971408844
test_03650,0.5518065690994263
test_03651,0.572600781917572
test_03652,0.3868400454521179
test_03653,0.46229270100593567
test_03654,0.32170724868774414
test_03655,0.3831508457660675
test_03656,0.5148786306381226
test_03657,0.11711183190345764
test_03658,0.3594385087490082
test_03659,0.44561803340911865
test_03660,0.4682326018810272
test_03661,0.36445561051368713
test_03662,0.3213738799095154
test_03663,0.4297220706939697
test_03664,0.5004131197929382
test_03665,0.4732683598995209
test_03666,0.40764671564102173
test_03667,0.3022884428501129
test_03668,0.5371403694152832
test_03669,0.5574047565460205
test_03670,0.4479653835296631
test_03671,0.3561725318431854
test_03672,0.16011957824230194
test_03673,0.46996697783470154
test_03674,0.632964551448822
test_03675,0.6911687254905701
test_03676,0.5193555951118469
test_03677,0.5720253586769104
test_03678,0.5545618534088135
test_03679,0.2601821720600128
test_03680,0.1728132963180542
test_03681,0.5766241550445557
test_03682,0.5034291744232178
test_03683,0.4846811294555664
test_03684,0.5804665088653564
test_03685,0.5281780362129211
test_03686,0.40770503878593445
test_03687,0.6046764850616455
test_03688,0.47448036074638367
test_03689,0.5511623620986938
test_03690,0.609676718711853
test_03691,0.5525908470153809
test_03692,0.357840359210968
test_03693,0.5279175043106079
test_03694,0.31615063548088074
test_03695,0.41330668330192566
test_03696,0.239389106631279
test_03697,0.47024044394493103
test_03698,0.5310842394828796
test_03699,0.5781429409980774
test_03700,0.4284190535545349
test_03701,0.5153298377990723
test_03702,0.5046858787536621
test_03703,0.5043953061103821
test_03704,0.36551591753959656
test_03705,0.3463613986968994
test_03706,0.4574058949947357
test_03707,0.47159674763679504
test_03708,0.37072017788887024
test_03709,0.5342748165130615
test_03710,0.5679040551185608
test_03711,0.4793442487716675
test_03712,0.5917286276817322
test_03713,0.3225243091583252
test_03714,0.5559609532356262
test_03715,0.54090416431427
test_03716,0.5192097425460815
test_03717,0.6444295048713684
test_03718,0.38772279024124146
test_03719,0.39438971877098083
test_03720,0.6076534986495972
test_03721,0.4808068871498108
test_03722,0.4095366895198822
test_03723,0.7589384317398071
test_03724,0.34113478660583496
test_03725,0.5302378535270691
test_03726,0.3066513240337372
test_03727,0.6744550466537476
test_03728,0.5840902924537659
test_03729,0.5195883512496948
test_03730,0.5227002501487732
test_03731,0.31837165355682373
test_03732,0.30837228894233704
test_03733,0.4493928551673889
test_03734,0.3164353370666504
test_03735,0.43724238872528076
test_03736,0.4988851547241211
test_03737,0.5532983541488647
test_03738,0.45781493186950684
test_03739,0.5254061818122864
test_03740,0.2958185076713562
test_03741,0.23179322481155396
test_03742,0.20767022669315338
test_03743,0.6325821876525879
test_03744,0.581004798412323
test_03745,0.5746980905532837
test_03746,0.3343413472175598
test_03747,0.12458182871341705
test_03748,0.3499545156955719
test_03749,0.5608389377593994
test_03750,0.5099383592605591
test_03751,0.5522914528846741
test_03752,0.3422802984714508
test_03753,0.7198036909103394
test_03754,0.4369920492172241
test_03755,0.4863739311695099
test_03756,0.22374948859214783
test_03757,0.4496341347694397
test_03758,0.5329076051712036
test_03759,0.654381513595581
test_03760,0.3053704798221588
test_03761,0.5494025349617004
test_03762,0.21720530092716217
test_03763,0.21162103116512299
test_03764,0.440721720457077
test_03765,0.25694385170936584
test_03766,0.4870699942111969
test_03767,0.5146317481994629
test_03768,0.2702257037162781
test_03769,0.5025226473808289
test_03770,0.5266585350036621
test_03771,0.5387886762619019
test_03772,0.6113694310188293
test_03773,0.27670037746429443
test_03774,0.07585154473781586
test_03775,0.582697868347168
test_03776,0.35937175154685974
test_03777,0.4517507255077362
test_03778,0.5880955457687378
test_03779,0.4509872794151306
test_03780,0.43896955251693726
test_03781,0.6434844136238098
test_03782,0.28338146209716797
test_03783,0.43577203154563904
test_03784,0.5861306190490723
test_03785,0.5284067988395691
test_03786,0.31864750385284424
test_03787,0.6234278082847595
test_03788,0.426186740398407
test_03789,0.4416292905807495
test_03790,0.4065021574497223
test_03791,0.4008912146091461
test_03792,0.15217669308185577
test_03793,0.4226561486721039
test_03794,0.4024856686592102
test_03795,0.48653146624565125
test_03796,0.4093879461288452
test_03797,0.3093402683734894
test_03798,0.45855826139450073
test_03799,0.33610793948173523
test_03800,0.6974030137062073
test_03801,0.5457221865653992
test_03802,0.195945605635643
test_03803,0.4507799744606018
test_03804,0.4129543602466583
test_03805,0.38605815172195435
test_03806,0.1958264857530594
test_03807,0.26190125942230225
test_03808,0.4513269364833832
test_03809,0.5103414058685303
test_03810,0.4853472411632538
test_03811,0.2796917259693146
test_03812,0.6191732883453369
test_03813,0.6208434104919434
test_03814,0.3428580164909363
test_03815,0.34397342801094055
test_03816,0.366698294878006
test_03817,0.5740260481834412
test_03818,0.45175209641456604
test_03819,0.6197657585144043
test_03820,0.4915792942047119
test_03821,0.7024531960487366
test_03822,0.4932261109352112
test_03823,0.28019434213638306
test_03824,0.15566420555114746
test_03825,0.367848664522171
test_03826,0.5074120163917542
test_03827,0.38856369256973267
test_03828,0.4607202410697937
test_03829,0.1311335265636444
test_03830,0.30189669132232666
test_03831,0.3914986252784729
test_03832,0.6000871062278748
test_03833,0.5533613562583923
test_03834,0.3389388620853424
test_03835,0.5118997693061829
test_03836,0.5599350929260254
test_03837,0.3315419554710388
test_03838,0.4455195665359497
test_03839,0.6796936988830566
test_03840,0.2801065146923065
test_03841,0.6447212100028992
test_03842,0.4950728714466095
test_03843,0.5130274295806885
test_03844,0.4400557279586792
test_03845,0.6282642483711243
test_03846,0.6574430465698242
test_03847,0.5169399976730347
test_03848,0.4446083903312683
test_03849,0.46107542514801025
test_03850,0.5156897306442261
test_03851,0.5585696697235107
test_03852,0.576452374458313
test_03853,0.5672387480735779
test_03854,0.48492977023124695
test_03855,0.3237718641757965
test_03856,0.3113805055618286
test_03857,0.42241930961608887
test_03858,0.5354828238487244
test_03859,0.4151691794395447
test_03860,0.45194143056869507
test_03861,0.4282595217227936
test_03862,0.47249776124954224
test_03863,0.21242360770702362
test_03864,0.54561448097229
test_03865,0.4782482981681824
test_03866,0.37462669610977173
test_03867,0.26725074648857117
test_03868,0.3749689757823944
test_03869,0.4721088707447052
test_03870,0.520519495010376
test_03871,0.3545757830142975
test_03872,0.5110044479370117
test_03873,0.14381618797779083
test_03874,0.318124920129776
test_03875,0.24838702380657196
test_03876,0.5055751204490662
test_03877,0.7570290565490723
test_03878,0.5586739182472229
test_03879,0.7471231818199158
test_03880,0.33395102620124817
test_03881,0.4839935898780823
test_03882,0.4991091787815094
test_03883,0.4310983419418335
test_03884,0.3541756570339203
test_03885,0.6279797554016113
test_03886,0.33649635314941406
test_03887,0.5205948948860168
test_03888,0.536119818687439
test_03889,0.3200627267360687
test_03890,0.5363305807113647
test_03891,0.49392926692962646
test_03892,0.5062006115913391
test_03893,0.509340763092041
test_03894,0.44453945755958557
test_03895,0.5090776085853577
test_03896,0.7424753308296204
test_03897,0.3243780732154846
test_03898,0.35888588428497314
test_03899,0.4857359826564789
test_03900,0.4091041088104248
test_03901,0.5531246066093445
test_03902,0.4186549782752991
test_03903,0.2924823462963104
test_03904,0.1227622851729393
test_03905,0.2589731812477112
test_03906,0.42898523807525635
test_03907,0.5459815263748169
test_03908,0.2998313009738922
test_03909,0.439683735370636
test_03910,0.48819831013679504
test_03911,0.3217967748641968
test_03912,0.4017272889614105
test_03913,0.693850576877594
test_03914,0.5031869411468506
test_03915,0.48822274804115295
test_03916,0.5019844770431519
test_03917,0.5034810304641724
test_03918,0.42630353569984436
test_03919,0.5530447959899902
test_03920,0.5474675297737122
test_03921,0.6592844724655151
test_03922,0.7004145979881287
test_03923,0.5338951945304871
test_03924,0.41114625334739685
test_03925,0.4496944844722748
test_03926,0.3882291316986084
test_03927,0.5571786165237427
test_03928,0.3928007185459137
test_03929,0.27762290835380554
test_03930,0.17050513625144958
test_03931,0.4612776041030884
test_03932,0.48143312335014343
test_03933,0.2836524248123169
test_03934,0.49394211173057556
test_03935,0.5405530333518982
test_03936,0.5085589289665222
test_03937,0.31720373034477234
test_03938,0.3645661175251007
test_03939,0.46428877115249634
test_03940,0.47355177998542786
test_03941,0.6409925818443298
test_03942,0.28038549423217773
test_03943,0.2524832785129547
test_03944,0.5502046942710876
test_03945,0.1855984330177307
test_03946,0.3608323037624359
test_03947,0.40533319115638733
test_03948,0.41666465997695923
test_03949,0.5095568895339966
test_03950,0.37406712770462036
test_03951,0.5003277659416199
test_03952,0.4591014087200165
test_03953,0.49147146940231323
test_03954,0.2695213258266449
test_03955,0.515605092048645
test_03956,0.4349536895751953
test_03957,0.4034970998764038
test_03958,0.6150825023651123
test_03959,0.1642133742570877
test_03960,0.685944139957428
test_03961,0.35391056537628174
test_03962,0.46709200739860535
test_03963,0.45095863938331604
test_03964,0.47485092282295227
test_03965,0.3265060484409332
test_03966,0.7155771255493164
test_03967,0.36837464570999146
test_03968,0.558013916015625
test_03969,0.4164475202560425
test_03970,0.30579742789268494
test_03971,0.44770294427871704
test_03972,0.3913733959197998
test_03973,0.38189104199409485
test_03974,0.4746973216533661
test_03975,0.5755687952041626
test_03976,0.5553250312805176
test_03977,0.4858790636062622
test_03978,0.5862218141555786
test_03979,0.5954036712646484
test_03980,0.34345439076423645
test_03981,0.3630065321922302
test_03982,0.5370453000068665
test_03983,0.4772076904773712
test_03984,0.527647852897644
test_03985,0.5104823112487793
test_03986,0.0237678661942482
test_03987,0.36722174286842346
test_03988,0.6752023100852966
test_03989,0.477294921875
test_03990,0.46405479311943054
test_03991,0.484708309173584
test_03992,0.11682544648647308
test_03993,0.5579648613929749
test_03994,0.27621811628341675
test_03995,0.2638566493988037
test_03996,0.4942173957824707
test_03997,0.555959939956665
test_03998,0.5413873195648193
test_03999,0.6068227887153625
test_04000,0.4840948283672333
test_04001,0.5494856238365173
test_04002,0.47136905789375305
test_04003,0.5281661748886108
test_04004,0.34168535470962524
test_04005,0.28264951705932617
test_04006,0.40054962038993835
test_04007,0.48862189054489136
test_04008,0.37491902709007263
test_04009,0.24212253093719482
test_04010,0.49796146154403687
test_04011,0.23377840220928192
test_04012,0.3838808238506317
test_04013,0.5034523010253906
test_04014,0.37257954478263855
test_04015,0.2663818299770355
test_04016,0.4453868269920349
test_04017,0.4440499544143677
test_04018,0.719592273235321
test_04019,0.3896728754043579
test_04020,0.47203660011291504
test_04021,0.7084565758705139
test_04022,0.6952651143074036
test_04023,0.5772374868392944
test_04024,0.4897885322570801
test_04025,0.3535442352294922
test_04026,0.4105066955089569
test_04027,0.46697738766670227
test_04028,0.5128682255744934
test_04029,0.4550521671772003
test_04030,0.34690141677856445
test_04031,0.3212552070617676
test_04032,0.2223460078239441
test_04033,0.32736167311668396
test_04034,0.5231223702430725
test_04035,0.15547163784503937
test_04036,0.3989870250225067
test_04037,0.4228062629699707
test_04038,0.33694785833358765
test_04039,0.30032917857170105
test_04040,0.5736693143844604
test_04041,0.7343313097953796
test_04042,0.5701952576637268
test_04043,0.2847733497619629
test_04044,0.4214712381362915
test_04045,0.3884163498878479
test_04046,0.47066575288772583
test_04047,0.4222809672355652
test_04048,0.5314156413078308
test_04049,0.6936640739440918
test_04050,0.628589928150177
test_04051,0.36877816915512085
test_04052,0.19725514948368073
test_04053,0.32658374309539795
test_04054,0.4586655795574188
test_04055,0.5511572360992432
test_04056,0.1895986795425415
test_04057,0.6527059674263
test_04058,0.5571923851966858
test_04059,0.32466524839401245
test_04060,0.6312457919120789
test_04061,0.4467311203479767
test_04062,0.49618834257125854
test_04063,0.48669925332069397
test_04064,0.47076812386512756
test_04065,0.5080071091651917
test_04066,0.28802430629730225
test_04067,0.43035292625427246
test_04068,0.41318315267562866
test_04069,0.6065559387207031
test_04070,0.5655496716499329
test_04071,0.24692228436470032
test_04072,0.5880948305130005
test_04073,0.42946186661720276
test_04074,0.6750333309173584
test_04075,0.3849988579750061
test_04076,0.411582350730896
test_04077,0.39161238074302673
test_04078,0.49184104800224304
test_04079,0.3061738610267639
test_04080,0.5705008506774902
test_04081,0.4625976085662842
test_04082,0.5330990552902222
test_04083,0.2939474284648895
test_04084,0.5756038427352905
test_04085,0.4868130683898926
test_04086,0.5123720169067383
test_04087,0.5276446342468262
test_04088,0.3713456392288208
test_04089,0.43644431233406067
test_04090,0.35630589723587036
test_04091,0.6034416556358337
test_04092,0.514797568321228
test_04093,0.6375964879989624
test_04094,0.23416295647621155
test_04095,0.599240243434906
test_04096,0.45709487795829773
test_04097,0.3831448256969452
test_04098,0.3759564459323883
test_04099,0.4725857079029083
test_04100,0.3874802589416504
test_04101,0.6105207800865173
test_04102,0.37525996565818787
test_04103,0.20997460186481476
test_04104,0.457651287317276
test_04105,0.3720128834247589
test_04106,0.27329209446907043
test_04107,0.5427295565605164
test_04108,0.5146292448043823
test_04109,0.6607968211174011
test_04110,0.37666910886764526
test_04111,0.18654274940490723
test_04112,0.2829643189907074
test_04113,0.5024808645248413
test_04114,0.3298206627368927
test_04115,0.5026517510414124
test_04116,0.2707628905773163
test_04117,0.465035080909729
test_04118,0.42021647095680237
test_04119,0.5227067470550537
test_04120,0.11619216948747635
test_04121,0.48463067412376404
test_04122,0.48101064562797546
test_04123,0.22733300924301147
test_04124,0.5590285658836365
test_04125,0.4095209836959839
test_04126,0.5042938590049744
test_04127,0.425781786441803
test_04128,0.4919038712978363
test_04129,0.6250740885734558
test_04130,0.6623097062110901
test_04131,0.5591926574707031
test_04132,0.798863410949707
test_04133,0.424376517534256
test_04134,0.5166352987289429
test_04135,0.33608144521713257
test_04136,0.6791387796401978
test_04137,0.5620938539505005
test_04138,0.3708290159702301
test_04139,0.35048243403434753
test_04140,0.5998756289482117
test_04141,0.48946553468704224
test_04142,0.5466395020484924
test_04143,0.5833022594451904
test_04144,0.44920986890792847
test_04145,0.2112002968788147
test_04146,0.4750169813632965
test_04147,0.2791004478931427
test_04148,0.49100199341773987
test_04149,0.5631117224693298
test_04150,0.44021016359329224
test_04151,0.41930273175239563
test_04152,0.38379108905792236
test_04153,0.5119318962097168
test_04154,0.5652626752853394
test_04155,0.5176293253898621
test_04156,0.49465087056159973
test_04157,0.3873752951622009
test_04158,0.38423439860343933
test_04159,0.1415821611881256
test_04160,0.2880449593067169
test_04161,0.4127160906791687
test_04162,0.4879283607006073
test_04163,0.4274243116378784
test_04164,0.5637291073799133
test_04165,0.5570988059043884
test_04166,0.5011547803878784
test_04167,0.4548787474632263
test_04168,0.36907634139060974
test_04169,0.3530696630477905
test_04170,0.5151177048683167
test_04171,0.19380661845207214
test_04172,0.4922149181365967
test_04173,0.5649998188018799
test_04174,0.22105063498020172
test_04175,0.3695642650127411
test_04176,0.25380295515060425
test_04177,0.4034096300601959
test_04178,0.45515555143356323
test_04179,0.6978236436843872
test_04180,0.21174348890781403
test_04181,0.47093531489372253
test_04182,0.26977404952049255
test_04183,0.4567307233810425
test_04184,0.4960343837738037
test_04185,0.1339109241962433
test_04186,0.5392869114875793
test_04187,0.5244910717010498
test_04188,0.5282294750213623
test_04189,0.46388235688209534
test_04190,0.5110552310943604
test_04191,0.39308232069015503
test_04192,0.3185952305793762
test_04193,0.6906750202178955
test_04194,0.3926214873790741
test_04195,0.4498905539512634
test_04196,0.5113860964775085
test_04197,0.5304374098777771
test_04198,0.5530163049697876
test_04199,0.5239740014076233
test_04200,0.23855017125606537
test_04201,0.6163854598999023
test_04202,0.5532162189483643
test_04203,0.5382176041603088
test_04204,0.41143691539764404
test_04205,0.40108722448349
test_04206,0.38229551911354065
test_04207,0.3810124695301056
test_04208,0.6210904121398926
test_04209,0.22016672790050507
test_04210,0.37053197622299194
test_04211,0.576865017414093
test_04212,0.6171892285346985
test_04213,0.46949583292007446
test_04214,0.4435954988002777
test_04215,0.18057656288146973
test_04216,0.4272530674934387
test_04217,0.2942519187927246
test_04218,0.5003196001052856
test_04219,0.41811737418174744
test_04220,0.22955770790576935
test_04221,0.4969772398471832
test_04222,0.30845150351524353
test_04223,0.4693589210510254
test_04224,0.41220414638519287
test_04225,0.47812655568122864
test_04226,0.6357565522193909
test_04227,0.5325819849967957
test_04228,0.2670271694660187
test_04229,0.7038564682006836
test_04230,0.38536709547042847
test_04231,0.348134309053421
test_04232,0.24223612248897552
test_04233,0.5757737755775452
test_04234,0.2735045552253723
test_04235,0.4202989935874939
test_04236,0.3219427168369293
test_04237,0.29964593052864075
test_04238,0.4719524681568146
test_04239,0.5529335737228394
test_04240,0.4579564332962036
test_04241,0.7374707460403442
test_04242,0.44578123092651367
test_04243,0.5343500375747681
test_04244,0.6881871819496155
test_04245,0.5213879346847534
test_04246,0.3213106691837311
test_04247,0.1974991410970688
test_04248,0.47167277336120605
test_04249,0.5164259076118469
test_04250,0.4286987781524658
test_04251,0.3351496458053589
test_04252,0.3473573625087738
test_04253,0.3047957420349121
test_04254,0.39058637619018555
test_04255,0.2882443368434906
test_04256,0.5545855164527893
test_04257,0.368284672498703
test_04258,0.5427275896072388
test_04259,0.43400272727012634
test_04260,0.22347410023212433
test_04261,0.4249851107597351
test_04262,0.32062625885009766
test_04263,0.5166633129119873
test_04264,0.5615765452384949
test_04265,0.41371655464172363
test_04266,0.4417218863964081
test_04267,0.4878595173358917
test_04268,0.34949010610580444
test_04269,0.5817639231681824
test_04270,0.5061610341072083
test_04271,0.36624839901924133
test_04272,0.28293126821517944
test_04273,0.5527682304382324
test_04274,0.2062765657901764
test_04275,0.3184010982513428
test_04276,0.3553391993045807
test_04277,0.1455487161874771
test_04278,0.40901148319244385
test_04279,0.5165560841560364
test_04280,0.14745445549488068
test_04281,0.4825643002986908
test_04282,0.2988722622394562
test_04283,0.5439969897270203
test_04284,0.37916338443756104
test_04285,0.5505101084709167
test_04286,0.5474920272827148
test_04287,0.4442928433418274
test_04288,0.5104929804801941
test_04289,0.7308887243270874
test_04290,0.3899132013320923
test_04291,0.8399567008018494
test_04292,0.3453081548213959
test_04293,0.5717933177947998
test_04294,0.2662660777568817
test_04295,0.4106765687465668
test_04296,0.44746965169906616
test_04297,0.48588404059410095
test_04298,0.39771953225135803
test_04299,0.4231078028678894
test_04300,0.6436100602149963
test_04301,0.468355268239975
test_04302,0.3671956956386566
test_04303,0.5361311435699463
test_04304,0.3194366991519928
test_04305,0.09450650960206985
test_04306,0.4783300459384918
test_04307,0.34549251198768616
test_04308,0.4134525656700134
test_04309,0.265471488237381
test_04310,0.49555855989456177
test_04311,0.43665143847465515
test_04312,0.434282511472702
test_04313,0.5079146027565002
test_04314,0.6676031351089478
test_04315,0.4580211639404297
test_04316,0.44831305742263794
test_04317,0.3041447401046753
test_04318,0.5645814538002014
test_04319,0.4374984800815582
test_04320,0.3669639229774475
test_04321,0.2422698736190796
test_04322,0.44187575578689575
test_04323,0.33513420820236206
test_04324,0.3408447504043579
test_04325,0.5116119384765625
test_04326,0.698238730430603
test_04327,0.46737128496170044
test_04328,0.40380191802978516
test_04329,0.754844069480896
test_04330,0.5304157137870789
test_04331,0.2884353697299957
test_04332,0.415145605802536
test_04333,0.362544983625412
test_04334,0.47442594170570374
test_04335,0.47566428780555725
test_04336,0.4594062268733978
test_04337,0.49143755435943604
test_04338,0.6352577209472656
test_04339,0.5864582061767578
test_04340,0.4363612234592438
test_04341,0.5942185521125793
test_04342,0.4948248863220215
test_04343,0.5456874966621399
test_04344,0.3838146924972534
test_04345,0.23572367429733276
test_04346,0.18678653240203857
test_04347,0.3312128186225891
test_04348,0.2599223554134369
test_04349,0.3945960998535156
test_04350,0.4852648079395294
test_04351,0.4961586594581604
test_04352,0.3542792797088623
test_04353,0.4593451917171478
test_04354,0.4203418791294098
test_04355,0.20086270570755005
test_04356,0.2755616009235382
test_04357,0.4060018062591553
test_04358,0.31868165731430054
test_04359,0.5565060973167419
test_04360,0.4315030872821808
test_04361,0.49452558159828186
test_04362,0.05964113026857376
test_04363,0.4706870913505554
test_04364,0.30629128217697144
test_04365,0.24539895355701447
test_04366,0.48611676692962646
test_04367,0.36350369453430176
test_04368,0.27670687437057495
test_04369,0.252678245306015
test_04370,0.5017294883728027
test_04371,0.4738541543483734
test_04372,0.3051917850971222
test_04373,0.5289134979248047
test_04374,0.39997655153274536
test_04375,0.4237383008003235
test_04376,0.16146914660930634
test_04377,0.32135528326034546
test_04378,0.47605225443840027
test_04379,0.11374358832836151
test_04380,0.301491916179657
test_04381,0.3816256523132324
test_04382,0.510887622833252
test_04383,0.1997666209936142
test_04384,0.4565374553203583
test_04385,0.27920639514923096
test_04386,0.5476541519165039
test_04387,0.28234511613845825
test_04388,0.5472384691238403
test_04389,0.45017555356025696
test_04390,0.43663910031318665
test_04391,0.38780534267425537
test_04392,0.1852520853281021
test_04393,0.40221425890922546
test_04394,0.480178564786911
test_04395,0.51639723777771
test_04396,0.5293977856636047
test_04397,0.4927228093147278
test_04398,0.2770632803440094
test_04399,0.4728657007217407
test_04400,0.5795217156410217
test_04401,0.4121461808681488
test_04402,0.2247808426618576
test_04403,0.5437201261520386
test_04404,0.4543650150299072
test_04405,0.5351828932762146
test_04406,0.3860054910182953
test_04407,0.4615066647529602
test_04408,0.37416335940361023
test_04409,0.29976731538772583
test_04410,0.2991095781326294
test_04411,0.5174400210380554
test_04412,0.4524487555027008
test_04413,0.4843268096446991
test_04414,0.33512845635414124
test_04415,0.5358888506889343
test_04416,0.7352288365364075
test_04417,0.4162830412387848
test_04418,0.3742484450340271
test_04419,0.2722175717353821
test_04420,0.48569104075431824
test_04421,0.3246678411960602
test_04422,0.3639554977416992
test_04423,0.08551517128944397
test_04424,0.5079612135887146
test_04425,0.4469873607158661
test_04426,0.28254425525665283
test_04427,0.3245079219341278
test_04428,0.34928086400032043
test_04429,0.47291985154151917
test_04430,0.37860074639320374
test_04431,0.31207239627838135
test_04432,0.5368423461914062
test_04433,0.371198832988739
test_04434,0.45431673526763916
test_04435,0.04858076199889183
test_04436,0.5582212805747986
test_04437,0.40937739610671997
test_04438,0.4609478712081909
test_04439,0.3348860740661621
test_04440,0.2614118158817291
test_04441,0.5529459118843079
test_04442,0.5019090175628662
test_04443,0.5510958433151245
test_04444,0.5725128054618835
test_04445,0.6954492926597595
test_04446,0.23958267271518707
test_04447,0.24543043971061707
test_04448,0.4506032168865204
test_04449,0.5375658869743347
test_04450,0.7092613577842712
test_04451,0.48238301277160645
test_04452,0.44761455059051514
test_04453,0.3182324171066284
test_04454,0.35182344913482666
test_04455,0.7199980616569519
test_04456,0.48067140579223633
test_04457,0.24769087135791779
test_04458,0.3656972646713257
test_04459,0.2781456410884857
test_04460,0.3732016980648041
test_04461,0.5058430433273315
test_04462,0.37856325507164
test_04463,0.41973239183425903
test_04464,0.35710424184799194
test_04465,0.2053069770336151
test_04466,0.5372968912124634
test_04467,0.575407862663269
test_04468,0.43259915709495544
test_04469,0.6540278792381287
test_04470,0.320082426071167
test_04471,0.48769673705101013
test_04472,0.4592912793159485
test_04473,0.4152383506298065
test_04474,0.3171198070049286
test_04475,0.4961928129196167
test_04476,0.16985586285591125
test_04477,0.5060338377952576
test_04478,0.6535739302635193
test_04479,0.5318661332130432
test_04480,0.23115754127502441
test_04481,0.16023042798042297
test_04482,0.38252776861190796
test_04483,0.46919047832489014
test_04484,0.27878549695014954
test_04485,0.6255813241004944
test_04486,0.1257670521736145
test_04487,0.690920352935791
test_04488,0.6044158935546875
test_04489,0.4702524244785309
test_04490,0.6668936014175415
test_04491,0.2902235984802246
test_04492,0.5865858197212219
test_04493,0.37019121646881104
test_04494,0.34546804428100586
test_04495,0.35675710439682007
test_04496,0.2881567180156708
test_04497,0.43847110867500305
test_04498,0.3198525011539459
test_04499,0.5819708108901978
test_04500,0.3657788038253784
test_04501,0.4704330563545227
test_04502,0.30802109837532043
test_04503,0.2862057685852051
test_04504,0.5280764698982239
test_04505,0.4971514940261841
test_04506,0.44253087043762207
test_04507,0.43444788455963135
test_04508,0.34466055035591125
test_04509,0.538408100605011
test_04510,0.6622064709663391
test_04511,0.6270235180854797
test_04512,0.7666751742362976
test_04513,0.3403279483318329
test_04514,0.28829625248908997
test_04515,0.38275083899497986
test_04516,0.18271128833293915
test_04517,0.5621852278709412
test_04518,0.6355104446411133
test_04519,0.4921814203262329
test_04520,0.48644185066223145
test_04521,0.28369876742362976
test_04522,0.5585387945175171
test_04523,0.49158090353012085
test_04524,0.4834240972995758
test_04525,0.1218366026878357
test_04526,0.4951525926589966
test_04527,0.4160078763961792
test_04528,0.5449588894844055
test_04529,0.5567089319229126
test_04530,0.20412448048591614
test_04531,0.3000887930393219
test_04532,0.49768707156181335
test_04533,0.3699566721916199
test_04534,0.45865628123283386
test_04535,0.22941698133945465
test_04536,0.2615970969200134
test_04537,0.15702581405639648
test_04538,0.31582018733024597
test_04539,0.4368579685688019
test_04540,0.20656350255012512
test_04541,0.42779386043548584
test_04542,0.34800779819488525
test_04543,0.330299973487854
test_04544,0.5589873790740967
test_04545,0.3381514549255371
test_04546,0.5278707146644592
test_04547,0.71418696641922
test_04548,0.23032905161380768
test_04549,0.26886454224586487
test_04550,0.49343574047088623
test_04551,0.13272427022457123
test_04552,0.4891141951084137
test_04553,0.5542798042297363
test_04554,0.5333846211433411
test_04555,0.49885642528533936
test_04556,0.620884895324707
test_04557,0.5063550472259521
test_04558,0.47178786993026733
test_04559,0.3861924409866333
test_04560,0.5067659020423889
test_04561,0.45681488513946533
test_04562,0.5160492658615112
test_04563,0.3696478605270386
test_04564,0.4570927023887634
test_04565,0.5670524835586548
test_04566,0.5479174256324768
test_04567,0.3856617212295532
test_04568,0.5120698809623718
test_04569,0.22650393843650818
test_04570,0.5634453296661377
test_04571,0.23696336150169373
test_04572,0.4540713131427765
test_04573,0.3429202735424042
test_04574,0.5622615218162537
test_04575,0.5124492049217224
test_04576,0.3015071451663971
test_04577,0.4461881220340729
test_04578,0.5118488669395447
test_04579,0.2500454783439636
test_04580,0.5712061524391174
test_04581,0.5775347948074341
test_04582,0.4794742465019226
test_04583,0.43345654010772705
test_04584,0.3824630379676819
test_04585,0.48031216859817505
test_04586,0.507573664188385
test_04587,0.5386514663696289
test_04588,0.5203204154968262
test_04589,0.30990108847618103
test_04590,0.5378303527832031
test_04591,0.35286402702331543
test_04592,0.375296026468277
test_04593,0.3166978657245636
test_04594,0.38558250665664673
test_04595,0.4709615409374237
test_04596,0.7373954057693481
test_04597,0.5293136835098267
test_04598,0.27545028924942017
test_04599,0.5138418674468994
test_04600,0.4065113067626953
test_04601,0.5002127289772034
test_04602,0.2412666529417038
test_04603,0.632759690284729
test_04604,0.4702097177505493
test_04605,0.4818118214607239
test_04606,0.6232827305793762
test_04607,0.5306791663169861
test_04608,0.35222259163856506
test_04609,0.3965505361557007
test_04610,0.4250377416610718
test_04611,0.486123651266098
test_04612,0.5426173210144043
test_04613,0.1712566316127777
test_04614,0.4457316994667053
test_04615,0.42815089225769043
test_04616,0.3670702576637268
test_04617,0.6171315312385559
test_04618,0.392326295375824
test_04619,0.30178460478782654
test_04620,0.48481789231300354
test_04621,0.35487961769104004
test_04622,0.570184588432312
test_04623,0.41884076595306396
test_04624,0.47141438722610474
test_04625,0.5222310423851013
test_04626,0.4525701105594635
test_04627,0.4749623239040375
test_04628,0.41187819838523865
test_04629,0.7935430407524109
test_04630,0.15437544882297516
test_04631,0.31696510314941406
test_04632,0.4244285225868225
test_04633,0.4580276608467102
test_04634,0.3992577791213989
test_04635,0.5000267028808594
test_04636,0.29273080825805664
test_04637,0.41312023997306824
test_04638,0.5441542267799377
test_04639,0.5839272737503052
test_04640,0.5587137937545776
test_04641,0.46738097071647644
test_04642,0.2465585470199585
test_04643,0.33866944909095764
test_04644,0.48611879348754883
test_04645,0.5359653234481812
test_04646,0.5344641208648682
test_04647,0.6102954149246216
test_04648,0.7615892887115479
test_04649,0.3385922312736511
test_04650,0.5792673826217651
test_04651,0.45109638571739197
test_04652,0.42352530360221863
test_04653,0.45338940620422363
test_04654,0.37800273299217224
test_04655,0.17764757573604584
test_04656,0.5724034905433655
test_04657,0.5155137777328491
test_04658,0.5217942595481873
test_04659,0.4334598481655121
test_04660,0.36685803532600403
test_04661,0.4188496172428131
test_04662,0.5003066658973694
test_04663,0.570573627948761
test_04664,0.35591769218444824
test_04665,0.2915365397930145
test_04666,0.4348217844963074
test_04667,0.6525848507881165
test_04668,0.20474568009376526
test_04669,0.5403798818588257
test_04670,0.632297158241272
test_04671,0.6248430609703064
test_04672,0.7970540523529053
test_04673,0.2133720964193344
test_04674,0.366009920835495
test_04675,0.5293720364570618
test_04676,0.08501383662223816
test_04677,0.5108796954154968
test_04678,0.44015759229660034
test_04679,0.4193890392780304
test_04680,0.40353158116340637
test_04681,0.4094473421573639
test_04682,0.3690207004547119
test_04683,0.3854517638683319
test_04684,0.40730634331703186
test_04685,0.3452564477920532
test_04686,0.5184613466262817
test_04687,0.34196391701698303
test_04688,0.40782445669174194
test_04689,0.3493114709854126
test_04690,0.4934455454349518
test_04691,0.5479480624198914
test_04692,0.4810996949672699
test_04693,0.5979411005973816
test_04694,0.49297288060188293
test_04695,0.37299609184265137
test_04696,0.49584707617759705
test_04697,0.399732768535614
test_04698,0.6243242621421814
test_04699,0.4761194586753845
test_04700,0.7557037472724915
test_04701,0.5495980978012085
test_04702,0.4165913164615631
test_04703,0.7685816884040833
test_04704,0.43982627987861633
test_04705,0.38163140416145325
test_04706,0.5603591799736023
test_04707,0.6474815607070923
test_04708,0.48119479417800903
test_04709,0.2795340120792389
test_04710,0.7044910192489624
test_04711,0.25152719020843506
test_04712,0.49552851915359497
test_04713,0.49594709277153015
test_04714,0.4891451895236969
test_04715,0.5632654428482056
test_04716,0.42987000942230225
test_04717,0.49595963954925537
test_04718,0.16213129460811615
test_04719,0.6306775212287903
test_04720,0.5585461258888245
test_04721,0.5020703077316284
test_04722,0.5013014078140259
test_04723,0.4308549463748932
test_04724,0.44865161180496216
test_04725,0.36931073665618896
test_04726,0.30786457657814026
test_04727,0.4034091532230377
test_04728,0.3907664716243744
test_04729,0.39882901310920715
test_04730,0.5587056875228882
test_04731,0.5067716836929321
test_04732,0.7874482274055481
test_04733,0.529843807220459
test_04734,0.25462576746940613
test_04735,0.3560856282711029
test_04736,0.48374128341674805
test_04737,0.6169077754020691
test_04738,0.4023713171482086
test_04739,0.5240740180015564
test_04740,0.3911348581314087
test_04741,0.3411400616168976
test_04742,0.6153985261917114
test_04743,0.17889751493930817
test_04744,0.42168065905570984
test_04745,0.5661788582801819
test_04746,0.21246860921382904
test_04747,0.3317963480949402
test_04748,0.5109555125236511
test_04749,0.40964269638061523
test_04750,0.5435552000999451
test_04751,0.5612737536430359
test_04752,0.41529473662376404
test_04753,0.1857098639011383
test_04754,0.44718506932258606
test_04755,0.5545578002929688
test_04756,0.4265117645263672
test_04757,0.13223809003829956
test_04758,0.4121462106704712
test_04759,0.6241395473480225
test_04760,0.6647624373435974
test_04761,0.3962166905403137
test_04762,0.6070432662963867
test_04763,0.12660738825798035
test_04764,0.1734151691198349
test_04765,0.3106972277164459
test_04766,0.282492458820343
test_04767,0.5902512073516846
test_04768,0.482820600271225
test_04769,0.5882630944252014
test_04770,0.4965263307094574
test_04771,0.5528755187988281
test_04772,0.5671508312225342
test_04773,0.40894344449043274
test_04774,0.5302597284317017
test_04775,0.19564925134181976
test_04776,0.25935229659080505
test_04777,0.265540212392807
test_04778,0.47979867458343506
test_04779,0.43670234084129333
test_04780,0.20754070580005646
test_04781,0.42029401659965515
test_04782,0.3847101628780365
test_04783,0.4465866982936859
test_04784,0.4711962044239044
test_04785,0.14742811024188995
test_04786,0.3057129383087158
test_04787,0.37826210260391235
test_04788,0.5514593124389648
test_04789,0.5983396768569946
test_04790,0.21352583169937134
test_04791,0.368447870016098
test_04792,0.48012563586235046
test_04793,0.32011133432388306
test_04794,0.19636322557926178
test_04795,0.37613943219184875
test_04796,0.4596070349216461
test_04797,0.7458213567733765
test_04798,0.5874707102775574
test_04799,0.6467834711074829
test_04800,0.12439532577991486
test_04801,0.46128174662590027
test_04802,0.4732760488986969
test_04803,0.429731547832489
test_04804,0.46705976128578186
test_04805,0.29264214634895325
test_04806,0.45766541361808777
test_04807,0.5148248672485352
test_04808,0.38322049379348755
test_04809,0.5305978655815125
test_04810,0.44485029578208923
test_04811,0.49154195189476013
test_04812,0.6783468723297119
test_04813,0.45491331815719604
test_04814,0.4170045256614685
test_04815,0.4148077964782715
test_04816,0.5820682644844055
test_04817,0.49528515338897705
test_04818,0.457794189453125
test_04819,0.6654714345932007
test_04820,0.29598233103752136
test_04821,0.5796880125999451
test_04822,0.8005974292755127
test_04823,0.558205783367157
test_04824,0.40123486518859863
test_04825,0.2955646216869354
test_04826,0.6114799976348877
test_04827,0.26530852913856506
test_04828,0.6884751915931702
test_04829,0.35812678933143616
test_04830,0.44003739953041077
test_04831,0.48357564210891724
test_04832,0.5010421276092529
test_04833,0.1794200837612152
test_04834,0.3618873655796051
test_04835,0.42637839913368225
test_04836,0.4464890658855438
test_04837,0.4321047365665436
test_04838,0.43694472312927246
test_04839,0.5158554911613464
test_04840,0.2880550026893616
test_04841,0.3513316512107849
test_04842,0.20948518812656403
test_04843,0.48677074909210205
test_04844,0.1774420291185379
test_04845,0.4071662127971649
test_04846,0.3348537087440491
test_04847,0.19273044168949127
test_04848,0.43508410453796387
test_04849,0.5492091774940491
test_04850,0.6652041077613831
test_04851,0.5399213433265686
test_04852,0.49571487307548523
test_04853,0.4519615173339844
test_04854,0.4414140582084656
test_04855,0.4819709360599518
test_04856,0.6315488219261169
test_04857,0.5351163744926453
test_04858,0.49095600843429565
test_04859,0.6457679271697998
test_04860,0.32982420921325684
test_04861,0.5903593301773071
test_04862,0.2397526651620865
test_04863,0.4495868980884552
test_04864,0.5028135776519775
test_04865,0.28655514121055603
test_04866,0.2163311094045639
test_04867,0.5439078211784363
test_04868,0.6910654902458191
test_04869,0.32317957282066345
test_04870,0.11521734297275543
test_04871,0.6482674479484558
test_04872,0.41261905431747437
test_04873,0.44306161999702454
test_04874,0.5329059958457947
test_04875,0.4866349399089813
test_04876,0.31496989727020264
test_04877,0.3573824167251587
test_04878,0.34745606780052185
test_04879,0.34405750036239624
test_04880,0.4720209836959839
test_04881,0.36903607845306396
test_04882,0.5104337930679321
test_04883,0.49163416028022766
test_04884,0.18534737825393677
test_04885,0.32861727476119995
test_04886,0.4235518276691437
test_04887,0.36370259523391724
test_04888,0.3999188542366028
test_04889,0.1774442046880722
test_04890,0.4042639434337616
test_04891,0.4409028887748718
test_04892,0.2710191309452057
test_04893,0.5541179180145264
test_04894,0.48997390270233154
test_04895,0.43848153948783875
test_04896,0.40207114815711975
test_04897,0.2893332540988922
test_04898,0.3519160747528076
test_04899,0.3657582104206085
test_04900,0.31981533765792847
test_04901,0.43671414256095886
test_04902,0.6060424447059631
test_04903,0.31299924850463867
test_04904,0.399482786655426
test_04905,0.48388656973838806
test_04906,0.32960963249206543
test_04907,0.49741312861442566
test_04908,0.39152002334594727
test_04909,0.38977137207984924
test_04910,0.32584890723228455
test_04911,0.5342645645141602
test_04912,0.4143279194831848
test_04913,0.4785451889038086
test_04914,0.51692134141922
test_04915,0.26750990748405457
test_04916,0.4044446647167206
test_04917,0.39264819025993347
test_04918,0.5591382384300232
test_04919,0.2013377547264099
test_04920,0.48868998885154724
test_04921,0.5287900567054749
test_04922,0.5302323698997498
test_04923,0.5133388638496399
test_04924,0.20705243945121765
test_04925,0.547609806060791
test_04926,0.6761974096298218
test_04927,0.5408748388290405
test_04928,0.3123544752597809
test_04929,0.526188850402832
test_04930,0.4305359125137329
test_04931,0.5233967304229736
test_04932,0.46644172072410583
test_04933,0.30461448431015015
test_04934,0.38869792222976685
test_04935,0.5153195858001709
test_04936,0.4653627276420593
test_04937,0.4129730761051178
test_04938,0.3580227792263031
test_04939,0.46804824471473694
test_04940,0.5071393847465515
test_04941,0.5702518224716187
test_04942,0.5375838279724121
test_04943,0.4916631877422333
test_04944,0.5126709342002869
test_04945,0.21005412936210632
test_04946,0.49838849902153015
test_04947,0.30926376581192017
test_04948,0.3547918200492859
test_04949,0.6097615361213684
test_04950,0.3769094944000244
test_04951,0.494308203458786
test_04952,0.323918879032135
test_04953,0.3292542099952698
test_04954,0.4735051095485687
test_04955,0.29506418108940125
test_04956,0.585229754447937
test_04957,0.4611023962497711
test_04958,0.6067711114883423
test_04959,0.5562079548835754
test_04960,0.6444606781005859
test_04961,0.5389304161071777
test_04962,0.4814710319042206
test_04963,0.46329888701438904
test_04964,0.46904316544532776
test_04965,0.4185020923614502
test_04966,0.4142168462276459
test_04967,0.17524223029613495
test_04968,0.3407982289791107
test_04969,0.28152915835380554
test_04970,0.47107499837875366
test_04971,0.48730552196502686
test_04972,0.5552293658256531
test_04973,0.6405726671218872
test_04974,0.5696983337402344
test_04975,0.43829983472824097
test_04976,0.4453977048397064
test_04977,0.5060722827911377
test_04978,0.5505104660987854
test_04979,0.47514668107032776
test_04980,0.500878095626831
test_04981,0.46070775389671326
test_04982,0.5736279487609863
test_04983,0.44334542751312256
test_04984,0.3824710249900818
test_04985,0.6929206252098083
test_04986,0.44579678773880005
test_04987,0.4317821264266968
test_04988,0.39655643701553345
test_04989,0.6090381741523743
test_04990,0.48819729685783386
test_04991,0.43251946568489075
test_04992,0.4909837245941162
test_04993,0.2099941074848175
test_04994,0.39805078506469727
test_04995,0.4160086512565613
test_04996,0.41981202363967896
test_04997,0.33870550990104675
test_04998,0.6549765467643738
test_04999,0.37807613611221313
test_05000,0.5452855229377747
test_05001,0.48503515124320984
test_05002,0.3144117295742035
test_05003,0.3927384912967682
test_05004,0.45850110054016113
test_05005,0.5273067951202393
test_05006,0.17073926329612732
test_05007,0.25214341282844543
test_05008,0.5547539591789246
test_05009,0.5887467265129089
test_05010,0.301654189825058
test_05011,0.49604588747024536
test_05012,0.41581472754478455
test_05013,0.6733936667442322
test_05014,0.6915193200111389
test_05015,0.3787134885787964
test_05016,0.39649319648742676
test_05017,0.434396892786026
test_05018,0.5671721696853638
test_05019,0.4904221296310425
test_05020,0.745873749256134
test_05021,0.1589985340833664
test_05022,0.43750038743019104
test_05023,0.36796116828918457
test_05024,0.2570318281650543
test_05025,0.31143251061439514
test_05026,0.5506286025047302
test_05027,0.33963263034820557
test_05028,0.656616747379303
test_05029,0.2145206183195114
test_05030,0.4856101870536804
test_05031,0.3953450918197632
test_05032,0.21735316514968872
test_05033,0.4479083716869354
test_05034,0.2979825437068939
test_05035,0.5624480247497559
test_05036,0.4907863140106201
test_05037,0.32966148853302
test_05038,0.2538870871067047
test_05039,0.4487062394618988
test_05040,0.5044026374816895
test_05041,0.6685180068016052
test_05042,0.2536745071411133
test_05043,0.49718600511550903
test_05044,0.23582471907138824
test_05045,0.35929855704307556
test_05046,0.30936577916145325
test_05047,0.21483933925628662
test_05048,0.23411349952220917
test_05049,0.5060636401176453
test_05050,0.47050461173057556
test_05051,0.47760987281799316
test_05052,0.46675148606300354
test_05053,0.4983793795108795
test_05054,0.4869844317436218
test_05055,0.22811609506607056
test_05056,0.27031707763671875
test_05057,0.46195846796035767
test_05058,0.27306869626045227
test_05059,0.7989609837532043
test_05060,0.4537220895290375
test_05061,0.7545853853225708
test_05062,0.4043247401714325
test_05063,0.4597141444683075
test_05064,0.2875019311904907
test_05065,0.44610193371772766
test_05066,0.6135815382003784
test_05067,0.5545105338096619
test_05068,0.7163645029067993
test_05069,0.3909660279750824
test_05070,0.4254860579967499
test_05071,0.599068284034729
test_05072,0.46616244316101074
test_05073,0.4358937442302704
test_05074,0.5075218081474304
test_05075,0.5046417713165283
test_05076,0.41911956667900085
test_05077,0.5187508463859558
test_05078,0.5681741833686829
test_05079,0.4212314188480377
test_05080,0.23047710955142975
test_05081,0.6743865609169006
test_05082,0.48666658997535706
test_05083,0.7217377424240112
test_05084,0.45162108540534973
test_05085,0.42332181334495544
test_05086,0.4468657076358795
test_05087,0.32404401898384094
test_05088,0.2674526572227478
test_05089,0.2647287845611572
test_05090,0.7854138612747192
test_05091,0.2138817012310028
test_05092,0.32360056042671204
test_05093,0.395424485206604
test_05094,0.4334247410297394
test_05095,0.4629926383495331
test_05096,0.6048561930656433
test_05097,0.5616569519042969
test_05098,0.6577069759368896
test_05099,0.5174531936645508
test_05100,0.700353741645813
test_05101,0.6384463310241699
test_05102,0.5162807703018188
test_05103,0.35829710960388184
test_05104,0.6393417716026306
test_05105,0.2893080711364746
test_05106,0.3180917501449585
test_05107,0.4452594518661499
test_05108,0.20301669836044312
test_05109,0.4492291212081909
test_05110,0.4587607979774475
test_05111,0.5680183172225952
test_05112,0.5157601237297058
test_05113,0.5120139718055725
test_05114,0.6890484094619751
test_05115,0.41301244497299194
test_05116,0.37927696108818054
test_05117,0.5312598347663879
test_05118,0.3834753632545471
test_05119,0.3328053653240204
test_05120,0.5649515390396118
test_05121,0.4610627591609955
test_05122,0.2916264533996582
test_05123,0.4117104113101959
test_05124,0.2863799035549164
test_05125,0.4266858398914337
test_05126,0.5237642526626587
test_05127,0.37800464034080505
test_05128,0.4794733226299286
test_05129,0.46655502915382385
test_05130,0.36336198449134827
test_05131,0.29532739520072937
test_05132,0.6219529509544373
test_05133,0.4862235188484192
test_05134,0.3769836127758026
test_05135,0.5987644791603088
test_05136,0.515507698059082
test_05137,0.6773743629455566
test_05138,0.5516782999038696
test_05139,0.18010719120502472
test_05140,0.650226891040802
test_05141,0.48031795024871826
test_05142,0.24610993266105652
test_05143,0.5477158427238464
test_05144,0.8258119225502014
test_05145,0.42603248357772827
test_05146,0.5659824013710022
test_05147,0.3313356935977936
test_05148,0.5023716688156128
test_05149,0.6509524583816528
test_05150,0.3061414361000061
test_05151,0.5116859674453735
test_05152,0.5213100910186768
test_05153,0.4483184218406677
test_05154,0.2918822765350342
test_05155,0.5009137988090515
test_05156,0.5100398063659668
test_05157,0.4677780568599701
test_05158,0.5598741769790649
test_05159,0.21436095237731934
test_05160,0.6422348618507385
test_05161,0.4585854411125183
test_05162,0.5506488084793091
test_05163,0.39888665080070496
test_05164,0.15464746952056885
test_05165,0.15698032081127167
test_05166,0.34175044298171997
test_05167,0.4163442850112915
test_05168,0.5185266137123108
test_05169,0.4589892029762268
test_05170,0.4494091272354126
test_05171,0.43902522325515747
test_05172,0.4728367030620575
test_05173,0.3016069829463959
test_05174,0.4044041931629181
test_05175,0.2440524846315384
test_05176,0.4664320647716522
test_05177,0.40505778789520264
test_05178,0.21765124797821045
test_05179,0.30687621235847473
test_05180,0.5371991991996765
test_05181,0.4386526048183441
test_05182,0.5557484030723572
test_05183,0.525039553642273
test_05184,0.3865237832069397
test_05185,0.49481940269470215
test_05186,0.6103806495666504
test_05187,0.23090726137161255
test_05188,0.5170091986656189
test_05189,0.5288999676704407
test_05190,0.4842849671840668
test_05191,0.35741639137268066
test_05192,0.4557678997516632
test_05193,0.2715277373790741
test_05194,0.5186029076576233
test_05195,0.4705449342727661
test_05196,0.5001453161239624
test_05197,0.4814043641090393
test_05198,0.6377407312393188
test_05199,0.59510737657547
test_05200,0.5522512197494507
test_05201,0.3119388222694397
test_05202,0.39037224650382996
test_05203,0.3674805462360382
test_05204,0.4639536142349243
test_05205,0.4863942265510559
test_05206,0.45607393980026245
test_05207,0.3903166353702545
test_05208,0.5505083203315735
test_05209,0.5454172492027283
test_05210,0.21719558537006378
test_05211,0.5124637484550476
test_05212,0.4388576149940491
test_05213,0.3462150990962982
test_05214,0.5162266492843628
test_05215,0.3928736448287964
test_05216,0.4192836582660675
test_05217,0.58039790391922
test_05218,0.39483344554901123
test_05219,0.4008939564228058
test_05220,0.21238814294338226
test_05221,0.5043070912361145
test_05222,0.38061657547950745
test_05223,0.5330656170845032
test_05224,0.4327318072319031
test_05225,0.5585349798202515
test_05226,0.5038524866104126
test_05227,0.6046753525733948
test_05228,0.5664792060852051
test_05229,0.2801302969455719
test_05230,0.7308281064033508
test_05231,0.41105663776397705
test_05232,0.4167981445789337
test_05233,0.32605358958244324
test_05234,0.4589086174964905
test_05235,0.4504409730434418
test_05236,0.6312092542648315
test_05237,0.4729948937892914
test_05238,0.5037825107574463
test_05239,0.47063374519348145
test_05240,0.5517217516899109
test_05241,0.5043351054191589
test_05242,0.37021753191947937
test_05243,0.567030668258667
test_05244,0.19527272880077362
test_05245,0.6643156409263611
test_05246,0.5012108683586121
test_05247,0.5221169590950012
test_05248,0.6146997213363647
test_05249,0.48731502890586853
test_05250,0.5866021513938904
test_05251,0.18337637186050415
test_05252,0.8268347978591919
test_05253,0.41924619674682617
test_05254,0.47589191794395447
test_05255,0.3552023470401764
test_05256,0.13499273359775543
test_05257,0.49114251136779785
test_05258,0.3510216772556305
test_05259,0.45591697096824646
test_05260,0.41171711683273315
test_05261,0.36235731840133667
test_05262,0.4245547652244568
test_05263,0.3802392780780792
test_05264,0.42648956179618835
test_05265,0.30889958143234253
test_05266,0.42400044202804565
test_05267,0.5553126931190491
test_05268,0.40439000725746155
test_05269,0.24288320541381836
test_05270,0.4550689458847046
test_05271,0.5225390791893005
test_05272,0.6459916830062866
test_05273,0.30743131041526794
test_05274,0.6183023452758789
test_05275,0.6706538200378418
test_05276,0.45214664936065674
test_05277,0.4937478303909302
test_05278,0.5338317155838013
test_05279,0.4303213655948639
test_05280,0.30754712224006653
test_05281,0.7003640532493591
test_05282,0.599755585193634
test_05283,0.20933492481708527
test_05284,0.5231528878211975
test_05285,0.23337529599666595
test_05286,0.3475579619407654
test_05287,0.49150118231773376
test_05288,0.4781712591648102
test_05289,0.19646596908569336
test_05290,0.4114111363887787
test_05291,0.5825762152671814
test_05292,0.3932156562805176
test_05293,0.4339738190174103
test_05294,0.2695223391056061
test_05295,0.254499226808548
test_05296,0.14530009031295776
test_05297,0.3914174437522888
test_05298,0.4629654586315155
test_05299,0.27570754289627075
test_05300,0.46319541335105896
test_05301,0.45291826128959656
test_05302,0.3826808035373688
test_05303,0.4747715890407562
test_05304,0.6473808288574219
test_05305,0.5017340779304504
test_05306,0.5803016424179077
test_05307,0.6449854969978333
test_05308,0.3919321894645691
test_05309,0.5263925790786743
test_05310,0.19265587627887726
test_05311,0.15091104805469513
test_05312,0.31320425868034363
test_05313,0.4635748863220215
test_05314,0.45657745003700256
test_05315,0.5088086128234863
test_05316,0.44334542751312256
test_05317,0.4802047312259674
test_05318,0.2571180462837219
test_05319,0.4359331727027893
test_05320,0.5022075176239014
test_05321,0.3171803057193756
test_05322,0.5701843500137329
test_05323,0.247894287109375
test_05324,0.38835838437080383
test_05325,0.5177039504051208
test_05326,0.3302112817764282
test_05327,0.505298376083374
test_05328,0.5985087156295776
test_05329,0.4888550043106079
test_05330,0.35016536712646484
test_05331,0.4811927378177643
test_05332,0.2931864857673645
test_05333,0.534122884273529
test_05334,0.2374817281961441
test_05335,0.3990793526172638
test_05336,0.17619255185127258
test_05337,0.5056771636009216
test_05338,0.583906888961792
test_05339,0.21175435185432434
test_05340,0.50944584608078
test_05341,0.6419556736946106
test_05342,0.5901427268981934
test_05343,0.6842772960662842
test_05344,0.44192224740982056
test_05345,0.4908502995967865
test_05346,0.6261220574378967
test_05347,0.4960498511791229
test_05348,0.49295851588249207
test_05349,0.3601827025413513
test_05350,0.43972381949424744
test_05351,0.4598633944988251
test_05352,0.42331910133361816
test_05353,0.5991061925888062
test_05354,0.4824315309524536
test_05355,0.3427227735519409
test_05356,0.44846999645233154
test_05357,0.39203691482543945
test_05358,0.605361819267273
test_05359,0.5266726016998291
test_05360,0.4489830434322357
test_05361,0.4530331492424011
test_05362,0.30071261525154114
test_05363,0.41341105103492737
test_05364,0.4011595845222473
test_05365,0.3522239625453949
test_05366,0.41113537549972534
test_05367,0.37973472476005554
test_05368,0.4342842996120453
test_05369,0.46430861949920654
test_05370,0.6026543378829956
test_05371,0.4323046803474426
test_05372,0.5328818559646606
test_05373,0.2638826370239258
test_05374,0.3566780984401703
test_05375,0.40840333700180054
test_05376,0.6605470776557922
test_05377,0.12882311642169952
test_05378,0.304808646440506
test_05379,0.4398670494556427
test_05380,0.6738612055778503
test_05381,0.6451317667961121
test_05382,0.5367419719696045
test_05383,0.6018280386924744
test_05384,0.5176851153373718
test_05385,0.45611798763275146
test_05386,0.24435412883758545
test_05387,0.6940129399299622
test_05388,0.24930548667907715
test_05389,0.2654598355293274
test_05390,0.7479315996170044
test_05391,0.35867831110954285
test_05392,0.397683322429657
test_05393,0.11507268249988556
test_05394,0.45752209424972534
test_05395,0.49747979640960693
test_05396,0.5088922381401062
test_05397,0.495917946100235
test_05398,0.6914812326431274
test_05399,0.24130329489707947
test_05400,0.559990644454956
test_05401,0.4893609583377838
test_05402,0.3922712504863739
test_05403,0.34408998489379883
test_05404,0.47592708468437195
test_05405,0.1817053258419037
test_05406,0.4500924050807953
test_05407,0.44610750675201416
test_05408,0.6158398985862732
test_05409,0.22223301231861115
test_05410,0.5699018239974976
test_05411,0.24700267612934113
test_05412,0.6422044634819031
test_05413,0.46971967816352844
test_05414,0.5560482144355774
test_05415,0.21902798116207123
test_05416,0.6061719655990601
test_05417,0.4406048059463501
test_05418,0.4340522289276123
test_05419,0.4275776445865631
test_05420,0.5452558994293213
test_05421,0.6169322729110718
test_05422,0.3427523076534271
test_05423,0.4939810335636139
test_05424,0.47392478585243225
test_05425,0.5107879042625427
test_05426,0.5417913794517517
test_05427,0.5388936400413513
test_05428,0.6440890431404114
test_05429,0.5074641108512878
test_05430,0.42855361104011536
test_05431,0.18134582042694092
test_05432,0.5012320280075073
test_05433,0.6283510327339172
test_05434,0.43783605098724365
test_05435,0.37781670689582825
test_05436,0.5002733469009399
test_05437,0.3374924063682556
test_05438,0.45469608902931213
test_05439,0.46714797616004944
test_05440,0.10432315617799759
test_05441,0.6494244337081909
test_05442,0.4354199767112732
test_05443,0.45696794986724854
test_05444,0.42428597807884216
test_05445,0.39224645495414734
test_05446,0.528924286365509
test_05447,0.6315962672233582
test_05448,0.31795263290405273
test_05449,0.5185032486915588
test_05450,0.4617416262626648
test_05451,0.12880094349384308
test_05452,0.3911745250225067
test_05453,0.7891030311584473
test_05454,0.08292609453201294
test_05455,0.04859945923089981
test_05456,0.3997509479522705
test_05457,0.5011054277420044
test_05458,0.23597368597984314
test_05459,0.3857561945915222
test_05460,0.4301871359348297
test_05461,0.3544696867465973
test_05462,0.43337833881378174
test_05463,0.38956066966056824
test_05464,0.7296213507652283
test_05465,0.5375394821166992
test_05466,0.640042781829834
test_05467,0.39129215478897095
test_05468,0.3557863235473633
test_05469,0.5213258862495422
test_05470,0.46162378787994385
test_05471,0.417773962020874
test_05472,0.39734551310539246
test_05473,0.5826796889305115
test_05474,0.5087226629257202
test_05475,0.37934213876724243
test_05476,0.4802984893321991
test_05477,0.11196321249008179
test_05478,0.43959373235702515
test_05479,0.5062332153320312
test_05480,0.45241692662239075
test_05481,0.5336960554122925
test_05482,0.30275607109069824
test_05483,0.7296470999717712
test_05484,0.22116786241531372
test_05485,0.5188509225845337
test_05486,0.6833335757255554
test_05487,0.4623365104198456
test_05488,0.41954854130744934
test_05489,0.4094769060611725
test_05490,0.4612850546836853
test_05491,0.5152296423912048
test_05492,0.5400765538215637
test_05493,0.38090211153030396
test_05494,0.15693308413028717
test_05495,0.7751346826553345
test_05496,0.37296175956726074
test_05497,0.20077277719974518
test_05498,0.4128592908382416
test_05499,0.5766358971595764
test_05500,0.4303819537162781
test_05501,0.5220084190368652
test_05502,0.5802745819091797
test_05503,0.4475896954536438
test_05504,0.2974112033843994
test_05505,0.383223295211792
test_05506,0.5148419737815857
test_05507,0.5623565912246704
test_05508,0.48115625977516174
test_05509,0.5998492240905762
test_05510,0.4491533935070038
test_05511,0.38785281777381897
test_05512,0.5644248723983765
test_05513,0.42895764112472534
test_05514,0.3687569200992584
test_05515,0.4742158353328705
test_05516,0.3133576810359955
test_05517,0.5078893899917603
test_05518,0.3225174844264984
test_05519,0.49631616473197937
test_05520,0.22093279659748077
test_05521,0.24163275957107544
test_05522,0.5487370491027832
test_05523,0.5707628726959229
test_05524,0.4581018090248108
test_05525,0.6376734375953674
test_05526,0.41967305541038513
test_05527,0.4729119539260864
test_05528,0.6588595509529114
test_05529,0.41071954369544983
test_05530,0.14004972577095032
test_05531,0.39260029792785645
test_05532,0.28686872124671936
test_05533,0.23834113776683807
test_05534,0.2710897922515869
test_05535,0.3433987498283386
test_05536,0.5154393315315247
test_05537,0.47419145703315735
test_05538,0.6006516218185425
test_05539,0.2892122268676758
test_05540,0.20787669718265533
test_05541,0.798509418964386
test_05542,0.40759897232055664
test_05543,0.1797032207250595
test_05544,0.27305033802986145
test_05545,0.3728030323982239
test_05546,0.36838284134864807
test_05547,0.5243635773658752
test_05548,0.49048805236816406
test_05549,0.45479854941368103
test_05550,0.46934473514556885
test_05551,0.5494101643562317
test_05552,0.30919069051742554
test_05553,0.6225887537002563
test_05554,0.43552857637405396
test_05555,0.37599602341651917
test_05556,0.498318612575531
test_05557,0.3503066897392273
test_05558,0.5124815106391907
test_05559,0.586582601070404
test_05560,0.45080652832984924
test_05561,0.4652034342288971
test_05562,0.43575283885002136
test_05563,0.5196534991264343
test_05564,0.46049490571022034
test_05565,0.30797919631004333
test_05566,0.6292721629142761
test_05567,0.5814952254295349
test_05568,0.5406051278114319
test_05569,0.3449152112007141
test_05570,0.1579391062259674
test_05571,0.2802428603172302
test_05572,0.4934670329093933
test_05573,0.516956090927124
test_05574,0.5045428276062012
test_05575,0.561375081539154
test_05576,0.8085130453109741
test_05577,0.5698682069778442
test_05578,0.5147418975830078
test_05579,0.35549822449684143
test_05580,0.029117651283740997
test_05581,0.39451467990875244
test_05582,0.48451119661331177
test_05583,0.5858046412467957
test_05584,0.3172447383403778
test_05585,0.46452999114990234
test_05586,0.5802658200263977
test_05587,0.6285295486450195
test_05588,0.2990571856498718
test_05589,0.23938773572444916
test_05590,0.26545998454093933
test_05591,0.24857975542545319
test_05592,0.32154253125190735
test_05593,0.4005202353000641
test_05594,0.5237084031105042
test_05595,0.3488350808620453
test_05596,0.4462864100933075
test_05597,0.5077077746391296
test_05598,0.6713820099830627
test_05599,0.5413752794265747
test_05600,0.6107604503631592
test_05601,0.6951166391372681
test_05602,0.46876060962677
test_05603,0.4903802275657654
test_05604,0.45020005106925964
test_05605,0.6300851106643677
test_05606,0.44475826621055603
test_05607,0.36546123027801514
test_05608,0.27830952405929565
test_05609,0.4051901400089264
test_05610,0.35917577147483826
test_05611,0.3065682649612427
test_05612,0.4750237464904785
test_05613,0.5595919489860535
test_05614,0.43047285079956055
test_05615,0.252571165561676
test_05616,0.4076399803161621
test_05617,0.19127914309501648
test_05618,0.31860506534576416
test_05619,0.3069096505641937
test_05620,0.35340774059295654
test_05621,0.33133989572525024
test_05622,0.4787503480911255
test_05623,0.3334251344203949
test_05624,0.33271849155426025
test_05625,0.5450895428657532
test_05626,0.4632214605808258
test_05627,0.4327564537525177
test_05628,0.6108848452568054
test_05629,0.663468062877655
test_05630,0.3287207782268524
test_05631,0.5173092484474182
test_05632,0.4922524690628052
test_05633,0.45542165637016296
test_05634,0.2853952944278717
test_05635,0.4468269646167755
test_05636,0.5921671390533447
test_05637,0.3993254005908966
test_05638,0.32297471165657043
test_05639,0.5658568143844604
test_05640,0.5495098829269409
test_05641,0.4423656463623047
test_05642,0.4314464330673218
test_05643,0.5538718700408936
test_05644,0.31748485565185547
test_05645,0.5738571882247925
test_05646,0.4433249831199646
test_05647,0.7097070813179016
test_05648,0.5800113677978516
test_05649,0.13855811953544617
test_05650,0.5428687930107117
test_05651,0.5124788880348206
test_05652,0.4613962471485138
test_05653,0.29214149713516235
test_05654,0.6016053557395935
test_05655,0.27615389227867126
test_05656,0.5740966200828552
test_05657,0.3942931890487671
test_05658,0.4122451841831207
test_05659,0.4951872229576111
test_05660,0.421026349067688
test_05661,0.5484228730201721
test_05662,0.26241159439086914
test_05663,0.37885013222694397
test_05664,0.19306333363056183
test_05665,0.5929538011550903
test_05666,0.4931482672691345
test_05667,0.3541513979434967
test_05668,0.4300711452960968
test_05669,0.2599756121635437
test_05670,0.3058253228664398
test_05671,0.30559542775154114
test_05672,0.4723163843154907
test_05673,0.43097200989723206
test_05674,0.39012712240219116
test_05675,0.4974161982536316
test_05676,0.27674350142478943
test_05677,0.44447967410087585
test_05678,0.375508576631546
test_05679,0.6554683446884155
test_05680,0.46782606840133667
test_05681,0.17683520913124084
test_05682,0.7242380380630493
test_05683,0.2665375769138336
test_05684,0.47783035039901733
test_05685,0.4789505898952484
test_05686,0.5906296372413635
test_05687,0.44772791862487793
test_05688,0.30187132954597473
test_05689,0.41045257449150085
test_05690,0.2806166112422943
test_05691,0.4908704161643982
test_05692,0.51436847448349
test_05693,0.36714401841163635
test_05694,0.46156805753707886
test_05695,0.39313751459121704
test_05696,0.41028860211372375
test_05697,0.48293668031692505
test_05698,0.4878944754600525
test_05699,0.21472184360027313
test_05700,0.30110812187194824
test_05701,0.6461790204048157
test_05702,0.12045752257108688
test_05703,0.5296407341957092
test_05704,0.4977966248989105
test_05705,0.3418867886066437
test_05706,0.4313117563724518
test_05707,0.47837117314338684
test_05708,0.5219690203666687
test_05709,0.699549674987793
test_05710,0.1113496869802475
test_05711,0.34926533699035645
test_05712,0.5005992650985718
test_05713,0.5507327914237976
test_05714,0.4466518759727478
test_05715,0.24806107580661774
test_05716,0.39462172985076904
test_05717,0.25953859090805054
test_05718,0.4554922580718994
test_05719,0.42666128277778625
test_05720,0.5476627945899963
test_05721,0.48743313550949097
test_05722,0.46558287739753723
test_05723,0.6805297136306763
test_05724,0.5531234741210938
test_05725,0.5568313002586365
test_05726,0.48761826753616333
test_05727,0.4782565236091614
test_05728,0.6843464970588684
test_05729,0.3093756139278412
test_05730,0.4907108545303345
test_05731,0.4060169458389282
test_05732,0.5497816205024719
test_05733,0.4243133068084717
test_05734,0.5588917136192322
test_05735,0.3188123106956482
test_05736,0.3874952793121338
test_05737,0.2939850687980652
test_05738,0.7636266350746155
test_05739,0.24756905436515808
test_05740,0.45744794607162476
test_05741,0.2783072590827942
test_05742,0.41829150915145874
test_05743,0.39838990569114685
test_05744,0.6134406328201294
test_05745,0.5538115501403809
test_05746,0.6545610427856445
test_05747,0.437483012676239
test_05748,0.16381323337554932
test_05749,0.5398434400558472
test_05750,0.4149443507194519
test_05751,0.324678897857666
test_05752,0.5500322580337524
test_05753,0.17960360646247864
test_05754,0.21664704382419586
test_05755,0.3622957766056061
test_05756,0.5255457758903503
test_05757,0.5531946420669556
test_05758,0.47289058566093445
test_05759,0.15132169425487518
test_05760,0.6457776427268982
test_05761,0.5648503303527832
test_05762,0.6103125214576721
test_05763,0.5147825479507446
test_05764,0.302135705947876
test_05765,0.17146670818328857
test_05766,0.45750126242637634
test_05767,0.280036598443985
test_05768,0.6128055453300476
test_05769,0.5058634281158447
test_05770,0.4312443435192108
test_05771,0.7140069007873535
test_05772,0.393932044506073
test_05773,0.543603241443634
test_05774,0.397176593542099
test_05775,0.4831089973449707
test_05776,0.48739030957221985
test_05777,0.29549527168273926
test_05778,0.2623828053474426
test_05779,0.13345661759376526
test_05780,0.32277804613113403
test_05781,0.5511317253112793
test_05782,0.444515198469162
test_05783,0.5318872332572937
test_05784,0.18104398250579834
test_05785,0.26565882563591003
test_05786,0.27645376324653625
test_05787,0.769725501537323
test_05788,0.43706008791923523
test_05789,0.4006001949310303
test_05790,0.5334076881408691
test_05791,0.2984734773635864
test_05792,0.38539791107177734
test_05793,0.49099233746528625
test_05794,0.35127905011177063
test_05795,0.43825769424438477
test_05796,0.4208114743232727
test_05797,0.5654265284538269
test_05798,0.4216773211956024
test_05799,0.48363184928894043
test_05800,0.5738528966903687
test_05801,0.14943483471870422
test_05802,0.5892598628997803
test_05803,0.398786336183548
test_05804,0.3132086396217346
test_05805,0.30709946155548096
test_05806,0.3873888850212097
test_05807,0.24689032137393951
test_05808,0.3406982421875
test_05809,0.5166745781898499
test_05810,0.5100986361503601
test_05811,0.4396701753139496
test_05812,0.3733786344528198
test_05813,0.35305726528167725
test_05814,0.6233125925064087
test_05815,0.344836562871933
test_05816,0.5011334419250488
test_05817,0.44937726855278015
test_05818,0.4528079628944397
test_05819,0.2228972315788269
test_05820,0.5770423412322998
test_05821,0.32498136162757874
test_05822,0.37721627950668335
test_05823,0.4373541474342346
test_05824,0.28505825996398926
test_05825,0.32828912138938904
test_05826,0.6131367087364197
test_05827,0.13146673142910004
test_05828,0.4354982078075409
test_05829,0.625074565410614
test_05830,0.4120895266532898
test_05831,0.33896344900131226
test_05832,0.34789690375328064
test_05833,0.419241726398468
test_05834,0.33346912264823914
test_05835,0.4543834924697876
test_05836,0.4375050961971283
test_05837,0.3576199412345886
test_05838,0.5068600177764893
test_05839,0.4259866774082184
test_05840,0.6295994520187378
test_05841,0.44941240549087524
test_05842,0.4544461667537689
test_05843,0.49851953983306885
test_05844,0.33754801750183105
test_05845,0.30834537744522095
test_05846,0.5520082712173462
test_05847,0.4248948395252228
test_05848,0.3762332499027252
test_05849,0.43179404735565186
test_05850,0.35351458191871643
test_05851,0.10906260460615158
test_05852,0.4272993803024292
test_05853,0.39189115166664124
test_05854,0.3480892479419708
test_05855,0.5571317672729492
test_05856,0.4245685338973999
test_05857,0.4777106046676636
test_05858,0.6286645531654358
test_05859,0.4058074355125427
test_05860,0.44942358136177063
test_05861,0.5214398503303528
test_05862,0.4711037874221802
test_05863,0.4301894009113312
test_05864,0.34691300988197327
test_05865,0.5916827321052551
test_05866,0.23798198997974396
test_05867,0.5262961983680725
test_05868,0.2992323338985443
test_05869,0.3394090235233307
test_05870,0.24553422629833221
test_05871,0.27499184012413025
test_05872,0.33288416266441345
test_05873,0.14711721241474152
test_05874,0.2610565721988678
test_05875,0.25070539116859436
test_05876,0.31330299377441406
test_05877,0.517951250076294
test_05878,0.3711422085762024
test_05879,0.4976068139076233
test_05880,0.29256588220596313
test_05881,0.5486419200897217
test_05882,0.4406214654445648
test_05883,0.41252392530441284
test_05884,0.49574464559555054
test_05885,0.49935734272003174
test_05886,0.4122580885887146
test_05887,0.601985514163971
test_05888,0.5183431506156921
test_05889,0.6161879897117615
test_05890,0.609053373336792
test_05891,0.28252458572387695
test_05892,0.13968181610107422
test_05893,0.6700606346130371
test_05894,0.5185250043869019
test_05895,0.48187771439552307
test_05896,0.5830419659614563
test_05897,0.5261037349700928
test_05898,0.38215065002441406
test_05899,0.40796077251434326
test_05900,0.6294549107551575
test_05901,0.5197470188140869
test_05902,0.5703474283218384
test_05903,0.6114866733551025
test_05904,0.20450522005558014
test_05905,0.5227558612823486
test_05906,0.38735467195510864
test_05907,0.6222531199455261
test_05908,0.42939844727516174
test_05909,0.2130666822195053
test_05910,0.6066734790802002
test_05911,0.6172536611557007
test_05912,0.6582900285720825
test_05913,0.5526458621025085
test_05914,0.23268941044807434
test_05915,0.40267592668533325
test_05916,0.22914154827594757
test_05917,0.15500639379024506
test_05918,0.5325702428817749
test_05919,0.423698365688324
test_05920,0.447605162858963
test_05921,0.3762955665588379
test_05922,0.47555264830589294
test_05923,0.5793559551239014
test_05924,0.5043621063232422
test_05925,0.5375230312347412
test_05926,0.45118042826652527
test_05927,0.5629351139068604
test_05928,0.4165424704551697
test_05929,0.3952709138393402
test_05930,0.36948877573013306
test_05931,0.34077563881874084
test_05932,0.564723789691925
test_05933,0.4060001075267792
test_05934,0.5372006297111511
test_05935,0.7420181035995483
test_05936,0.5280753970146179
test_05937,0.6657106280326843
test_05938,0.4007021486759186
test_05939,0.5492862462997437
test_05940,0.5180322527885437
test_05941,0.5768994092941284
test_05942,0.3987560272216797
test_05943,0.5885149240493774
test_05944,0.5252427458763123
test_05945,0.3543846011161804
test_05946,0.6280602812767029
test_05947,0.4096837043762207
test_05948,0.28921008110046387
test_05949,0.47879165410995483
test_05950,0.3535914123058319
test_05951,0.31275618076324463
test_05952,0.3536960482597351
test_05953,0.29535478353500366
test_05954,0.37660789489746094
test_05955,0.5332774519920349
test_05956,0.16860610246658325
test_05957,0.5937331914901733
test_05958,0.41972026228904724
test_05959,0.36233624815940857
test_05960,0.5566883683204651
test_05961,0.5262085199356079
test_05962,0.5419836044311523
test_05963,0.4772590100765228
test_05964,0.4143869876861572
test_05965,0.5043473839759827
test_05966,0.442430317401886
test_05967,0.3760038912296295
test_05968,0.49881139397621155
test_05969,0.530129075050354
test_05970,0.475096195936203
test_05971,0.5815765857696533
test_05972,0.3787596523761749
test_05973,0.414599746465683
test_05974,0.5391725897789001
test_05975,0.5281351208686829
test_05976,0.4269361197948456
test_05977,0.4940699338912964
test_05978,0.5460489988327026
test_05979,0.29682981967926025
test_05980,0.5182461142539978
test_05981,0.16225193440914154
test_05982,0.4083302617073059
test_05983,0.33715084195137024
test_05984,0.40726128220558167
test_05985,0.36896321177482605
test_05986,0.18510587513446808
test_05987,0.24648328125476837
test_05988,0.4809372127056122
test_05989,0.5218199491500854
test_05990,0.5156306028366089
test_05991,0.31138917803764343
test_05992,0.5004929900169373
test_05993,0.538854718208313
test_05994,0.27648159861564636
test_05995,0.5928112864494324
test_05996,0.4387313425540924
test_05997,0.6720079183578491
test_05998,0.3924466073513031
test_05999,0.3275863230228424
test_06000,0.42548322677612305
test_06001,0.5138049125671387
test_06002,0.6148280501365662
test_06003,0.38280534744262695
test_06004,0.3760830760002136
test_06005,0.5234485268592834
test_06006,0.4436201751232147
test_06007,0.5379302501678467
test_06008,0.5641327500343323
test_06009,0.16460803151130676
test_06010,0.38071027398109436
test_06011,0.3508124053478241
test_06012,0.636605978012085
test_06013,0.28075531125068665
test_06014,0.4343738555908203
test_06015,0.3692614734172821
test_06016,0.520748496055603
test_06017,0.252956360578537
test_06018,0.4922471344470978
test_06019,0.5454283952713013
test_06020,0.2892281413078308
test_06021,0.5701863765716553
test_06022,0.303840309381485
test_06023,0.6069386005401611
test_06024,0.37612825632095337
test_06025,0.42954370379447937
test_06026,0.5440153479576111
test_06027,0.5091375708580017
test_06028,0.22359251976013184
test_06029,0.505628764629364
test_06030,0.29050225019454956
test_06031,0.48058822751045227
test_06032,0.5784875750541687
test_06033,0.526442289352417
test_06034,0.6448778510093689
test_06035,0.3687368333339691
test_06036,0.4270753562450409
test_06037,0.35534438490867615
test_06038,0.3052179515361786
test_06039,0.36158162355422974
test_06040,0.21422240138053894
test_06041,0.3688376843929291
test_06042,0.5245077610015869
test_06043,0.18284355103969574
test_06044,0.4010823667049408
test_06045,0.5996568202972412
test_06046,0.42988327145576477
test_06047,0.4137659966945648
test_06048,0.07438448071479797
test_06049,0.3799937069416046
test_06050,0.3008671998977661
test_06051,0.48651599884033203
test_06052,0.4324903190135956
test_06053,0.4386603534221649
test_06054,0.5116411447525024
test_06055,0.5751844644546509
test_06056,0.4150676727294922
test_06057,0.4708314836025238
test_06058,0.49233075976371765
test_06059,0.4320943057537079
test_06060,0.32786864042282104
test_06061,0.3649051785469055
test_06062,0.579525887966156
test_06063,0.6121369004249573
test_06064,0.27408936619758606
test_06065,0.20342256128787994
test_06066,0.48152756690979004
test_06067,0.6143236756324768
test_06068,0.5889025926589966
test_06069,0.5327644944190979
test_06070,0.48468729853630066
test_06071,0.281942754983902
test_06072,0.5358044505119324
test_06073,0.22964318096637726
test_06074,0.41116273403167725
test_06075,0.5701638460159302
test_06076,0.4476124346256256
test_06077,0.526301920413971
test_06078,0.5037513375282288
test_06079,0.29271411895751953
test_06080,0.4900738596916199
test_06081,0.578078031539917
test_06082,0.5507731437683105
test_06083,0.5715342164039612
test_06084,0.7808802723884583
test_06085,0.2578662931919098
test_06086,0.40726205706596375
test_06087,0.5894040465354919
test_06088,0.5299835205078125
test_06089,0.47477200627326965
test_06090,0.484995037317276
test_06091,0.504959762096405
test_06092,0.41115257143974304
test_06093,0.34345513582229614
test_06094,0.5006716251373291
test_06095,0.34358397126197815
test_06096,0.3058589994907379
test_06097,0.33798113465309143
test_06098,0.5179080963134766
test_06099,0.550093412399292
test_06100,0.6739055514335632
test_06101,0.24390846490859985
test_06102,0.31948524713516235
test_06103,0.40764349699020386
test_06104,0.26203176379203796
test_06105,0.5058004856109619
test_06106,0.24118264019489288
test_06107,0.347293496131897
test_06108,0.41011983156204224
test_06109,0.5238552093505859
test_06110,0.20471946895122528
test_06111,0.40356189012527466
test_06112,0.5769655704498291
test_06113,0.5285088419914246
test_06114,0.3328734040260315
test_06115,0.5914201736450195
test_06116,0.5040174126625061
test_06117,0.277512788772583
test_06118,0.43745753169059753
test_06119,0.46593204140663147
test_06120,0.6054559946060181
test_06121,0.4948129951953888
test_06122,0.4387258291244507
test_06123,0.20958182215690613
test_06124,0.44705918431282043
test_06125,0.545409619808197
test_06126,0.49980470538139343
test_06127,0.545218825340271
test_06128,0.39645227789878845
test_06129,0.4579077363014221
test_06130,0.600839376449585
test_06131,0.48173773288726807
test_06132,0.6307017207145691
test_06133,0.5228002667427063
test_06134,0.5099302530288696
test_06135,0.6095882058143616
test_06136,0.630261242389679
test_06137,0.5066321492195129
test_06138,0.4619534909725189
test_06139,0.6276886463165283
test_06140,0.3135204017162323
test_06141,0.4527050256729126
test_06142,0.5145274996757507
test_06143,0.5064486861228943
test_06144,0.5519378185272217
test_06145,0.7674856781959534
test_06146,0.4967536926269531
test_06147,0.3107326626777649
test_06148,0.5913897752761841
test_06149,0.3851032257080078
test_06150,0.6114570498466492
test_06151,0.41598787903785706
test_06152,0.33725330233573914
test_06153,0.5030253529548645
test_06154,0.5368210673332214
test_06155,0.5086199641227722
test_06156,0.676632285118103
test_06157,0.4792989492416382
test_06158,0.46900978684425354
test_06159,0.5025684237480164
test_06160,0.5943074226379395
test_06161,0.5091103315353394
test_06162,0.37335315346717834
test_06163,0.25423869490623474
test_06164,0.5400180220603943
test_06165,0.42366451025009155
test_06166,0.4613223373889923
test_06167,0.1451406031847
test_06168,0.393093466758728
test_06169,0.538252055644989
test_06170,0.4285793602466583
test_06171,0.5027772784233093
test_06172,0.5532860159873962
test_06173,0.7972707152366638
test_06174,0.5759363174438477
test_06175,0.46948474645614624
test_06176,0.38931748270988464
test_06177,0.5820474624633789
test_06178,0.5212984681129456
test_06179,0.49560195207595825
test_06180,0.4877029061317444
test_06181,0.4916727542877197
test_06182,0.5514235496520996
test_06183,0.4383862614631653
test_06184,0.28973424434661865
test_06185,0.2928594946861267
test_06186,0.4719482362270355
test_06187,0.44791626930236816
test_06188,0.39344197511672974
test_06189,0.4420028328895569
test_06190,0.4871961772441864
test_06191,0.4224936068058014
test_06192,0.4577831029891968
test_06193,0.42726629972457886
test_06194,0.32420969009399414
test_06195,0.49172359704971313
test_06196,0.47196099162101746
test_06197,0.4771997630596161
test_06198,0.5596969723701477
test_06199,0.4802871644496918
test_06200,0.3670404851436615
test_06201,0.4862922728061676
test_06202,0.33444926142692566
test_06203,0.1747756153345108
test_06204,0.45867809653282166
test_06205,0.5757024884223938
test_06206,0.40330803394317627
test_06207,0.7417116165161133
test_06208,0.3910819888114929
test_06209,0.3167687654495239
test_06210,0.48507943749427795
test_06211,0.4800008535385132
test_06212,0.41854143142700195
test_06213,0.587426483631134
test_06214,0.41119852662086487
test_06215,0.6505038738250732
test_06216,0.5510497689247131
test_06217,0.7093192934989929
test_06218,0.5097248554229736
test_06219,0.6084928512573242
test_06220,0.39035412669181824
test_06221,0.444585382938385
test_06222,0.4517354965209961
test_06223,0.5883488059043884
test_06224,0.6067497730255127
test_06225,0.29496803879737854
test_06226,0.5486183762550354
test_06227,0.28010135889053345
test_06228,0.39831408858299255
test_06229,0.36906254291534424
test_06230,0.4248902499675751
test_06231,0.5249225497245789
test_06232,0.3383576273918152
test_06233,0.5152751803398132
test_06234,0.31159403920173645
test_06235,0.4024433195590973
test_06236,0.4964642822742462
test_06237,0.5860008597373962
test_06238,0.49234911799430847
test_06239,0.43178790807724
test_06240,0.38330981135368347
test_06241,0.5954775810241699
test_06242,0.6017351150512695
test_06243,0.4958459138870239
test_06244,0.5870678424835205
test_06245,0.5998307466506958
test_06246,0.4315575957298279
test_06247,0.4476087987422943
test_06248,0.4764409363269806
test_06249,0.17958389222621918
test_06250,0.5564882755279541
test_06251,0.4129903018474579
test_06252,0.3283965587615967
test_06253,0.9216538667678833
test_06254,0.6738284230232239
test_06255,0.6158159375190735
test_06256,0.44533199071884155
test_06257,0.5099772214889526
test_06258,0.37601521611213684
test_06259,0.7914357781410217
test_06260,0.5397347211837769
test_06261,0.43770831823349
test_06262,0.6161689162254333
test_06263,0.6155400276184082
test_06264,0.3623027205467224
test_06265,0.519829511642456
test_06266,0.4634232521057129
test_06267,0.5179989337921143
test_06268,0.3986336886882782
test_06269,0.5869629383087158
test_06270,0.5577176809310913
test_06271,0.49139389395713806
test_06272,0.46232378482818604
test_06273,0.7010583281517029
test_06274,0.5515667200088501
test_06275,0.7184318900108337
test_06276,0.5422447323799133
test_06277,0.420531690120697
test_06278,0.45322972536087036
test_06279,0.4555279314517975
test_06280,0.4608764052391052
test_06281,0.4898452162742615
test_06282,0.5812433958053589
test_06283,0.5571684837341309
test_06284,0.37339290976524353
test_06285,0.4755696952342987
test_06286,0.4005177915096283
test_06287,0.06035053730010986
test_06288,0.31917232275009155
test_06289,0.19113129377365112
test_06290,0.4625019133090973
test_06291,0.6071825623512268
test_06292,0.48580309748649597
test_06293,0.3034951984882355
test_06294,0.39839476346969604
test_06295,0.5126446485519409
test_06296,0.24056611955165863
test_06297,0.451630562543869
test_06298,0.43994957208633423
test_06299,0.48534074425697327
test_06300,0.5254661440849304
test_06301,0.5876524448394775
test_06302,0.19809624552726746
test_06303,0.49970394372940063
test_06304,0.3564385771751404
test_06305,0.45845040678977966
test_06306,0.23410417139530182
test_06307,0.3373490869998932
test_06308,0.5678117871284485
test_06309,0.33346027135849
test_06310,0.46772903203964233
test_06311,0.4905249774456024
test_06312,0.3031649589538574
test_06313,0.30903467535972595
test_06314,0.35614266991615295
test_06315,0.41702955961227417
test_06316,0.30607330799102783
test_06317,0.48279836773872375
test_06318,0.6831992864608765
test_06319,0.5898589491844177
test_06320,0.5566220283508301
test_06321,0.5656284689903259
test_06322,0.42452460527420044
test_06323,0.43122610449790955
test_06324,0.30593693256378174
test_06325,0.699984073638916
test_06326,0.3091543912887573
test_06327,0.2471103072166443
test_06328,0.36177584528923035
test_06329,0.40986108779907227
test_06330,0.14859892427921295
test_06331,0.45049402117729187
test_06332,0.3479941487312317
test_06333,0.4397776424884796
test_06334,0.590416669845581
test_06335,0.6013079285621643
test_06336,0.6339689493179321
test_06337,0.6926908493041992
test_06338,0.5771408081054688
test_06339,0.25605663657188416
test_06340,0.7095226645469666
test_06341,0.5267858505249023
test_06342,0.599781334400177
test_06343,0.4220293462276459
test_06344,0.33018460869789124
test_06345,0.6096452474594116
test_06346,0.7479209303855896
test_06347,0.3461335003376007
test_06348,0.44225752353668213
test_06349,0.5075616836547852
test_06350,0.5010491013526917
test_06351,0.4955645799636841
test_06352,0.5202909111976624
test_06353,0.409208208322525
test_06354,0.3247254192829132
test_06355,0.567209005355835
test_06356,0.5359656810760498
test_06357,0.5392996668815613
test_06358,0.34595733880996704
test_06359,0.4930371344089508
test_06360,0.48043617606163025
test_06361,0.3797904849052429
test_06362,0.4596908986568451
test_06363,0.2944534420967102
test_06364,0.47613686323165894
test_06365,0.4289279878139496
test_06366,0.4721584618091583
test_06367,0.5774919986724854
test_06368,0.5745810270309448
test_06369,0.4439469277858734
test_06370,0.45394590497016907
test_06371,0.4494726061820984
test_06372,0.3731761872768402
test_06373,0.5015431642532349
test_06374,0.5250423550605774
test_06375,0.2772883474826813
test_06376,0.2763698399066925
test_06377,0.5683099627494812
test_06378,0.40086260437965393
test_06379,0.6420117020606995
test_06380,0.3364071846008301
test_06381,0.2609952986240387
test_06382,0.5765473246574402
test_06383,0.5181695222854614
test_06384,0.5858450531959534
test_06385,0.4785938858985901
test_06386,0.17420287430286407
test_06387,0.4654542803764343
test_06388,0.3602806031703949
test_06389,0.3456965684890747
test_06390,0.45348837971687317
test_06391,0.4006948173046112
test_06392,0.5163528323173523
test_06393,0.47884950041770935
test_06394,0.6630701422691345
test_06395,0.5451688766479492
test_06396,0.3163723945617676
test_06397,0.49678710103034973
test_06398,0.3278326690196991
test_06399,0.43492189049720764
test_06400,0.2231874167919159
test_06401,0.49884456396102905
test_06402,0.8543689846992493
test_06403,0.3719269037246704
test_06404,0.1994979828596115
test_06405,0.6741257905960083
test_06406,0.6488109827041626
test_06407,0.5659526586532593
test_06408,0.5600380897521973
test_06409,0.2985494136810303
test_06410,0.4294084906578064
test_06411,0.3645401895046234
test_06412,0.5171272158622742
test_06413,0.5338197350502014
test_06414,0.40396103262901306
test_06415,0.3155443072319031
test_06416,0.5002192258834839
test_06417,0.45131194591522217
test_06418,0.48447349667549133
test_06419,0.5034756064414978
test_06420,0.2673196792602539
test_06421,0.387686550617218
test_06422,0.5581021308898926
test_06423,0.45574259757995605
test_06424,0.26640063524246216
test_06425,0.4088963270187378
test_06426,0.5098568201065063
test_06427,0.529591977596283
test_06428,0.5602404475212097
test_06429,0.3997860252857208
test_06430,0.48272672295570374
test_06431,0.5172930955886841
test_06432,0.6168761849403381
test_06433,0.5421345233917236
test_06434,0.3287932574748993
test_06435,0.5545490980148315
test_06436,0.1631997525691986
test_06437,0.37070566415786743
test_06438,0.29930809140205383
test_06439,0.4303627908229828
test_06440,0.525752067565918
test_06441,0.2127874493598938
test_06442,0.3373226225376129
test_06443,0.6645669937133789
test_06444,0.4757251441478729
test_06445,0.4843694865703583
test_06446,0.635563313961029
test_06447,0.4774229824542999
test_06448,0.6180599331855774
test_06449,0.5018602609634399
test_06450,0.532825767993927
test_06451,0.4127359092235565
test_06452,0.6693938374519348
test_06453,0.4297972023487091
test_06454,0.30014997720718384
test_06455,0.2277195304632187
test_06456,0.5098562836647034
test_06457,0.7410769462585449
test_06458,0.5491576194763184
test_06459,0.5008875131607056
test_06460,0.487118661403656
test_06461,0.5508064031600952
test_06462,0.5170586109161377
test_06463,0.5876165628433228
test_06464,0.4083860218524933
test_06465,0.5411186814308167
test_06466,0.24989847838878632
test_06467,0.5941808223724365
test_06468,0.46774688363075256
test_06469,0.5030789971351624
test_06470,0.24840067327022552
test_06471,0.5319641828536987
test_06472,0.4355543553829193
test_06473,0.604303240776062
test_06474,0.464944064617157
test_06475,0.24776127934455872
test_06476,0.4756072163581848
test_06477,0.24150343239307404
test_06478,0.5824165344238281
test_06479,0.48549264669418335
test_06480,0.2707262635231018
test_06481,0.649983823299408
test_06482,0.47407880425453186
test_06483,0.6750965714454651
test_06484,0.39326712489128113
test_06485,0.3859752118587494
test_06486,0.542568564414978
test_06487,0.5331246256828308
test_06488,0.4508211612701416
test_06489,0.5584895014762878
test_06490,0.626544713973999
test_06491,0.5317620635032654
test_06492,0.48650020360946655
test_06493,0.3942900598049164
test_06494,0.5134764313697815
test_06495,0.493885338306427
test_06496,0.3495232164859772
test_06497,0.2889758348464966
test_06498,0.17270906269550323
test_06499,0.6306178569793701
test_06500,0.2529929280281067
test_06501,0.44941145181655884
test_06502,0.5237484574317932
test_06503,0.4943588972091675
test_06504,0.6170898079872131
test_06505,0.5382789373397827
test_06506,0.39507174491882324
test_06507,0.33800891041755676
test_06508,0.31757983565330505
test_06509,0.6320978403091431
test_06510,0.48664674162864685
test_06511,0.3157353103160858
test_06512,0.5165159702301025
test_06513,0.1188957691192627
test_06514,0.19913388788700104
test_06515,0.4422827959060669
test_06516,0.39578747749328613
test_06517,0.5061160326004028
test_06518,0.5422857999801636
test_06519,0.3902282118797302
test_06520,0.560596227645874
test_06521,0.299735426902771
test_06522,0.5226770043373108
test_06523,0.5779697895050049
test_06524,0.3014625906944275
test_06525,0.49022769927978516
test_06526,0.482622355222702
test_06527,0.5397053360939026
test_06528,0.31188490986824036
test_06529,0.5607271790504456
test_06530,0.5453490614891052
test_06531,0.5130539536476135
test_06532,0.5635759830474854
test_06533,0.5369641780853271
test_06534,0.2719239890575409
test_06535,0.45050516724586487
test_06536,0.29815202951431274
test_06537,0.34263503551483154
test_06538,0.36363542079925537
test_06539,0.37211963534355164
test_06540,0.3751796782016754
test_06541,0.4610903859138489
test_06542,0.37856075167655945
test_06543,0.5271280407905579
test_06544,0.4525993764400482
test_06545,0.2253739982843399
test_06546,0.3899748921394348
test_06547,0.4111354947090149
test_06548,0.3002932369709015
test_06549,0.5675705075263977
test_06550,0.5178076028823853
test_06551,0.2789295017719269
test_06552,0.4651228189468384
test_06553,0.4038909375667572
test_06554,0.42662230134010315
test_06555,0.38824206590652466
test_06556,0.4285140335559845
test_06557,0.3480672836303711
test_06558,0.8142910599708557
test_06559,0.5062373280525208
test_06560,0.2723325490951538
test_06561,0.49470776319503784
test_06562,0.447887659072876
test_06563,0.3751930296421051
test_06564,0.19292883574962616
test_06565,0.35590294003486633
test_06566,0.31044837832450867
test_06567,0.7843822836875916
test_06568,0.5139078497886658
test_06569,0.5105606317520142
test_06570,0.5387950539588928
test_06571,0.5407952070236206
test_06572,0.4670456051826477
test_06573,0.38768282532691956
test_06574,0.5868028402328491
test_06575,0.48280102014541626
test_06576,0.4887329339981079
test_06577,0.456148236989975
test_06578,0.4177447259426117
test_06579,0.3733714520931244
test_06580,0.49446555972099304
test_06581,0.4776551127433777
test_06582,0.6371046900749207
test_06583,0.4901532530784607
test_06584,0.4590536057949066
test_06585,0.6974242925643921
test_06586,0.5078050494194031
test_06587,0.580754280090332
test_06588,0.20815680921077728
test_06589,0.3363863229751587
test_06590,0.5173120498657227
test_06591,0.21274329721927643
test_06592,0.41729944944381714
test_06593,0.3158022463321686
test_06594,0.5231414437294006
test_06595,0.47987762093544006
test_06596,0.41886335611343384
test_06597,0.5267142057418823
test_06598,0.09638294577598572
test_06599,0.1867656409740448
test_06600,0.4979441463947296
test_06601,0.44844377040863037
test_06602,0.3176591396331787
test_06603,0.5417587757110596
test_06604,0.11602369695901871
test_06605,0.4133763313293457
test_06606,0.5257919430732727
test_06607,0.5530508160591125
test_06608,0.47131770849227905
test_06609,0.4524742364883423
test_06610,0.4811488091945648
test_06611,0.3835141360759735
test_06612,0.6209197044372559
test_06613,0.3350217342376709
test_06614,0.44309279322624207
test_06615,0.4748133420944214
test_06616,0.3218005895614624
test_06617,0.4381912648677826
test_06618,0.21323029696941376
test_06619,0.5164368748664856
test_06620,0.16143280267715454
test_06621,0.4140534996986389
test_06622,0.41092559695243835
test_06623,0.49235039949417114
test_06624,0.5040675401687622
test_06625,0.46739670634269714
test_06626,0.5791359543800354
test_06627,0.5200526118278503
test_06628,0.43317684531211853
test_06629,0.4968278408050537
test_06630,0.6603050827980042
test_06631,0.49110132455825806
test_06632,0.3392239511013031
test_06633,0.2512006461620331
test_06634,0.3180833160877228
test_06635,0.5760666131973267
test_06636,0.3788464665412903
test_06637,0.47793683409690857
test_06638,0.23541037738323212
test_06639,0.30736029148101807
test_06640,0.3375604450702667
test_06641,0.4824913442134857
test_06642,0.2723976671695709
test_06643,0.4089200496673584
test_06644,0.5176682472229004
test_06645,0.30428221821784973
test_06646,0.4318312108516693
test_06647,0.3731487989425659
test_06648,0.39010366797447205
test_06649,0.43161505460739136
test_06650,0.5221008062362671
test_06651,0.5020958185195923
test_06652,0.523135781288147
test_06653,0.511648952960968
test_06654,0.5452046394348145
test_06655,0.4485916495323181
test_06656,0.4502473473548889
test_06657,0.1654060184955597
test_06658,0.5235515832901001
test_06659,0.6095129251480103
test_06660,0.45192185044288635
test_06661,0.47307226061820984
test_06662,0.8358465433120728
test_06663,0.3720460832118988
test_06664,0.5939719080924988
test_06665,0.386543869972229
test_06666,0.4469505846500397
test_06667,0.5683404207229614
test_06668,0.5990692377090454
test_06669,0.4798949658870697
test_06670,0.5524439811706543
test_06671,0.4572823643684387
test_06672,0.6262898445129395
test_06673,0.34481677412986755
test_06674,0.4673079252243042
test_06675,0.49873754382133484
test_06676,0.30837196111679077
test_06677,0.6420021653175354
test_06678,0.2992854416370392
test_06679,0.4980064630508423
test_06680,0.2873600125312805
test_06681,0.7780059576034546
test_06682,0.5048115849494934
test_06683,0.2194453626871109
test_06684,0.5930166244506836
test_06685,0.5515320897102356
test_06686,0.4591628611087799
test_06687,0.4964520037174225
test_06688,0.40528279542922974
test_06689,0.5020039081573486
test_06690,0.3424237370491028
test_06691,0.42650458216667175
test_06692,0.8902782797813416
test_06693,0.43217578530311584
test_06694,0.5413135290145874
test_06695,0.3383789658546448
test_06696,0.4142009913921356
test_06697,0.09097495675086975
test_06698,0.2713611423969269
test_06699,0.749144971370697
test_06700,0.49310073256492615
test_06701,0.5106334686279297
test_06702,0.45731666684150696
test_06703,0.2481248825788498
test_06704,0.4921667277812958
test_06705,0.6056649684906006
test_06706,0.6273304224014282
test_06707,0.44204777479171753
test_06708,0.5143096446990967
test_06709,0.40481090545654297
test_06710,0.568349301815033
test_06711,0.38489726185798645
test_06712,0.44853731989860535
test_06713,0.4309798777103424
test_06714,0.3887280523777008
test_06715,0.5186803936958313
test_06716,0.28387171030044556
test_06717,0.5042048096656799
test_06718,0.4007546007633209
test_06719,0.3838210105895996
test_06720,0.6591931581497192
test_06721,0.6226794719696045
test_06722,0.4256444573402405
test_06723,0.3758105933666229
test_06724,0.7393157482147217
test_06725,0.7278717160224915
test_06726,0.4465329945087433
test_06727,0.5396515727043152
test_06728,0.48176002502441406
test_06729,0.16793283820152283
test_06730,0.6930108666419983
test_06731,0.5694456100463867
test_06732,0.3231227695941925
test_06733,0.4364982545375824
test_06734,0.5054024457931519
test_06735,0.46800559759140015
test_06736,0.40615710616111755
test_06737,0.5345668196678162
test_06738,0.3163229823112488
test_06739,0.3551661968231201
test_06740,0.6506078839302063
test_06741,0.6105738878250122
test_06742,0.48710665106773376
test_06743,0.34126877784729004
test_06744,0.6572624444961548
test_06745,0.4257320761680603
test_06746,0.556235134601593
test_06747,0.33253568410873413
test_06748,0.4867260158061981
test_06749,0.12402387708425522
test_06750,0.5257630944252014
test_06751,0.3789905905723572
test_06752,0.4167724847793579
test_06753,0.24361279606819153
test_06754,0.43496769666671753
test_06755,0.49019619822502136
test_06756,0.5615050196647644
test_06757,0.48785316944122314
test_06758,0.5049492716789246
test_06759,0.46045592427253723
test_06760,0.498695969581604
test_06761,0.1433398574590683
test_06762,0.25035402178764343
test_06763,0.506195604801178
test_06764,0.37813955545425415
test_06765,0.5559874773025513
test_06766,0.47941070795059204
test_06767,0.37336671352386475
test_06768,0.5234860181808472
test_06769,0.5340301394462585
test_06770,0.5318071842193604
test_06771,0.384115993976593
test_06772,0.4509355425834656
test_06773,0.7073509693145752
test_06774,0.23594287037849426
test_06775,0.3282724916934967
test_06776,0.452919602394104
test_06777,0.2593825161457062
test_06778,0.43522489070892334
test_06779,0.5751165151596069
test_06780,0.3633244037628174
test_06781,0.4578491747379303
test_06782,0.17843379080295563
test_06783,0.1617276519536972
test_06784,0.4523162841796875
test_06785,0.42832350730895996
test_06786,0.5274194478988647
test_06787,0.2985932528972626
test_06788,0.7028358578681946
test_06789,0.24349331855773926
test_06790,0.4583108425140381
test_06791,0.25641852617263794
test_06792,0.47312021255493164
test_06793,0.24007339775562286
test_06794,0.5129146575927734
test_06795,0.421088308095932
test_06796,0.4909369945526123
test_06797,0.4288385510444641
test_06798,0.45817527174949646
test_06799,0.4892067313194275
test_06800,0.3692987263202667
test_06801,0.3714297413825989
test_06802,0.38884609937667847
test_06803,0.38392600417137146
test_06804,0.2738882303237915
test_06805,0.41632822155952454
test_06806,0.07213950902223587
test_06807,0.4682985842227936
test_06808,0.49358829855918884
test_06809,0.32748761773109436
test_06810,0.3532038629055023
test_06811,0.3907009959220886
test_06812,0.5587713718414307
test_06813,0.6444839239120483
test_06814,0.5035160779953003
test_06815,0.504179060459137
test_06816,0.3054013252258301
test_06817,0.4690236449241638
test_06818,0.344496488571167
test_06819,0.3942786157131195
test_06820,0.6105543971061707
test_06821,0.24631771445274353
test_06822,0.45434844493865967
test_06823,0.28253495693206787
test_06824,0.23932524025440216
test_06825,0.375948429107666
test_06826,0.3303515613079071
test_06827,0.32969629764556885
test_06828,0.5090156197547913
test_06829,0.4288662374019623
test_06830,0.36233678460121155
test_06831,0.670136034488678
test_06832,0.3604784607887268
test_06833,0.2762977182865143
test_06834,0.26916974782943726
test_06835,0.4907548427581787
test_06836,0.4850213825702667
test_06837,0.35363414883613586
test_06838,0.3755449056625366
test_06839,0.2400379478931427
test_06840,0.6788537502288818
test_06841,0.6972256898880005
test_06842,0.28546956181526184
test_06843,0.47798511385917664
test_06844,0.5113437175750732
test_06845,0.4525209069252014
test_06846,0.5952377915382385
test_06847,0.600126326084137
test_06848,0.8096917271614075
test_06849,0.347582072019577
test_06850,0.5160607695579529
test_06851,0.39491695165634155
test_06852,0.4373229742050171
test_06853,0.593113899230957
test_06854,0.334989070892334
test_06855,0.4887350797653198
test_06856,0.5253202319145203
test_06857,0.5258302688598633
test_06858,0.6760687232017517
test_06859,0.43814194202423096
test_06860,0.504593014717102
test_06861,0.39148393273353577
test_06862,0.49030524492263794
test_06863,0.5618005990982056
test_06864,0.6255606412887573
test_06865,0.5393317937850952
test_06866,0.563069760799408
test_06867,0.2842633128166199
test_06868,0.5207675695419312
test_06869,0.4195733964443207
test_06870,0.4305284917354584
test_06871,0.5073438286781311
test_06872,0.6706112027168274
test_06873,0.32440653443336487
test_06874,0.4739070534706116
test_06875,0.3959457576274872
test_06876,0.31226399540901184
test_06877,0.44992101192474365
test_06878,0.44841477274894714
test_06879,0.49008312821388245
test_06880,0.6065608263015747
test_06881,0.5620972514152527
test_06882,0.5552903413772583
test_06883,0.09781688451766968
test_06884,0.357110857963562
test_06885,0.47287532687187195
test_06886,0.5831005573272705
test_06887,0.6733172535896301
test_06888,0.5893603563308716
test_06889,0.20215529203414917
test_06890,0.3435184359550476
test_06891,0.5553151965141296
test_06892,0.3793252408504486
test_06893,0.3667756915092468
test_06894,0.43745046854019165
test_06895,0.41167283058166504
test_06896,0.6869192123413086
test_06897,0.22022488713264465
test_06898,0.071185402572155
test_06899,0.49879539012908936
test_06900,0.40711870789527893
test_06901,0.5648283362388611
test_06902,0.387417197227478
test_06903,0.47956326603889465
test_06904,0.4995674192905426
test_06905,0.7211055159568787
test_06906,0.5254592895507812
test_06907,0.3937350809574127
test_06908,0.5072932243347168
test_06909,0.3795046806335449
test_06910,0.4139094650745392
test_06911,0.5543859004974365
test_06912,0.2369934767484665
test_06913,0.5701116323471069
test_06914,0.2630312144756317
test_06915,0.19070856273174286
test_06916,0.4459899067878723
test_06917,0.3684837818145752
test_06918,0.35625287890434265
test_06919,0.6241673231124878
test_06920,0.5046048760414124
test_06921,0.5327151417732239
test_06922,0.5563811659812927
test_06923,0.5706468820571899
test_06924,0.3767666816711426
test_06925,0.3833801746368408
test_06926,0.508556067943573
test_06927,0.5147743821144104
test_06928,0.2474365532398224
test_06929,0.5703928470611572
test_06930,0.3394009470939636
test_06931,0.323639839887619
test_06932,0.4446552097797394
test_06933,0.48490968346595764
test_06934,0.3724348545074463
test_06935,0.6220629811286926
test_06936,0.23520693182945251
test_06937,0.5819051861763
test_06938,0.48402756452560425
test_06939,0.26249322295188904
test_06940,0.40163540840148926
test_06941,0.3077930212020874
test_06942,0.3408031463623047
test_06943,0.2655011713504791
test_06944,0.5346112847328186
test_06945,0.5146583318710327
test_06946,0.24761880934238434
test_06947,0.552900493144989
test_06948,0.500685453414917
test_06949,0.42838677763938904
test_06950,0.5885059833526611
test_06951,0.45427370071411133
test_06952,0.4191071391105652
test_06953,0.4478355348110199
test_06954,0.4437878131866455
test_06955,0.49806761741638184
test_06956,0.5649317502975464
test_06957,0.44784805178642273
test_06958,0.4914408326148987
test_06959,0.39784494042396545
test_06960,0.43188270926475525
test_06961,0.5908592939376831
test_06962,0.6382840871810913
test_06963,0.6957379579544067
test_06964,0.5166650414466858
test_06965,0.3145837187767029
test_06966,0.5372242331504822
test_06967,0.6024125218391418
test_06968,0.2597906291484833
test_06969,0.5142226815223694
test_06970,0.5678713321685791
test_06971,0.4843168556690216
test_06972,0.3444680869579315
test_06973,0.3611891567707062
test_06974,0.22132843732833862
test_06975,0.7256746292114258
test_06976,0.458213210105896
test_06977,0.5656024813652039
test_06978,0.5357116460800171
test_06979,0.35919761657714844
test_06980,0.23960471153259277
test_06981,0.3815051317214966
test_06982,0.29724860191345215
test_06983,0.5100191831588745
test_06984,0.4775932729244232
test_06985,0.33927568793296814
test_06986,0.4811052083969116
test_06987,0.5432557463645935
test_06988,0.5348116755485535
test_06989,0.3161611258983612
test_06990,0.41685929894447327
test_06991,0.4648318886756897
test_06992,0.3642549514770508
test_06993,0.5616952776908875
test_06994,0.4498031437397003
test_06995,0.6111768484115601
test_06996,0.41561782360076904
test_06997,0.4540485143661499
test_06998,0.5020995140075684
test_06999,0.13612158596515656
test_07000,0.3522723913192749
test_07001,0.5077707767486572
test_07002,0.3228716552257538
test_07003,0.4328271746635437
test_07004,0.3935029208660126
test_07005,0.47928088903427124
test_07006,0.2868427038192749
test_07007,0.5004672408103943
test_07008,0.5409130454063416
test_07009,0.31656399369239807
test_07010,0.1056850478053093
test_07011,0.43649718165397644
test_07012,0.42889276146888733
test_07013,0.5335808992385864
test_07014,0.6619400978088379
test_07015,0.24446964263916016
test_07016,0.2316564917564392
test_07017,0.41865119338035583
test_07018,0.6975739002227783
test_07019,0.5003190040588379
test_07020,0.5049758553504944
test_07021,0.40831705927848816
test_07022,0.44098690152168274
test_07023,0.2802714407444
test_07024,0.44829294085502625
test_07025,0.34736594557762146
test_07026,0.6909454464912415
test_07027,0.1957937777042389
test_07028,0.3481906056404114
test_07029,0.47474804520606995
test_07030,0.2523820996284485
test_07031,0.4220951199531555
test_07032,0.18705111742019653
test_07033,0.4786641299724579
test_07034,0.5508022904396057
test_07035,0.385703444480896
test_07036,0.151162251830101
test_07037,0.5417989492416382
test_07038,0.40675124526023865
test_07039,0.3038255274295807
test_07040,0.6865770220756531
test_07041,0.4303809404373169
test_07042,0.4073057770729065
test_07043,0.30134981870651245
test_07044,0.3719896674156189
test_07045,0.6400848627090454
test_07046,0.5364949107170105
test_07047,0.4356553256511688
test_07048,0.4380894601345062
test_07049,0.2881716191768646
test_07050,0.30861610174179077
test_07051,0.7067738771438599
test_07052,0.5235684514045715
test_07053,0.3767789602279663
test_07054,0.4069749414920807
test_07055,0.6600542068481445
test_07056,0.44211891293525696
test_07057,0.5524272322654724
test_07058,0.4944555163383484
test_07059,0.41965633630752563
test_07060,0.5948359370231628
test_07061,0.45776280760765076
test_07062,0.24524769186973572
test_07063,0.2847593426704407
test_07064,0.5255680084228516
test_07065,0.5377835631370544
test_07066,0.520653486251831
test_07067,0.4414995610713959
test_07068,0.3121975064277649
test_07069,0.4096790850162506
test_07070,0.5212682485580444
test_07071,0.4367872178554535
test_07072,0.5161474347114563
test_07073,0.24082738161087036
test_07074,0.27050870656967163
test_07075,0.3098396062850952
test_07076,0.577959418296814
test_07077,0.5945163369178772
test_07078,0.2565946877002716
test_07079,0.4862266778945923
test_07080,0.7237071394920349
test_07081,0.2887865900993347
test_07082,0.3325875699520111
test_07083,0.4886874258518219
test_07084,0.12184973806142807
test_07085,0.6159051060676575
test_07086,0.4078434705734253
test_07087,0.3620627820491791
test_07088,0.6529450416564941
test_07089,0.5444701313972473
test_07090,0.43285009264945984
test_07091,0.5479049682617188
test_07092,0.29626765847206116
test_07093,0.5738799571990967
test_07094,0.5527439713478088
test_07095,0.388821005821228
test_07096,0.44366881251335144
test_07097,0.2631291151046753
test_07098,0.45893511176109314
test_07099,0.3613792955875397
test_07100,0.5238808393478394
test_07101,0.5839545130729675
test_07102,0.421430766582489
test_07103,0.47887343168258667
test_07104,0.3403644263744354
test_07105,0.5301340222358704
test_07106,0.4686640202999115
test_07107,0.4868621826171875
test_07108,0.28731825947761536
test_07109,0.7303763628005981
test_07110,0.4852759540081024
test_07111,0.355430543422699
test_07112,0.20418572425842285
test_07113,0.5899701714515686
test_07114,0.3052949607372284
test_07115,0.574620246887207
test_07116,0.4076957404613495
test_07117,0.3897257447242737
test_07118,0.37413325905799866
test_07119,0.44923123717308044
test_07120,0.3051513731479645
test_07121,0.5970314145088196
test_07122,0.6831295490264893
test_07123,0.5306277275085449
test_07124,0.7993571162223816
test_07125,0.40133363008499146
test_07126,0.34370720386505127
test_07127,0.4611624777317047
test_07128,0.4145672917366028
test_07129,0.472868412733078
test_07130,0.5694271922111511
test_07131,0.3429269790649414
test_07132,0.49219805002212524
test_07133,0.49288737773895264
test_07134,0.4948391318321228
test_07135,0.3661158084869385
test_07136,0.575573205947876
test_07137,0.24334773421287537
test_07138,0.49745479226112366
test_07139,0.5613436102867126
test_07140,0.3474227786064148
test_07141,0.3816949725151062
test_07142,0.2832486927509308
test_07143,0.42016223073005676
test_07144,0.49475759267807007
test_07145,0.5542119741439819
test_07146,0.4421624541282654
test_07147,0.15332408249378204
test_07148,0.2440388798713684
test_07149,0.5087133049964905
test_07150,0.6426194906234741
test_07151,0.3174656331539154
test_07152,0.19215314090251923
test_07153,0.16545625030994415
test_07154,0.43629103899002075
test_07155,0.491314172744751
test_07156,0.5438258647918701
test_07157,0.5218597054481506
test_07158,0.47723814845085144
test_07159,0.40328434109687805
test_07160,0.36451083421707153
test_07161,0.4225105941295624
test_07162,0.3404669463634491
test_07163,0.6399208307266235
test_07164,0.4287501275539398
test_07165,0.2570393681526184
test_07166,0.4840867817401886
test_07167,0.49139201641082764
test_07168,0.33495059609413147
test_07169,0.21840883791446686
test_07170,0.48327764868736267
test_07171,0.45950332283973694
test_07172,0.43197140097618103
test_07173,0.46733030676841736
test_07174,0.4504604637622833
test_07175,0.4820418655872345
test_07176,0.48072174191474915
test_07177,0.3803185820579529
test_07178,0.627119243144989
test_07179,0.38500890135765076
test_07180,0.5075216889381409
test_07181,0.5473766922950745
test_07182,0.43533796072006226
test_07183,0.21906591951847076
test_07184,0.532935619354248
test_07185,0.30058005452156067
test_07186,0.3744749128818512
test_07187,0.49425724148750305
test_07188,0.4474528431892395
test_07189,0.30926015973091125
test_07190,0.39887428283691406
test_07191,0.7278605103492737
test_07192,0.3580082356929779
test_07193,0.3495386838912964
test_07194,0.3736765384674072
test_07195,0.4142802059650421
test_07196,0.5317835807800293
test_07197,0.4145229458808899
test_07198,0.5933992266654968
test_07199,0.6003914475440979
test_07200,0.7410140633583069
test_07201,0.35832005739212036
test_07202,0.22534555196762085
test_07203,0.43977031111717224
test_07204,0.3999275267124176
test_07205,0.5094960331916809
test_07206,0.43671396374702454
test_07207,0.39993569254875183
test_07208,0.5775411128997803
test_07209,0.42963355779647827
test_07210,0.5875411629676819
test_07211,0.43592819571495056
test_07212,0.4209303557872772
test_07213,0.21688570082187653
test_07214,0.4636450707912445
test_07215,0.17428886890411377
test_07216,0.6642376184463501
test_07217,0.547569990158081
test_07218,0.5034446120262146
test_07219,0.3239617645740509
test_07220,0.17296111583709717
test_07221,0.5414542555809021
test_07222,0.36119118332862854
test_07223,0.2635365426540375
test_07224,0.25971657037734985
test_07225,0.4611848294734955
test_07226,0.2699136435985565
test_07227,0.5924281477928162
test_07228,0.4571784734725952
test_07229,0.23067045211791992
test_07230,0.5301085114479065
test_07231,0.5619656443595886
test_07232,0.29691246151924133
test_07233,0.4102596342563629
test_07234,0.5066260099411011
test_07235,0.308505117893219
test_07236,0.545752227306366
test_07237,0.4565929174423218
test_07238,0.3900671601295471
test_07239,0.1593979001045227
test_07240,0.4131011664867401
test_07241,0.5126271843910217
test_07242,0.6424168348312378
test_07243,0.5548854470252991
test_07244,0.592720091342926
test_07245,0.40010425448417664
test_07246,0.5360828638076782
test_07247,0.655884325504303
test_07248,0.3905642628669739
test_07249,0.592370867729187
test_07250,0.40674713253974915
test_07251,0.6334711909294128
test_07252,0.41106921434402466
test_07253,0.21923087537288666
test_07254,0.5565775036811829
test_07255,0.48458945751190186
test_07256,0.25593891739845276
test_07257,0.23778824508190155
test_07258,0.5048864483833313
test_07259,0.2821842133998871
test_07260,0.6198300123214722
test_07261,0.3858723044395447
test_07262,0.6388720870018005
test_07263,0.4501190781593323
test_07264,0.4858260154724121
test_07265,0.24907928705215454
test_07266,0.5489578247070312
test_07267,0.25484129786491394
test_07268,0.5481833219528198
test_07269,0.32052695751190186
test_07270,0.3747647702693939
test_07271,0.33116281032562256
test_07272,0.6154282689094543
test_07273,0.4562203884124756
test_07274,0.5035204291343689
test_07275,0.5126615166664124
test_07276,0.7870420813560486
test_07277,0.5918506383895874
test_07278,0.45086178183555603
test_07279,0.5313301086425781
test_07280,0.13942444324493408
test_07281,0.4952132999897003
test_07282,0.6097506284713745
test_07283,0.3325132727622986
test_07284,0.5754489898681641
test_07285,0.46019330620765686
test_07286,0.5505109429359436
test_07287,0.49363672733306885
test_07288,0.31928688287734985
test_07289,0.4387710690498352
test_07290,0.40523767471313477
test_07291,0.369828999042511
test_07292,0.1394040286540985
test_07293,0.43406471610069275
test_07294,0.49952027201652527
test_07295,0.36623841524124146
test_07296,0.44296860694885254
test_07297,0.5332272052764893
test_07298,0.5083916187286377
test_07299,0.3733291029930115
test_07300,0.5584146976470947
test_07301,0.39127087593078613
test_07302,0.3576579988002777
test_07303,0.49805566668510437
test_07304,0.1969490796327591
test_07305,0.8513979911804199
test_07306,0.5957064032554626
test_07307,0.5211614966392517
test_07308,0.3509711027145386
test_07309,0.5588788390159607
test_07310,0.45882222056388855
test_07311,0.7532461881637573
test_07312,0.2907911539077759
test_07313,0.40045201778411865
test_07314,0.2501679062843323
test_07315,0.5110293030738831
test_07316,0.3003970980644226
test_07317,0.31832489371299744
test_07318,0.1894959956407547
test_07319,0.5249611139297485
test_07320,0.6463738679885864
test_07321,0.5753760933876038
test_07322,0.6028273105621338
test_07323,0.29064521193504333
test_07324,0.4762507379055023
test_07325,0.49448174238204956
test_07326,0.512232780456543
test_07327,0.38727933168411255
test_07328,0.7608737945556641
test_07329,0.33928272128105164
test_07330,0.24412384629249573
test_07331,0.5025388598442078
test_07332,0.3895234167575836
test_07333,0.4862610399723053
test_07334,0.30583465099334717
test_07335,0.6037952899932861
test_07336,0.742781400680542
test_07337,0.6272847056388855
test_07338,0.10244414210319519
test_07339,0.48923060297966003
test_07340,0.7242984771728516
test_07341,0.5425570607185364
test_07342,0.5393767356872559
test_07343,0.41302454471588135
test_07344,0.5194446444511414
test_07345,0.352357417345047
test_07346,0.5489029884338379
test_07347,0.43956607580184937
test_07348,0.38895183801651
test_07349,0.38786983489990234
test_07350,0.33795803785324097
test_07351,0.4008224904537201
test_07352,0.3633471131324768
test_07353,0.5547757744789124
test_07354,0.5041494369506836
test_07355,0.30590662360191345
test_07356,0.4341195821762085
test_07357,0.3756476938724518
test_07358,0.48212772607803345
test_07359,0.4699920415878296
test_07360,0.7339697480201721
test_07361,0.3878950774669647
test_07362,0.46339818835258484
test_07363,0.3998037874698639
test_07364,0.22994427382946014
test_07365,0.5077110528945923
test_07366,0.4358922243118286
test_07367,0.4421607255935669
test_07368,0.5871955752372742
test_07369,0.49728068709373474
test_07370,0.495017945766449
test_07371,0.4787602424621582
test_07372,0.34728217124938965
test_07373,0.46271881461143494
test_07374,0.24464531242847443
test_07375,0.33442333340644836
test_07376,0.3599804937839508
test_07377,0.4082486629486084
test_07378,0.5061143040657043
test_07379,0.7680162191390991
test_07380,0.4869435727596283
test_07381,0.06856020539999008
test_07382,0.4154035747051239
test_07383,0.5008594393730164
test_07384,0.4336513876914978
test_07385,0.5408824682235718
test_07386,0.4734271168708801
test_07387,0.417337030172348
test_07388,0.6026221513748169
test_07389,0.5329451560974121
test_07390,0.4665502905845642
test_07391,0.522993266582489
test_07392,0.3964669406414032
test_07393,0.32456082105636597
test_07394,0.5479841828346252
test_07395,0.38895183801651
test_07396,0.5796135067939758
test_07397,0.3988882601261139
test_07398,0.11300399154424667
test_07399,0.2762722969055176
test_07400,0.3028615117073059
test_07401,0.4253666400909424
test_07402,0.6066296100616455
test_07403,0.5800498723983765
test_07404,0.31681448221206665
test_07405,0.44616231322288513
test_07406,0.24972201883792877
test_07407,0.3398837447166443
test_07408,0.334255188703537
test_07409,0.45445963740348816
test_07410,0.2707589864730835
test_07411,0.5297507643699646
test_07412,0.7139902114868164
test_07413,0.619229257106781
test_07414,0.4489412009716034
test_07415,0.394105464220047
test_07416,0.3784998059272766
test_07417,0.4579286575317383
test_07418,0.32539787888526917
test_07419,0.46409618854522705
test_07420,0.4988650381565094
test_07421,0.40451231598854065
test_07422,0.6552922129631042
test_07423,0.615161120891571
test_07424,0.5248913764953613
test_07425,0.552094578742981
test_07426,0.16232402622699738
test_07427,0.7301489114761353
test_07428,0.46564966440200806
test_07429,0.4735565781593323
test_07430,0.3783072531223297
test_07431,0.4073646664619446
test_07432,0.512876033782959
test_07433,0.2901780307292938
test_07434,0.49035197496414185
test_07435,0.1429387331008911
test_07436,0.20522540807724
test_07437,0.5407041907310486
test_07438,0.44488683342933655
test_07439,0.45788535475730896
test_07440,0.23069113492965698
test_07441,0.2941735088825226
test_07442,0.6320961713790894
test_07443,0.42597049474716187
test_07444,0.40036898851394653
test_07445,0.4994198977947235
test_07446,0.3411749303340912
test_07447,0.3908901512622833
test_07448,0.5896667242050171
test_07449,0.646645724773407
test_07450,0.4890716075897217
test_07451,0.3903317153453827
test_07452,0.5228486657142639
test_07453,0.6060736179351807
test_07454,0.4642369747161865
test_07455,0.4369220435619354
test_07456,0.3941369652748108
test_07457,0.4375525116920471
test_07458,0.6737664341926575
test_07459,0.5269438028335571
test_07460,0.4865554869174957
test_07461,0.42042943835258484
test_07462,0.4356500804424286
test_07463,0.5153109431266785
test_07464,0.5578426718711853
test_07465,0.2548215687274933
test_07466,0.2967297434806824
test_07467,0.5526850819587708
test_07468,0.6080624461174011
test_07469,0.29635244607925415
test_07470,0.5472815036773682
test_07471,0.48328763246536255
test_07472,0.35832589864730835
test_07473,0.40494683384895325
test_07474,0.4912545680999756
test_07475,0.28259605169296265
test_07476,0.47409573197364807
test_07477,0.3279849886894226
test_07478,0.38675424456596375
test_07479,0.6057320833206177
test_07480,0.459589421749115
test_07481,0.23160016536712646
test_07482,0.37309738993644714
test_07483,0.33747607469558716
test_07484,0.5528603196144104
test_07485,0.30195918679237366
test_07486,0.4699651300907135
test_07487,0.5033913254737854
test_07488,0.13341988623142242
test_07489,0.347653865814209
test_07490,0.3975256383419037
test_07491,0.3832038640975952
test_07492,0.551135778427124
test_07493,0.4982415437698364
test_07494,0.1476678103208542
test_07495,0.5157393217086792
test_07496,0.5493401288986206
test_07497,0.4974611699581146
test_07498,0.2642006278038025
test_07499,0.36966225504875183
test_07500,0.44097065925598145
test_07501,0.48390698432922363
test_07502,0.49506136775016785
test_07503,0.3039195239543915
test_07504,0.590850293636322
test_07505,0.18733544647693634
test_07506,0.5716537833213806
test_07507,0.2883795201778412
test_07508,0.2906814217567444
test_07509,0.25862032175064087
test_07510,0.20826512575149536
test_07511,0.6171345710754395
test_07512,0.12468871474266052
test_07513,0.6358117461204529
test_07514,0.4744836986064911
test_07515,0.4050194025039673
test_07516,0.6107023358345032
test_07517,0.33747342228889465
test_07518,0.35181424021720886
test_07519,0.4275108575820923
test_07520,0.572118878364563
test_07521,0.47884735465049744
test_07522,0.14097246527671814
test_07523,0.4440939426422119
test_07524,0.5429474115371704
test_07525,0.3882944583892822
test_07526,0.5136601328849792
test_07527,0.32236146926879883
test_07528,0.5400369763374329
test_07529,0.5470855832099915
test_07530,0.4572870433330536
test_07531,0.41522231698036194
test_07532,0.3391704559326172
test_07533,0.6950927376747131
test_07534,0.5173265933990479
test_07535,0.37484464049339294
test_07536,0.20382854342460632
test_07537,0.5525446534156799
test_07538,0.6053910255432129
test_07539,0.48836666345596313
test_07540,0.26723217964172363
test_07541,0.5777601599693298
test_07542,0.32643604278564453
test_07543,0.4375775158405304
test_07544,0.27178966999053955
test_07545,0.4196443259716034
test_07546,0.4362071454524994
test_07547,0.30693379044532776
test_07548,0.5200356841087341
test_07549,0.3042159974575043
test_07550,0.5545161962509155
test_07551,0.4281204342842102
test_07552,0.5304027199745178
test_07553,0.2512526512145996
test_07554,0.37422770261764526
test_07555,0.40292319655418396
test_07556,0.4057396948337555
test_07557,0.3453862965106964
test_07558,0.17372554540634155
test_07559,0.6476247310638428
test_07560,0.4903997778892517
test_07561,0.46881556510925293
test_07562,0.24754056334495544
test_07563,0.3355666697025299
test_07564,0.6153379678726196
test_07565,0.616873562335968
test_07566,0.45651254057884216
test_07567,0.5021183490753174
test_07568,0.4295850992202759
test_07569,0.5437431931495667
test_07570,0.4172275960445404
test_07571,0.7902835011482239
test_07572,0.3869114816188812
test_07573,0.5137926340103149
test_07574,0.3586556613445282
test_07575,0.46325916051864624
test_07576,0.43140774965286255
test_07577,0.48200660943984985
test_07578,0.5270040035247803
test_07579,0.3540128469467163
test_07580,0.33079543709754944
test_07581,0.45955905318260193
test_07582,0.5530509948730469
test_07583,0.45567587018013
test_07584,0.46686312556266785
test_07585,0.3437510132789612
test_07586,0.5302819609642029
test_07587,0.5408773422241211
test_07588,0.47359856963157654
test_07589,0.6741507649421692
test_07590,0.07644687592983246
test_07591,0.5433074831962585
test_07592,0.4946020543575287
test_07593,0.4579707980155945
test_07594,0.627447247505188
test_07595,0.4109593629837036
test_07596,0.0751127079129219
test_07597,0.37760627269744873
test_07598,0.6239298582077026
test_07599,0.19914524257183075
test_07600,0.45235154032707214
test_07601,0.5097869634628296
test_07602,0.5332340002059937
test_07603,0.3087058365345001
test_07604,0.3972449004650116
test_07605,0.5172249674797058
test_07606,0.46878674626350403
test_07607,0.43901631236076355
test_07608,0.6789115071296692
test_07609,0.5403062105178833
test_07610,0.5440879464149475
test_07611,0.4688291847705841
test_07612,0.46598535776138306
test_07613,0.3713046610355377
test_07614,0.5132626891136169
test_07615,0.484450101852417
test_07616,0.43407028913497925
test_07617,0.4020356833934784
test_07618,0.14411501586437225
test_07619,0.4693390727043152
test_07620,0.5527077317237854
test_07621,0.38596904277801514
test_07622,0.2389267086982727
test_07623,0.5071349740028381
test_07624,0.14302976429462433
test_07625,0.5422945618629456
test_07626,0.3538435101509094
test_07627,0.3101889491081238
test_07628,0.4207085967063904
test_07629,0.6382982134819031
test_07630,0.2543683648109436
test_07631,0.39440783858299255
test_07632,0.43621087074279785
test_07633,0.5354447960853577
test_07634,0.5554202198982239
test_07635,0.5067623853683472
test_07636,0.38841646909713745
test_07637,0.39621010422706604
test_07638,0.3177136778831482
test_07639,0.1986764818429947
test_07640,0.6160473823547363
test_07641,0.36771219968795776
test_07642,0.29315105080604553
test_07643,0.6764102578163147
test_07644,0.45843517780303955
test_07645,0.4324900507926941
test_07646,0.33825501799583435
test_07647,0.6502145528793335
test_07648,0.66689532995224
test_07649,0.32407671213150024
test_07650,0.58619225025177
test_07651,0.460257351398468
test_07652,0.37529227137565613
test_07653,0.6912567615509033
test_07654,0.4825645089149475
test_07655,0.2364960014820099
test_07656,0.43817225098609924
test_07657,0.3547793924808502
test_07658,0.4077790081501007
test_07659,0.5075119733810425
test_07660,0.4731903076171875
test_07661,0.22965572774410248
test_07662,0.6349812746047974
test_07663,0.4150591492652893
test_07664,0.4623970687389374
test_07665,0.23376740515232086
test_07666,0.48347529768943787
test_07667,0.4831644296646118
test_07668,0.6511732339859009
test_07669,0.4261658191680908
test_07670,0.5017849206924438
test_07671,0.45789456367492676
test_07672,0.4600152373313904
test_07673,0.34312862157821655
test_07674,0.2838389277458191
test_07675,0.4395431876182556
test_07676,0.6008519530296326
test_07677,0.4962821900844574
test_07678,0.4856042265892029
test_07679,0.14554338157176971
test_07680,0.462198406457901
test_07681,0.5365756750106812
test_07682,0.3357573449611664
test_07683,0.7265520691871643
test_07684,0.35800087451934814
test_07685,0.2788349390029907
test_07686,0.5084782242774963
test_07687,0.22957517206668854
test_07688,0.18101200461387634
test_07689,0.4166988432407379
test_07690,0.1997241973876953
test_07691,0.34421423077583313
test_07692,0.5346451997756958
test_07693,0.32539647817611694
test_07694,0.4498581886291504
test_07695,0.41702690720558167
test_07696,0.460652232170105
test_07697,0.5453546643257141
test_07698,0.600175142288208
test_07699,0.5493711829185486
test_07700,0.5322275161743164
test_07701,0.19627341628074646
test_07702,0.5387656688690186
test_07703,0.5358781218528748
test_07704,0.37070727348327637
test_07705,0.20509225130081177
test_07706,0.6059821248054504
test_07707,0.5485077500343323
test_07708,0.6351873278617859
test_07709,0.5276035070419312
test_07710,0.6446734070777893
test_07711,0.19755108654499054
test_07712,0.20966430008411407
test_07713,0.6027421355247498
test_07714,0.5152984857559204
test_07715,0.5283113121986389
test_07716,0.4657697379589081
test_07717,0.47655537724494934
test_07718,0.5138813257217407
test_07719,0.3475301265716553
test_07720,0.5881154537200928
test_07721,0.13942618668079376
test_07722,0.7491563558578491
test_07723,0.19114026427268982
test_07724,0.4575269818305969
test_07725,0.43903738260269165
test_07726,0.27493417263031006
test_07727,0.20641081035137177
test_07728,0.49520936608314514
test_07729,0.5489794611930847
test_07730,0.5081066489219666
test_07731,0.34639760851860046
test_07732,0.4378286600112915
test_07733,0.46329590678215027
test_07734,0.5341461896896362
test_07735,0.3934381306171417
test_07736,0.4711827039718628
test_07737,0.13259181380271912
test_07738,0.30205434560775757
test_07739,0.4049241542816162
test_07740,0.6452420353889465
test_07741,0.6167356967926025
test_07742,0.3069491684436798
test_07743,0.41406604647636414
test_07744,0.30745816230773926
test_07745,0.4453449845314026
test_07746,0.3782978355884552
test_07747,0.4413163959980011
test_07748,0.5561912059783936
test_07749,0.1305115520954132
test_07750,0.4526081085205078
test_07751,0.2426246702671051
test_07752,0.43413498997688293
test_07753,0.5591964721679688
test_07754,0.4478052258491516
test_07755,0.4397166073322296
test_07756,0.3628126084804535
test_07757,0.53505939245224
test_07758,0.5895260572433472
test_07759,0.6407504677772522
test_07760,0.2806950509548187
test_07761,0.1898089200258255
test_07762,0.49730774760246277
test_07763,0.570605993270874
test_07764,0.27551478147506714
test_07765,0.49766480922698975
test_07766,0.5439860820770264
test_07767,0.2329457849264145
test_07768,0.5553299188613892
test_07769,0.5582104325294495
test_07770,0.4750688970088959
test_07771,0.6274191737174988
test_07772,0.5374255776405334
test_07773,0.2763041853904724
test_07774,0.4997800886631012
test_07775,0.24971915781497955
test_07776,0.5172001719474792
test_07777,0.37799981236457825
test_07778,0.5385736227035522
test_07779,0.438402384519577
test_07780,0.412194162607193
test_07781,0.286912739276886
test_07782,0.5358306169509888
test_07783,0.5505037903785706
test_07784,0.18726985156536102
test_07785,0.3726590871810913
test_07786,0.3412542939186096
test_07787,0.6967143416404724
test_07788,0.7395604848861694
test_07789,0.2731963098049164
test_07790,0.3482762277126312
test_07791,0.409777969121933
test_07792,0.2599819302558899
test_07793,0.4847973883152008
test_07794,0.10507750511169434
test_07795,0.4961908161640167
test_07796,0.2811782658100128
test_07797,0.4629175066947937
test_07798,0.5357726216316223
test_07799,0.35380232334136963
test_07800,0.35853421688079834
test_07801,0.4407663941383362
test_07802,0.5157060027122498
test_07803,0.6369651556015015
test_07804,0.5441727638244629
test_07805,0.3142857551574707
test_07806,0.41105878353118896
test_07807,0.4945334196090698
test_07808,0.40139248967170715
test_07809,0.4261814057826996
test_07810,0.4981685280799866
test_07811,0.3214394748210907
test_07812,0.42758721113204956
test_07813,0.47650623321533203
test_07814,0.3113924264907837
test_07815,0.46914196014404297
test_07816,0.5317230224609375
test_07817,0.7149370908737183
test_07818,0.26892590522766113
test_07819,0.30739495158195496
test_07820,0.5434897541999817
test_07821,0.6259142160415649
test_07822,0.1225389689207077
test_07823,0.3358685374259949
test_07824,0.3404049277305603
test_07825,0.2189912050962448
test_07826,0.6978471279144287
test_07827,0.4983450174331665
test_07828,0.16284477710723877
test_07829,0.2953343689441681
test_07830,0.4386276304721832
test_07831,0.5004896521568298
test_07832,0.31283971667289734
test_07833,0.4060620665550232
test_07834,0.3893451690673828
test_07835,0.14601416885852814
test_07836,0.47865331172943115
test_07837,0.5041696429252625
test_07838,0.42538216710090637
test_07839,0.6193660497665405
test_07840,0.3766847550868988
test_07841,0.4079251289367676
test_07842,0.4943452477455139
test_07843,0.4480765759944916
test_07844,0.27374720573425293
test_07845,0.403599351644516
test_07846,0.5224325656890869
test_07847,0.5253742933273315
test_07848,0.09246763586997986
test_07849,0.5403798818588257
test_07850,0.5207894444465637
test_07851,0.3792876601219177
test_07852,0.4622579514980316
test_07853,0.541454553604126
test_07854,0.5160181522369385
test_07855,0.17516690492630005
test_07856,0.5505809783935547
test_07857,0.499211847782135
test_07858,0.4647560119628906
test_07859,0.4384533166885376
test_07860,0.37532714009284973
test_07861,0.405255526304245
test_07862,0.3580460846424103
test_07863,0.5710746049880981
test_07864,0.35494205355644226
test_07865,0.32313212752342224
test_07866,0.481732577085495
test_07867,0.5477630496025085
test_07868,0.5279730558395386
test_07869,0.6107112169265747
test_07870,0.49619221687316895
test_07871,0.49973228573799133
test_07872,0.4853692054748535
test_07873,0.3844248354434967
test_07874,0.4193340241909027
test_07875,0.46186691522598267
test_07876,0.3440532386302948
test_07877,0.4390232563018799
test_07878,0.5484476685523987
test_07879,0.5125375390052795
test_07880,0.6749868988990784
test_07881,0.7710729837417603
test_07882,0.6215118169784546
test_07883,0.5390866994857788
test_07884,0.5104137063026428
test_07885,0.37564989924430847
test_07886,0.5509467720985413
test_07887,0.3661257028579712
test_07888,0.5731937289237976
test_07889,0.5451861023902893
test_07890,0.3222861588001251
test_07891,0.2610158622264862
test_07892,0.5433661937713623
test_07893,0.3864213526248932
test_07894,0.3695791959762573
test_07895,0.28964751958847046
test_07896,0.4515474736690521
test_07897,0.5040940046310425
test_07898,0.35615110397338867
test_07899,0.5691044330596924
test_07900,0.48196154832839966
test_07901,0.4700952470302582
test_07902,0.4383130967617035
test_07903,0.2533493638038635
test_07904,0.4739769995212555
test_07905,0.5462610721588135
test_07906,0.5183783769607544
test_07907,0.4022030830383301
test_07908,0.5347068905830383
test_07909,0.09785755723714828
test_07910,0.6005932092666626
test_07911,0.5458137392997742
test_07912,0.38734933733940125
test_07913,0.36284688115119934
test_07914,0.5261052250862122
test_07915,0.22415494918823242
test_07916,0.3136742115020752
test_07917,0.40479621291160583
test_07918,0.4613094627857208
test_07919,0.4181867837905884
test_07920,0.3731425404548645
test_07921,0.5290126800537109
test_07922,0.47309380769729614
test_07923,0.26217374205589294
test_07924,0.37429097294807434
test_07925,0.46875274181365967
test_07926,0.3151525557041168
test_07927,0.3791113793849945
test_07928,0.41705402731895447
test_07929,0.4354199469089508
test_07930,0.20577417314052582
test_07931,0.3504449129104614
test_07932,0.7931405901908875
test_07933,0.4621928632259369
test_07934,0.4090621769428253
test_07935,0.44985729455947876
test_07936,0.38284993171691895
test_07937,0.3233214318752289
test_07938,0.315116822719574
test_07939,0.3158009648323059
test_07940,0.4912797212600708
test_07941,0.568358302116394
test_07942,0.41542914509773254
test_07943,0.5091153979301453
test_07944,0.33286580443382263
test_07945,0.47460588812828064
test_07946,0.4909668266773224
test_07947,0.5730020999908447
test_07948,0.5891061425209045
test_07949,0.5050962567329407
test_07950,0.37788456678390503
test_07951,0.45560142397880554
test_07952,0.22629903256893158
test_07953,0.3793066442012787
test_07954,0.5281221866607666
test_07955,0.47791996598243713
test_07956,0.24516735970973969
test_07957,0.5870543718338013
test_07958,0.16276688873767853
test_07959,0.1253153532743454
test_07960,0.259829044342041
test_07961,0.24443818628787994
test_07962,0.7094473838806152
test_07963,0.40073162317276
test_07964,0.47463566064834595
test_07965,0.4893992245197296
test_07966,0.3005531132221222
test_07967,0.4412439167499542
test_07968,0.5533171892166138
test_07969,0.6080325245857239
test_07970,0.4307117760181427
test_07971,0.6620593070983887
test_07972,0.4839063286781311
test_07973,0.6574487090110779
test_07974,0.5543091297149658
test_07975,0.37422627210617065
test_07976,0.6135704517364502
test_07977,0.3103935718536377
test_07978,0.366309255361557
test_07979,0.023572247475385666
test_07980,0.4075396955013275
test_07981,0.3675941824913025
test_07982,0.32169175148010254
test_07983,0.5037426948547363
test_07984,0.470347136259079
test_07985,0.39418283104896545
test_07986,0.671870231628418
test_07987,0.5928577780723572
test_07988,0.6267637610435486
test_07989,0.17277252674102783
test_07990,0.4977940320968628
test_07991,0.5188522338867188
test_07992,0.4560713469982147
test_07993,0.2134811282157898
test_07994,0.4754684865474701
test_07995,0.2363423854112625
test_07996,0.4605422616004944
test_07997,0.3958835303783417
test_07998,0.5499570369720459
test_07999,0.4428153932094574
test_08000,0.6297042965888977
test_08001,0.4157567620277405
test_08002,0.41206568479537964
test_08003,0.5005320310592651
test_08004,0.6413065791130066
test_08005,0.4942830502986908
test_08006,0.3952566683292389
test_08007,0.43403875827789307
test_08008,0.5590680241584778
test_08009,0.6295005083084106
test_08010,0.25585660338401794
test_08011,0.36560073494911194
test_08012,0.4012494683265686
test_08013,0.42723312973976135
test_08014,0.4592641294002533
test_08015,0.5167539715766907
test_08016,0.48645707964897156
test_08017,0.3711419105529785
test_08018,0.305365651845932
test_08019,0.5719408392906189
test_08020,0.4645967185497284
test_08021,0.47778549790382385
test_08022,0.5648092031478882
test_08023,0.5365270972251892
test_08024,0.22632527351379395
test_08025,0.6269445419311523
test_08026,0.16002126038074493
test_08027,0.5286659598350525
test_08028,0.5746901035308838
test_08029,0.4087531864643097
test_08030,0.20645730197429657
test_08031,0.42337584495544434
test_08032,0.33176925778388977
test_08033,0.2973689138889313
test_08034,0.4691459834575653
test_08035,0.5297772884368896
test_08036,0.2571706473827362
test_08037,0.42093390226364136
test_08038,0.34966838359832764
test_08039,0.41752293705940247
test_08040,0.4139084815979004
test_08041,0.5003365278244019
test_08042,0.23150300979614258
test_08043,0.3695707321166992
test_08044,0.4880364239215851
test_08045,0.24268671870231628
test_08046,0.39505884051322937
test_08047,0.2718556821346283
test_08048,0.6229734420776367
test_08049,0.3427923321723938
test_08050,0.552710235118866
test_08051,0.21022933721542358
test_08052,0.4277227520942688
test_08053,0.4362361431121826
test_08054,0.5310366153717041
test_08055,0.6010754108428955
test_08056,0.4213663637638092
test_08057,0.3357633352279663
test_08058,0.41458892822265625
test_08059,0.4868621826171875
test_08060,0.5191974639892578
test_08061,0.3056947588920593
test_08062,0.3696228861808777
test_08063,0.4991530179977417
test_08064,0.579531729221344
test_08065,0.5954992771148682
test_08066,0.5261304378509521
test_08067,0.5228617787361145
test_08068,0.20148594677448273
test_08069,0.43250715732574463
test_08070,0.45349597930908203
test_08071,0.22454895079135895
test_08072,0.5639642477035522
test_08073,0.437527596950531
test_08074,0.5403648614883423
test_08075,0.5668851137161255
test_08076,0.22977390885353088
test_08077,0.39874717593193054
test_08078,0.4343600571155548
test_08079,0.5456899404525757
test_08080,0.4095388352870941
test_08081,0.15736356377601624
test_08082,0.24315008521080017
test_08083,0.42066773772239685
test_08084,0.4407762289047241
test_08085,0.6717043519020081
test_08086,0.3785204291343689
test_08087,0.5468302369117737
test_08088,0.5385876297950745
test_08089,0.11591747403144836
test_08090,0.35285142064094543
test_08091,0.5588147044181824
test_08092,0.4177802503108978
test_08093,0.41410019993782043
test_08094,0.37293827533721924
test_08095,0.2623441219329834
test_08096,0.45063382387161255
test_08097,0.6758787035942078
test_08098,0.23652000725269318
test_08099,0.3352198302745819
test_08100,0.22442908585071564
test_08101,0.5563642382621765
test_08102,0.18614839017391205
test_08103,0.4518374502658844
test_08104,0.3782404661178589
test_08105,0.501571774482727
test_08106,0.4419642686843872
test_08107,0.37150058150291443
test_08108,0.4825768768787384
test_08109,0.3120734393596649
test_08110,0.49713486433029175
test_08111,0.45945993065834045
test_08112,0.43029916286468506
test_08113,0.433930903673172
test_08114,0.4748689830303192
test_08115,0.5957122445106506
test_08116,0.4998273253440857
test_08117,0.668708860874176
test_08118,0.30396419763565063
test_08119,0.4157688021659851
test_08120,0.20365555584430695
test_08121,0.5618090033531189
test_08122,0.1636877804994583
test_08123,0.5381928086280823
test_08124,0.5656118392944336
test_08125,0.39732280373573303
test_08126,0.2039545178413391
test_08127,0.46161967515945435
test_08128,0.5376899242401123
test_08129,0.49029305577278137
test_08130,0.5058332681655884
test_08131,0.578782320022583
test_08132,0.5313270688056946
test_08133,0.4962831139564514
test_08134,0.3411983847618103
test_08135,0.6336948871612549
test_08136,0.579003632068634
test_08137,0.5554884076118469
test_08138,0.5231868028640747
test_08139,0.385376513004303
test_08140,0.4307697117328644
test_08141,0.6884474158287048
test_08142,0.5005642175674438
test_08143,0.5311335921287537
test_08144,0.4389897584915161
test_08145,0.3063516616821289
test_08146,0.16932818293571472
test_08147,0.3572191894054413
test_08148,0.42254987359046936
test_08149,0.39709699153900146
test_08150,0.48228511214256287
test_08151,0.5419683456420898
test_08152,0.23075421154499054
test_08153,0.48397600650787354
test_08154,0.3812427520751953
test_08155,0.46812593936920166
test_08156,0.5153785943984985
test_08157,0.3864704966545105
test_08158,0.29276663064956665
test_08159,0.4259531795978546
test_08160,0.4306783378124237
test_08161,0.19922955334186554
test_08162,0.4453444480895996
test_08163,0.4813176393508911
test_08164,0.5062420964241028
test_08165,0.3331429362297058
test_08166,0.2072979062795639
test_08167,0.48600637912750244
test_08168,0.4182905852794647
test_08169,0.2129868119955063
test_08170,0.5657340884208679
test_08171,0.46493229269981384
test_08172,0.2730155289173126
test_08173,0.6398590207099915
test_08174,0.6271029114723206
test_08175,0.37697887420654297
test_08176,0.3948628902435303
test_08177,0.21202485263347626
test_08178,0.6388494372367859
test_08179,0.34497272968292236
test_08180,0.5004425048828125
test_08181,0.3477024435997009
test_08182,0.612103283405304
test_08183,0.4797367751598358
test_08184,0.547094464302063
test_08185,0.5963999629020691
test_08186,0.5326420068740845
test_08187,0.48144394159317017
test_08188,0.5010108351707458
test_08189,0.44995006918907166
test_08190,0.27040138840675354
test_08191,0.637962818145752
test_08192,0.5609312653541565
test_08193,0.4940657615661621
test_08194,0.3764738440513611
test_08195,0.48512551188468933
test_08196,0.47850990295410156
test_08197,0.5417796969413757
test_08198,0.21334511041641235
test_08199,0.4324429929256439
test_08200,0.37952762842178345
test_08201,0.18200287222862244
test_08202,0.3960413932800293
test_08203,0.4645918905735016
test_08204,0.3702905476093292
test_08205,0.5282848477363586
test_08206,0.5062211155891418
test_08207,0.11748887598514557
test_08208,0.25285035371780396
test_08209,0.7595733404159546
test_08210,0.3464697003364563
test_08211,0.6401565074920654
test_08212,0.4819910526275635
test_08213,0.30470606684684753
test_08214,0.2920502722263336
test_08215,0.6798481345176697
test_08216,0.3516804277896881
test_08217,0.37330013513565063
test_08218,0.7080398797988892
test_08219,0.36712846159935
test_08220,0.37031546235084534
test_08221,0.37809059023857117
test_08222,0.5480837225914001
test_08223,0.4612356424331665
test_08224,0.31995946168899536
test_08225,0.48772984743118286
test_08226,0.19723914563655853
test_08227,0.5530980229377747
test_08228,0.4968625605106354
test_08229,0.6424636244773865
test_08230,0.334320992231369
test_08231,0.4669235646724701
test_08232,0.71461021900177
test_08233,0.4641963243484497
test_08234,0.5232601761817932
test_08235,0.4293639063835144
test_08236,0.45743051171302795
test_08237,0.399356871843338
test_08238,0.4506426155567169
test_08239,0.48091942071914673
test_08240,0.3654051721096039
test_08241,0.5312936902046204
test_08242,0.5370193719863892
test_08243,0.4610443413257599
test_08244,0.3677733540534973
test_08245,0.34265777468681335
test_08246,0.33331403136253357
test_08247,0.437077134847641
test_08248,0.515245795249939
test_08249,0.5438371300697327
test_08250,0.6161165237426758
test_08251,0.6158233880996704
test_08252,0.32450154423713684
test_08253,0.41864463686943054
test_08254,0.4870893061161041
test_08255,0.2387118637561798
test_08256,0.46566042304039
test_08257,0.3623088300228119
test_08258,0.5416654944419861
test_08259,0.3900377154350281
test_08260,0.7082962989807129
test_08261,0.46828633546829224
test_08262,0.7426362633705139
test_08263,0.47456851601600647
test_08264,0.4131626486778259
test_08265,0.13558025658130646
test_08266,0.5157298445701599
test_08267,0.5640261769294739
test_08268,0.10962020605802536
test_08269,0.36253389716148376
test_08270,0.5821009874343872
test_08271,0.551245391368866
test_08272,0.49387285113334656
test_08273,0.34438806772232056
test_08274,0.36129680275917053
test_08275,0.2914921045303345
test_08276,0.44698935747146606
test_08277,0.5674803256988525
test_08278,0.3559877574443817
test_08279,0.5049850940704346
test_08280,0.3144499659538269
test_08281,0.6324390172958374
test_08282,0.5908170342445374
test_08283,0.35207170248031616
test_08284,0.398747056722641
test_08285,0.33224326372146606
test_08286,0.5619370937347412
test_08287,0.384377121925354
test_08288,0.43101292848587036
test_08289,0.24634769558906555
test_08290,0.2864486575126648
test_08291,0.5826497673988342
test_08292,0.3818828761577606
test_08293,0.29418182373046875
test_08294,0.5772258043289185
test_08295,0.5775518417358398
test_08296,0.5696499943733215
test_08297,0.4802289307117462
test_08298,0.4498623311519623
test_08299,0.35150405764579773
test_08300,0.6350643634796143
test_08301,0.42602890729904175
test_08302,0.40654945373535156
test_08303,0.4913702607154846
test_08304,0.6305431723594666
test_08305,0.5176399946212769
test_08306,0.6804046034812927
test_08307,0.5019733309745789
test_08308,0.585080087184906
test_08309,0.34756574034690857
test_08310,0.7215054631233215
test_08311,0.2857358455657959
test_08312,0.5160539150238037
test_08313,0.239039346575737
test_08314,0.2954333424568176
test_08315,0.4025943875312805
test_08316,0.6289380192756653
test_08317,0.5715059041976929
test_08318,0.47877296805381775
test_08319,0.7240957021713257
test_08320,0.2757555842399597
test_08321,0.4382299780845642
test_08322,0.5292149782180786
test_08323,0.708111047744751
test_08324,0.5797674059867859
test_08325,0.698484480381012
test_08326,0.1872348040342331
test_08327,0.5010668635368347
test_08328,0.4108309745788574
test_08329,0.5868241190910339
test_08330,0.2946048974990845
test_08331,0.24589143693447113
test_08332,0.47555723786354065
test_08333,0.6087402701377869
test_08334,0.4983723759651184
test_08335,0.282711386680603
test_08336,0.09631265699863434
test_08337,0.4291161000728607
test_08338,0.3669321537017822
test_08339,0.33677563071250916
test_08340,0.4928044378757477
test_08341,0.6189035177230835
test_08342,0.16646388173103333
test_08343,0.33166977763175964
test_08344,0.6156816482543945
test_08345,0.16469772160053253
test_08346,0.363538920879364
test_08347,0.3744699954986572
test_08348,0.6198543310165405
test_08349,0.2605093717575073
test_08350,0.3334033191204071
test_08351,0.38978949189186096
test_08352,0.3100496530532837
test_08353,0.39260080456733704
test_08354,0.2270079106092453
test_08355,0.5477328300476074
test_08356,0.36859387159347534
test_08357,0.48593831062316895
test_08358,0.45963412523269653
test_08359,0.504829466342926
test_08360,0.30379366874694824
test_08361,0.6467978358268738
test_08362,0.3935469090938568
test_08363,0.22132880985736847
test_08364,0.3373066186904907
test_08365,0.3396548330783844
test_08366,0.5980563163757324
test_08367,0.4842839539051056
test_08368,0.5371524691581726
test_08369,0.32721146941185
test_08370,0.7252100706100464
test_08371,0.4700123369693756
test_08372,0.3804515302181244
test_08373,0.40389031171798706
test_08374,0.2578321099281311
test_08375,0.5846836566925049
test_08376,0.6917553544044495
test_08377,0.43009552359580994
test_08378,0.57627934217453
test_08379,0.47078463435173035
test_08380,0.7455872297286987
test_08381,0.3817160725593567
test_08382,0.45669886469841003
test_08383,0.4530499577522278
test_08384,0.2440926432609558
test_08385,0.3968891501426697
test_08386,0.5669415593147278
test_08387,0.39995408058166504
test_08388,0.4983103275299072
test_08389,0.3622771203517914
test_08390,0.22576914727687836
test_08391,0.5829955339431763
test_08392,0.35109201073646545
test_08393,0.4010867774486542
test_08394,0.5633347034454346
test_08395,0.4649486839771271
test_08396,0.44626444578170776
test_08397,0.6561377644538879
test_08398,0.529278039932251
test_08399,0.5643577575683594
test_08400,0.3401680886745453
test_08401,0.5528102517127991
test_08402,0.42523783445358276
test_08403,0.5126456618309021
test_08404,0.5420225262641907
test_08405,0.545670747756958
test_08406,0.4168005883693695
test_08407,0.38167569041252136
test_08408,0.3535350561141968
test_08409,0.512735903263092
test_08410,0.2957834005355835
test_08411,0.5224201083183289
test_08412,0.48024168610572815
test_08413,0.43019765615463257
test_08414,0.40107372403144836
test_08415,0.5108493566513062
test_08416,0.5263253450393677
test_08417,0.555975615978241
test_08418,0.42949122190475464
test_08419,0.44218745827674866
test_08420,0.34151288866996765
test_08421,0.38996803760528564
test_08422,0.4222058951854706
test_08423,0.3490370810031891
test_08424,0.5039554238319397
test_08425,0.5845099091529846
test_08426,0.5236489772796631
test_08427,0.17390461266040802
test_08428,0.5334720015525818
test_08429,0.4591157138347626
test_08430,0.23056617379188538
test_08431,0.4510996639728546
test_08432,0.5934252738952637
test_08433,0.36597612500190735
test_08434,0.1753864288330078
test_08435,0.4625479280948639
test_08436,0.4568186402320862
test_08437,0.43697261810302734
test_08438,0.194174662232399
test_08439,0.6212579607963562
test_08440,0.500357985496521
test_08441,0.3729492425918579
test_08442,0.5337471961975098
test_08443,0.39297375082969666
test_08444,0.45812490582466125
test_08445,0.5715344548225403
test_08446,0.5028042793273926
test_08447,0.41613733768463135
test_08448,0.330537348985672
test_08449,0.5770204067230225
test_08450,0.7210952043533325
test_08451,0.5857388377189636
test_08452,0.48921769857406616
test_08453,0.3978853225708008
test_08454,0.5223907828330994
test_08455,0.371494859457016
test_08456,0.48339608311653137
test_08457,0.13786306977272034
test_08458,0.6507203578948975
test_08459,0.44696953892707825
test_08460,0.4083411991596222
test_08461,0.3208466172218323
test_08462,0.4198833703994751
test_08463,0.22301781177520752
test_08464,0.6037912368774414
test_08465,0.5120770335197449
test_08466,0.607866108417511
test_08467,0.305551141500473
test_08468,0.40418654680252075
test_08469,0.2903614938259125
test_08470,0.5606478452682495
test_08471,0.40056949853897095
test_08472,0.4861838221549988
test_08473,0.5125347375869751
test_08474,0.5800492763519287
test_08475,0.46708449721336365
test_08476,0.4402109980583191
test_08477,0.38098081946372986
test_08478,0.4664459228515625
test_08479,0.45814332365989685
test_08480,0.3422001302242279
test_08481,0.6093645691871643
test_08482,0.42655467987060547
test_08483,0.5161265730857849
test_08484,0.5812252759933472
test_08485,0.10781445354223251
test_08486,0.5757889151573181
test_08487,0.4427637755870819
test_08488,0.217955082654953
test_08489,0.19358116388320923
test_08490,0.28303763270378113
test_08491,0.6298016905784607
test_08492,0.4964231550693512
test_08493,0.48218244314193726
test_08494,0.3674215078353882
test_08495,0.45046141743659973
test_08496,0.6405198574066162
test_08497,0.6164187788963318
test_08498,0.36746078729629517
test_08499,0.34936439990997314
test_08500,0.34958183765411377
test_08501,0.29354971647262573
test_08502,0.5000098943710327
test_08503,0.30688536167144775
test_08504,0.3582442104816437
test_08505,0.42855221033096313
test_08506,0.6124843955039978
test_08507,0.3541649281978607
test_08508,0.12988802790641785
test_08509,0.32106295228004456
test_08510,0.4686792492866516
test_08511,0.14888572692871094
test_08512,0.15894784033298492
test_08513,0.36811113357543945
test_08514,0.4705776274204254
test_08515,0.6218717694282532
test_08516,0.5319713354110718
test_08517,0.39692574739456177
test_08518,0.26623260974884033
test_08519,0.27418243885040283
test_08520,0.3490549921989441
test_08521,0.4235612750053406
test_08522,0.5110812187194824
test_08523,0.2507118284702301
test_08524,0.2586129307746887
test_08525,0.47044989466667175
test_08526,0.397217720746994
test_08527,0.47625991702079773
test_08528,0.09435828775167465
test_08529,0.6613895893096924
test_08530,0.44706177711486816
test_08531,0.22448128461837769
test_08532,0.5860599875450134
test_08533,0.5513962507247925
test_08534,0.5751432180404663
test_08535,0.393425315618515
test_08536,0.5232477784156799
test_08537,0.48230841755867004
test_08538,0.5076719522476196
test_08539,0.44018393754959106
test_08540,0.48102349042892456
test_08541,0.5121690034866333
test_08542,0.5642797946929932
test_08543,0.5011232495307922
test_08544,0.3976607918739319
test_08545,0.4136899411678314
test_08546,0.36284154653549194
test_08547,0.49659672379493713
test_08548,0.7406058311462402
test_08549,0.3511072099208832
test_08550,0.5717604160308838
test_08551,0.6541768312454224
test_08552,0.4408515393733978
test_08553,0.6079339981079102
test_08554,0.5553792119026184
test_08555,0.5179704427719116
test_08556,0.5047985911369324
test_08557,0.41491711139678955
test_08558,0.36060842871665955
test_08559,0.43840208649635315
test_08560,0.4073438048362732
test_08561,0.5321142673492432
test_08562,0.45768430829048157
test_08563,0.5360496044158936
test_08564,0.4654354453086853
test_08565,0.5127576589584351
test_08566,0.47003892064094543
test_08567,0.3167742192745209
test_08568,0.4013344645500183
test_08569,0.4925622045993805
test_08570,0.3805122971534729
test_08571,0.23045054078102112
test_08572,0.5899075269699097
test_08573,0.5558920502662659
test_08574,0.3880038857460022
test_08575,0.6351687908172607
test_08576,0.5061773061752319
test_08577,0.32983648777008057
test_08578,0.33255261182785034
test_08579,0.4689367115497589
test_08580,0.6760441660881042
test_08581,0.5467336177825928
test_08582,0.5117077827453613
test_08583,0.3281022310256958
test_08584,0.2684875428676605
test_08585,0.4367520809173584
test_08586,0.4248710572719574
test_08587,0.4744197130203247
test_08588,0.40273284912109375
test_08589,0.38951027393341064
test_08590,0.29504072666168213
test_08591,0.5296463370323181
test_08592,0.35393068194389343
test_08593,0.6233494877815247
test_08594,0.4872550964355469
test_08595,0.43912267684936523
test_08596,0.6485204696655273
test_08597,0.30775415897369385
test_08598,0.2775348126888275
test_08599,0.35720762610435486
test_08600,0.5697546601295471
test_08601,0.4909692406654358
test_08602,0.518365204334259
test_08603,0.41673246026039124
test_08604,0.37781980633735657
test_08605,0.5692405700683594
test_08606,0.4165287911891937
test_08607,0.3945977985858917
test_08608,0.3811461627483368
test_08609,0.4666410982608795
test_08610,0.40643417835235596
test_08611,0.31337061524391174
test_08612,0.4413028657436371
test_08613,0.573309600353241
test_08614,0.4531412124633789
test_08615,0.1556180715560913
test_08616,0.2933007776737213
test_08617,0.5389333963394165
test_08618,0.5671153664588928
test_08619,0.503272533416748
test_08620,0.3668011724948883
test_08621,0.5207134485244751
test_08622,0.5354721546173096
test_08623,0.5206575989723206
test_08624,0.3698340058326721
test_08625,0.39660724997520447
test_08626,0.5043079853057861
test_08627,0.2489924132823944
test_08628,0.11929192394018173
test_08629,0.7147137522697449
test_08630,0.5954654812812805
test_08631,0.4546750783920288
test_08632,0.45357057452201843
test_08633,0.28153833746910095
test_08634,0.17204555869102478
test_08635,0.5250908732414246
test_08636,0.5780830979347229
test_08637,0.3675772249698639
test_08638,0.433458149433136
test_08639,0.18128956854343414
test_08640,0.5130971074104309
test_08641,0.3522706925868988
test_08642,0.6136386394500732
test_08643,0.3816737234592438
test_08644,0.5060065388679504
test_08645,0.17137202620506287
test_08646,0.5021522045135498
test_08647,0.5837084054946899
test_08648,0.5607576966285706
test_08649,0.3639368712902069
test_08650,0.34543704986572266
test_08651,0.7014909386634827
test_08652,0.4394490718841553
test_08653,0.5268046259880066
test_08654,0.5402577519416809
test_08655,0.51349937915802
test_08656,0.41030147671699524
test_08657,0.45873814821243286
test_08658,0.6159677505493164
test_08659,0.5128781795501709
test_08660,0.6753098964691162
test_08661,0.649319052696228
test_08662,0.3897717595100403
test_08663,0.21030810475349426
test_08664,0.5104706287384033
test_08665,0.40577125549316406
test_08666,0.43737345933914185
test_08667,0.4118039906024933
test_08668,0.6660006046295166
test_08669,0.7207882404327393
test_08670,0.4680958390235901
test_08671,0.3432964086532593
test_08672,0.35738658905029297
test_08673,0.40371981263160706
test_08674,0.4269932210445404
test_08675,0.41861334443092346
test_08676,0.2971593141555786
test_08677,0.5472264885902405
test_08678,0.6134712100028992
test_08679,0.44759026169776917
test_08680,0.48984646797180176
test_08681,0.4952956736087799
test_08682,0.5445067882537842
test_08683,0.32059386372566223
test_08684,0.2225896120071411
test_08685,0.4240247905254364
test_08686,0.586246907711029
test_08687,0.25858134031295776
test_08688,0.36862069368362427
test_08689,0.5615667700767517
test_08690,0.5103174448013306
test_08691,0.48484641313552856
test_08692,0.40954455733299255
test_08693,0.5265612602233887
test_08694,0.4403759241104126
test_08695,0.47703787684440613
test_08696,0.4512214660644531
test_08697,0.5294732451438904
test_08698,0.19771774113178253
test_08699,0.5578519105911255
test_08700,0.6447077393531799
test_08701,0.39894506335258484
test_08702,0.48129910230636597
test_08703,0.5249184370040894
test_08704,0.17396174371242523
test_08705,0.4066420793533325
test_08706,0.5712597370147705
test_08707,0.10963770747184753
test_08708,0.5956853628158569
test_08709,0.3138366639614105
test_08710,0.2223922312259674
test_08711,0.44828537106513977
test_08712,0.3375253975391388
test_08713,0.5963378548622131
test_08714,0.3319965898990631
test_08715,0.5605818033218384
test_08716,0.38916876912117004
test_08717,0.3961854577064514
test_08718,0.3940596580505371
test_08719,0.37597963213920593
test_08720,0.5244335532188416
test_08721,0.3884925842285156
test_08722,0.5488622784614563
test_08723,0.4395008981227875
test_08724,0.4945836663246155
test_08725,0.5227351784706116
test_08726,0.5507664084434509
test_08727,0.6209611892700195
test_08728,0.29486700892448425
test_08729,0.44735968112945557
test_08730,0.5746504664421082
test_08731,0.47020840644836426
test_08732,0.4666927456855774
test_08733,0.4553985595703125
test_08734,0.24828238785266876
test_08735,0.4301048219203949
test_08736,0.615152895450592
test_08737,0.4339991509914398
test_08738,0.3596840500831604
test_08739,0.47486940026283264
test_08740,0.35326480865478516
test_08741,0.42301154136657715
test_08742,0.49089378118515015
test_08743,0.6084141731262207
test_08744,0.45657408237457275
test_08745,0.24739889800548553
test_08746,0.4225716292858124
test_08747,0.5031994581222534
test_08748,0.5435522198677063
test_08749,0.4545445144176483
test_08750,0.3012469410896301
test_08751,0.29897135496139526
test_08752,0.2051047533750534
test_08753,0.5487366318702698
test_08754,0.5223678350448608
test_08755,0.23948287963867188
test_08756,0.552069365978241
test_08757,0.5109038352966309
test_08758,0.5329352021217346
test_08759,0.11497922241687775
test_08760,0.36020201444625854
test_08761,0.4214302897453308
test_08762,0.4879608452320099
test_08763,0.2819631099700928
test_08764,0.603800356388092
test_08765,0.4685506224632263
test_08766,0.38283610343933105
test_08767,0.28935569524765015
test_08768,0.35697564482688904
test_08769,0.6801982522010803
test_08770,0.614075779914856
test_08771,0.39614352583885193
test_08772,0.4251580834388733
test_08773,0.3529955744743347
test_08774,0.3791126012802124
test_08775,0.47928449511528015
test_08776,0.6029345989227295
test_08777,0.44355228543281555
test_08778,0.5057921409606934
test_08779,0.4413069188594818
test_08780,0.40013638138771057
test_08781,0.3379659056663513
test_08782,0.5061626434326172
test_08783,0.4095206558704376
test_08784,0.3083415925502777
test_08785,0.5202254056930542
test_08786,0.37190455198287964
test_08787,0.3928625285625458
test_08788,0.3219526708126068
test_08789,0.2944256067276001
test_08790,0.37401115894317627
test_08791,0.6237832307815552
test_08792,0.5802775025367737
test_08793,0.4349501132965088
test_08794,0.45664218068122864
test_08795,0.3645342290401459
test_08796,0.4300105571746826
test_08797,0.5313968658447266
test_08798,0.5358808040618896
test_08799,0.5158437490463257
test_08800,0.3407679796218872
test_08801,0.6655946373939514
test_08802,0.4120718538761139
test_08803,0.3049209415912628
test_08804,0.7206213474273682
test_08805,0.5379555821418762
test_08806,0.2170742154121399
test_08807,0.7089046239852905
test_08808,0.545629620552063
test_08809,0.4535781145095825
test_08810,0.2419869750738144
test_08811,0.5302690267562866
test_08812,0.4050774574279785
test_08813,0.5174056887626648
test_08814,0.40910428762435913
test_08815,0.24680308997631073
test_08816,0.4917929172515869
test_08817,0.11943909525871277
test_08818,0.5705392956733704
test_08819,0.5076844692230225
test_08820,0.6206589937210083
test_08821,0.37045276165008545
test_08822,0.6315696835517883
test_08823,0.47815990447998047
test_08824,0.4743763208389282
test_08825,0.36615413427352905
test_08826,0.4796783924102783
test_08827,0.30360421538352966
test_08828,0.27667567133903503
test_08829,0.5772333741188049
test_08830,0.7525930404663086
test_08831,0.5433831810951233
test_08832,0.4981238543987274
test_08833,0.42616674304008484
test_08834,0.4725706875324249
test_08835,0.4289625883102417
test_08836,0.5540319681167603
test_08837,0.48518645763397217
test_08838,0.5776490569114685
test_08839,0.6473075151443481
test_08840,0.3012329339981079
test_08841,0.38003191351890564
test_08842,0.33663251996040344
test_08843,0.6263095140457153
test_08844,0.6149014234542847
test_08845,0.40842968225479126
test_08846,0.6138722896575928
test_08847,0.5176984071731567
test_08848,0.49302759766578674
test_08849,0.40167391300201416
test_08850,0.43961793184280396
test_08851,0.4420366883277893
test_08852,0.5996749401092529
test_08853,0.46410250663757324
test_08854,0.5797123908996582
test_08855,0.14691896736621857
test_08856,0.6402837634086609
test_08857,0.7188103199005127
test_08858,0.2640824019908905
test_08859,0.4296736419200897
test_08860,0.5087066888809204
test_08861,0.5470743775367737
test_08862,0.4165172874927521
test_08863,0.6980618238449097
test_08864,0.4744752049446106
test_08865,0.35533013939857483
test_08866,0.4643535315990448
test_08867,0.4713202714920044
test_08868,0.5556462407112122
test_08869,0.3032768666744232
test_08870,0.36134666204452515
test_08871,0.26578137278556824
test_08872,0.4117094576358795
test_08873,0.5930514931678772
test_08874,0.46618133783340454
test_08875,0.44562143087387085
test_08876,0.2420773059129715
test_08877,0.4916609525680542
test_08878,0.3781966269016266
test_08879,0.4895942509174347
test_08880,0.4639834463596344
test_08881,0.5465211868286133
test_08882,0.6783440709114075
test_08883,0.29275843501091003
test_08884,0.4039158225059509
test_08885,0.5640228986740112
test_08886,0.27184438705444336
test_08887,0.6211543679237366
test_08888,0.3685200810432434
test_08889,0.5245140194892883
test_08890,0.5967986583709717
test_08891,0.4270237386226654
test_08892,0.5141230821609497
test_08893,0.380077064037323
test_08894,0.5482988357543945
test_08895,0.4731021225452423
test_08896,0.43331512808799744
test_08897,0.3279043436050415
test_08898,0.25120335817337036
test_08899,0.2561761140823364
test_08900,0.13628487288951874
test_08901,0.5310984253883362
test_08902,0.48311078548431396
test_08903,0.30855080485343933
test_08904,0.33342304825782776
test_08905,0.5009495615959167
test_08906,0.36826738715171814
test_08907,0.24670283496379852
test_08908,0.5942833423614502
test_08909,0.45793598890304565
test_08910,0.44010129570961
test_08911,0.19208738207817078
test_08912,0.3883303701877594
test_08913,0.4451856315135956
test_08914,0.39496132731437683
test_08915,0.5244988203048706
test_08916,0.6087685823440552
test_08917,0.5129278302192688
test_08918,0.5560170412063599
test_08919,0.21485158801078796
test_08920,0.4478466212749481
test_08921,0.46583491563796997
test_08922,0.2482559084892273
test_08923,0.274763286113739
test_08924,0.4207604229450226
test_08925,0.4551147222518921
test_08926,0.4453565776348114
test_08927,0.5156853795051575
test_08928,0.42170313000679016
test_08929,0.6523454785346985
test_08930,0.45523545145988464
test_08931,0.5867968201637268
test_08932,0.13491390645503998
test_08933,0.36234942078590393
test_08934,0.48631054162979126
test_08935,0.4803718030452728
test_08936,0.4007203280925751
test_08937,0.3783102035522461
test_08938,0.5637227296829224
test_08939,0.20576059818267822
test_08940,0.6093037724494934
test_08941,0.34731796383857727
test_08942,0.44630739092826843
test_08943,0.40113916993141174
test_08944,0.6985719799995422
test_08945,0.20560100674629211
test_08946,0.4968145191669464
test_08947,0.37229546904563904
test_08948,0.6448342800140381
test_08949,0.47191718220710754
test_08950,0.3702596127986908
test_08951,0.4361889064311981
test_08952,0.33243444561958313
test_08953,0.11191051453351974
test_08954,0.5844674110412598
test_08955,0.7037252187728882
test_08956,0.6662620306015015
test_08957,0.2714691460132599
test_08958,0.12389076501131058
test_08959,0.458785742521286
test_08960,0.40119120478630066
test_08961,0.5563783645629883
test_08962,0.5686528086662292
test_08963,0.34392881393432617
test_08964,0.6269034743309021
test_08965,0.4048669636249542
test_08966,0.45941630005836487
test_08967,0.39079394936561584
test_08968,0.41628679633140564
test_08969,0.47885850071907043
test_08970,0.5752787590026855
test_08971,0.5782292485237122
test_08972,0.36418822407722473
test_08973,0.5225197672843933
test_08974,0.5596927404403687
test_08975,0.6508585810661316
test_08976,0.5459898114204407
test_08977,0.8215705156326294
test_08978,0.4988650977611542
test_08979,0.1183234453201294
test_08980,0.49475041031837463
test_08981,0.4363352954387665
test_08982,0.327486515045166
test_08983,0.39937254786491394
test_08984,0.3637544512748718
test_08985,0.1359521746635437
test_08986,0.417692631483078
test_08987,0.3640384376049042
test_08988,0.3495902419090271
test_08989,0.49447107315063477
test_08990,0.34564289450645447
test_08991,0.5427799820899963
test_08992,0.515871524810791
test_08993,0.33910948038101196
test_08994,0.5242741107940674
test_08995,0.5133046507835388
test_08996,0.4779040515422821
test_08997,0.48634403944015503
test_08998,0.3460893929004669
test_08999,0.35021349787712097
test_09000,0.45897284150123596
test_09001,0.5497415065765381
test_09002,0.403499037027359
test_09003,0.6050965189933777
test_09004,0.39805182814598083
test_09005,0.6845805048942566
test_09006,0.41166213154792786
test_09007,0.3306408226490021
test_09008,0.4322056174278259
test_09009,0.32881852984428406
test_09010,0.3793744444847107
test_09011,0.4004952609539032
test_09012,0.5467259883880615
test_09013,0.23941397666931152
test_09014,0.5011224150657654
test_09015,0.19780708849430084
test_09016,0.6855552196502686
test_09017,0.48563408851623535
test_09018,0.4321594536304474
test_09019,0.26303139328956604
test_09020,0.5415470600128174
test_09021,0.34337493777275085
test_09022,0.4702654778957367
test_09023,0.48952797055244446
test_09024,0.5503085255622864
test_09025,0.7798053622245789
test_09026,0.6048262715339661
test_09027,0.26080766320228577
test_09028,0.4207035303115845
test_09029,0.28655990958213806
test_09030,0.14773695170879364
test_09031,0.2753201723098755
test_09032,0.7465934753417969
test_09033,0.413738876581192
test_09034,0.5705567002296448
test_09035,0.29556649923324585
test_09036,0.15773963928222656
test_09037,0.5677441358566284
test_09038,0.4492795467376709
test_09039,0.4332975745201111
test_09040,0.40181267261505127
test_09041,0.30268681049346924
test_09042,0.5881086587905884
test_09043,0.493541955947876
test_09044,0.26244744658470154
test_09045,0.4408630430698395
test_09046,0.258355975151062
test_09047,0.3354608118534088
test_09048,0.6276865601539612
test_09049,0.44893956184387207
test_09050,0.42965030670166016
test_09051,0.513643205165863
test_09052,0.5618190765380859
test_09053,0.4631875455379486
test_09054,0.26752370595932007
test_09055,0.7339351773262024
test_09056,0.31859007477760315
test_09057,0.6839931607246399
test_09058,0.6857644319534302
test_09059,0.2509401738643646
test_09060,0.5355170369148254
test_09061,0.49456584453582764
test_09062,0.4014088213443756
test_09063,0.3967258632183075
test_09064,0.365469753742218
test_09065,0.5681420564651489
test_09066,0.33537131547927856
test_09067,0.5272592902183533
test_09068,0.2241765558719635
test_09069,0.3660222887992859
test_09070,0.2646529972553253
test_09071,0.47554197907447815
test_09072,0.60162752866745
test_09073,0.21639905869960785
test_09074,0.38075780868530273
test_09075,0.5781183838844299
test_09076,0.2320246547460556
test_09077,0.38560420274734497
test_09078,0.6415501236915588
test_09079,0.605232834815979
test_09080,0.39486250281333923
test_09081,0.6772469878196716
test_09082,0.552578866481781
test_09083,0.3716420531272888
test_09084,0.40594416856765747
test_09085,0.24312184751033783
test_09086,0.5116322040557861
test_09087,0.47330281138420105
test_09088,0.4392109811306
test_09089,0.5245648622512817
test_09090,0.5435509085655212
test_09091,0.6074718236923218
test_09092,0.37574273347854614
test_09093,0.5054265260696411
test_09094,0.48397740721702576
test_09095,0.4242164194583893
test_09096,0.5991619825363159
test_09097,0.4377116858959198
test_09098,0.585033655166626
test_09099,0.3971218466758728
test_09100,0.37378257513046265
test_09101,0.5069595575332642
test_09102,0.5392510890960693
test_09103,0.4281071126461029
test_09104,0.41131317615509033
test_09105,0.3715282380580902
test_09106,0.6136255860328674
test_09107,0.46256545186042786
test_09108,0.3633018732070923
test_09109,0.43450862169265747
test_09110,0.12448340654373169
test_09111,0.29059287905693054
test_09112,0.4104487895965576
test_09113,0.21469523012638092
test_09114,0.5985769629478455
test_09115,0.47271567583084106
test_09116,0.4171648621559143
test_09117,0.11857961118221283
test_09118,0.652925431728363
test_09119,0.4834074378013611
test_09120,0.361210435628891
test_09121,0.7047916650772095
test_09122,0.18609288334846497
test_09123,0.4981433153152466
test_09124,0.48298999667167664
test_09125,0.494829922914505
test_09126,0.4655887186527252
test_09127,0.5088507533073425
test_09128,0.5935975313186646
test_09129,0.44810622930526733
test_09130,0.31543004512786865
test_09131,0.30564624071121216
test_09132,0.12377402186393738
test_09133,0.5347113013267517
test_09134,0.2741268277168274
test_09135,0.33951881527900696
test_09136,0.5382420420646667
test_09137,0.5233997106552124
test_09138,0.6179279088973999
test_09139,0.525585412979126
test_09140,0.4232959449291229
test_09141,0.37193620204925537
test_09142,0.6559930443763733
test_09143,0.12872309982776642
test_09144,0.5362443923950195
test_09145,0.5422349572181702
test_09146,0.428345650434494
test_09147,0.2949432134628296
test_09148,0.5877506136894226
test_09149,0.3747832179069519
test_09150,0.5254456996917725
test_09151,0.21752852201461792
test_09152,0.6987384557723999
test_09153,0.445315420627594
test_09154,0.4757072329521179
test_09155,0.25022631883621216
test_09156,0.5313540697097778
test_09157,0.5012966394424438
test_09158,0.3608582615852356
test_09159,0.4207308292388916
test_09160,0.5696291327476501
test_09161,0.5052728652954102
test_09162,0.5446324348449707
test_09163,0.40389031171798706
test_09164,0.21589520573616028
test_09165,0.6633639335632324
test_09166,0.5660185217857361
test_09167,0.5023971796035767
test_09168,0.5244273543357849
test_09169,0.48829299211502075
test_09170,0.21193547546863556
test_09171,0.4417150914669037
test_09172,0.5388110876083374
test_09173,0.4471913278102875
test_09174,0.15525348484516144
test_09175,0.5473827719688416
test_09176,0.4468696117401123
test_09177,0.30854129791259766
test_09178,0.6013626456260681
test_09179,0.622454822063446
test_09180,0.496917724609375
test_09181,0.6792891025543213
test_09182,0.4165235757827759
test_09183,0.5405486822128296
test_09184,0.19493885338306427
test_09185,0.7017078995704651
test_09186,0.4228704571723938
test_09187,0.535006046295166
test_09188,0.32373476028442383
test_09189,0.41620466113090515
test_09190,0.4865114688873291
test_09191,0.45733317732810974
test_09192,0.4601503610610962
test_09193,0.5755398869514465
test_09194,0.6362138986587524
test_09195,0.48175179958343506
test_09196,0.5286973118782043
test_09197,0.4459644854068756
test_09198,0.6130545139312744
test_09199,0.654990553855896
test_09200,0.3890331983566284
test_09201,0.4812816381454468
test_09202,0.5226223468780518
test_09203,0.1888784021139145
test_09204,0.10833465307950974
test_09205,0.532187819480896
test_09206,0.3658086657524109
test_09207,0.3436592221260071
test_09208,0.37487533688545227
test_09209,0.171195849776268
test_09210,0.5249824523925781
test_09211,0.44296374917030334
test_09212,0.537119448184967
test_09213,0.24733524024486542
test_09214,0.4821811616420746
test_09215,0.407050758600235
test_09216,0.2054455727338791
test_09217,0.25002726912498474
test_09218,0.7356169819831848
test_09219,0.49726182222366333
test_09220,0.5612477660179138
test_09221,0.4424418807029724
test_09222,0.5721642971038818
test_09223,0.4909200370311737
test_09224,0.4482481777667999
test_09225,0.5228764414787292
test_09226,0.44027161598205566
test_09227,0.35917118191719055
test_09228,0.17231880128383636
test_09229,0.3664577603340149
test_09230,0.47333434224128723
test_09231,0.5232070684432983
test_09232,0.5230798721313477
test_09233,0.5161018371582031
test_09234,0.4691941738128662
test_09235,0.33037662506103516
test_09236,0.5145548582077026
test_09237,0.7829678654670715
test_09238,0.330323725938797
test_09239,0.6490982174873352
test_09240,0.3657549023628235
test_09241,0.6814463138580322
test_09242,0.2934897243976593
test_09243,0.4861774146556854
test_09244,0.4350852370262146
test_09245,0.27267488837242126
test_09246,0.42047932744026184
test_09247,0.21769656240940094
test_09248,0.5720672011375427
test_09249,0.2995796501636505
test_09250,0.359095960855484
test_09251,0.5779399871826172
test_09252,0.41694706678390503
test_09253,0.44863349199295044
test_09254,0.3489852845668793
test_09255,0.43530353903770447
test_09256,0.23124611377716064
test_09257,0.09938759356737137
test_09258,0.33092740178108215
test_09259,0.532084047794342
test_09260,0.4458546042442322
test_09261,0.37630218267440796
test_09262,0.5669151544570923
test_09263,0.16067065298557281
test_09264,0.6133546233177185
test_09265,0.1752733588218689
test_09266,0.48079922795295715
test_09267,0.24851824343204498
test_09268,0.38875100016593933
test_09269,0.6076021194458008
test_09270,0.5303897261619568
test_09271,0.5212538242340088
test_09272,0.5354486703872681
test_09273,0.2865363657474518
test_09274,0.5491431951522827
test_09275,0.5980096459388733
test_09276,0.5199010968208313
test_09277,0.6468268632888794
test_09278,0.318554550409317
test_09279,0.4462590515613556
test_09280,0.43171441555023193
test_09281,0.6455693244934082
test_09282,0.6662642955780029
test_09283,0.38401293754577637
test_09284,0.41661524772644043
test_09285,0.47192466259002686
test_09286,0.3455473780632019
test_09287,0.46091029047966003
test_09288,0.4842594265937805
test_09289,0.3733392059803009
test_09290,0.39751431345939636
test_09291,0.21090593934059143
test_09292,0.469835489988327
test_09293,0.3092603087425232
test_09294,0.4972173273563385
test_09295,0.3777499198913574
test_09296,0.48304373025894165
test_09297,0.36786702275276184
test_09298,0.2638830244541168
test_09299,0.4914681315422058
test_09300,0.49964073300361633
test_09301,0.35120975971221924
test_09302,0.5016037225723267
test_09303,0.5206767916679382
test_09304,0.24357841908931732
test_09305,0.30163252353668213
test_09306,0.5207178592681885
test_09307,0.29054638743400574
test_09308,0.3532516658306122
test_09309,0.5698825120925903
test_09310,0.5689894556999207
test_09311,0.36099809408187866
test_09312,0.38835856318473816
test_09313,0.5213842988014221
test_09314,0.6679314970970154
test_09315,0.5656708478927612
test_09316,0.6005541086196899
test_09317,0.4585343897342682
test_09318,0.6449708342552185
test_09319,0.5366795063018799
test_09320,0.49966856837272644
test_09321,0.4296451210975647
test_09322,0.15335920453071594
test_09323,0.4044533371925354
test_09324,0.5156483054161072
test_09325,0.36818432807922363
test_09326,0.639785885810852
test_09327,0.6609278917312622
test_09328,0.3418261408805847
test_09329,0.4026373624801636
test_09330,0.5512669086456299
test_09331,0.6775783896446228
test_09332,0.3692338466644287
test_09333,0.7060267925262451
test_09334,0.37839841842651367
test_09335,0.4765537977218628
test_09336,0.13775259256362915
test_09337,0.5624590516090393
test_09338,0.45617684721946716
test_09339,0.5583686828613281
test_09340,0.677491307258606
test_09341,0.5464299321174622
test_09342,0.3121218979358673
test_09343,0.28493475914001465
test_09344,0.5662274956703186
test_09345,0.45768529176712036
test_09346,0.487837016582489
test_09347,0.6823056936264038
test_09348,0.4200276732444763
test_09349,0.5237942337989807
test_09350,0.408814936876297
test_09351,0.4066978394985199
test_09352,0.5262209177017212
test_09353,0.42768481373786926
test_09354,0.20763935148715973
test_09355,0.5283569693565369
test_09356,0.49394962191581726
test_09357,0.387621134519577
test_09358,0.3675507605075836
test_09359,0.41277095675468445
test_09360,0.4531838595867157
test_09361,0.30940428376197815
test_09362,0.39996278285980225
test_09363,0.36266109347343445
test_09364,0.5243507027626038
test_09365,0.4434880316257477
test_09366,0.5133535861968994
test_09367,0.6017763018608093
test_09368,0.12097673118114471
test_09369,0.38698896765708923
test_09370,0.5141579508781433
test_09371,0.5632923245429993
test_09372,0.5413485765457153
test_09373,0.3670792579650879
test_09374,0.3680742084980011
test_09375,0.36592572927474976
test_09376,0.5202987194061279
test_09377,0.34473416209220886
test_09378,0.04012462496757507
test_09379,0.4114361107349396
test_09380,0.38313060998916626
test_09381,0.6177663207054138
test_09382,0.4190026819705963
test_09383,0.5650113821029663
test_09384,0.6681416630744934
test_09385,0.4356800317764282
test_09386,0.6853362917900085
test_09387,0.4194934070110321
test_09388,0.6255488991737366
test_09389,0.5319918990135193
test_09390,0.5233542919158936
test_09391,0.5471141934394836
test_09392,0.41844019293785095
test_09393,0.42925769090652466
test_09394,0.48202577233314514
test_09395,0.5293901562690735
test_09396,0.5529344081878662
test_09397,0.5929663777351379
test_09398,0.2068045437335968
test_09399,0.28119999170303345
test_09400,0.40224844217300415
test_09401,0.29288914799690247
test_09402,0.4942370355129242
test_09403,0.7577146887779236
test_09404,0.448059618473053
test_09405,0.5406098961830139
test_09406,0.5336475968360901
test_09407,0.6909666061401367
test_09408,0.40305131673812866
test_09409,0.29022568464279175
test_09410,0.21988053619861603
test_09411,0.41859880089759827
test_09412,0.5028115510940552
test_09413,0.4968818724155426
test_09414,0.4559788405895233
test_09415,0.551238477230072
test_09416,0.5216407179832458
test_09417,0.42826271057128906
test_09418,0.47451967000961304
test_09419,0.5545799136161804
test_09420,0.45778408646583557
test_09421,0.5032423138618469
test_09422,0.42305245995521545
test_09423,0.6653552651405334
test_09424,0.48085474967956543
test_09425,0.48825377225875854
test_09426,0.2767142057418823
test_09427,0.36370861530303955
test_09428,0.39265426993370056
test_09429,0.3402178883552551
test_09430,0.6571775078773499
test_09431,0.597597599029541
test_09432,0.4558722972869873
test_09433,0.6108216643333435
test_09434,0.4934317469596863
test_09435,0.4735695421695709
test_09436,0.2514912784099579
test_09437,0.41570669412612915
test_09438,0.4972130060195923
test_09439,0.42260125279426575
test_09440,0.4579649865627289
test_09441,0.42168769240379333
test_09442,0.5670023560523987
test_09443,0.5243561863899231
test_09444,0.5203508138656616
test_09445,0.16157805919647217
test_09446,0.6968629956245422
test_09447,0.4079153835773468
test_09448,0.637599766254425
test_09449,0.551185131072998
test_09450,0.7278459072113037
test_09451,0.4624101221561432
test_09452,0.6614812016487122
test_09453,0.3002298176288605
test_09454,0.3674110174179077
test_09455,0.6265521049499512
test_09456,0.16784127056598663
test_09457,0.311108261346817
test_09458,0.240580216050148
test_09459,0.5268612504005432
test_09460,0.4543711841106415
test_09461,0.14988310635089874
test_09462,0.4411948025226593
test_09463,0.6953689455986023
test_09464,0.3182194232940674
test_09465,0.2907581329345703
test_09466,0.6708023548126221
test_09467,0.6370063424110413
test_09468,0.40596455335617065
test_09469,0.4607488811016083
test_09470,0.266226589679718
test_09471,0.3646261990070343
test_09472,0.46230727434158325
test_09473,0.6634604334831238
test_09474,0.35613176226615906
test_09475,0.3777849078178406
test_09476,0.4330102503299713
test_09477,0.6903253793716431
test_09478,0.39926251769065857
test_09479,0.5554639101028442
test_09480,0.34044700860977173
test_09481,0.46373897790908813
test_09482,0.5513131022453308
test_09483,0.5184434652328491
test_09484,0.6394338011741638
test_09485,0.4897714853286743
test_09486,0.40607571601867676
test_09487,0.5497477650642395
test_09488,0.3494114279747009
test_09489,0.27381467819213867
test_09490,0.5954519510269165
test_09491,0.3796110153198242
test_09492,0.5004441142082214
test_09493,0.45252299308776855
test_09494,0.46865785121917725
test_09495,0.4263787567615509
test_09496,0.44993916153907776
test_09497,0.4682869613170624
test_09498,0.6641477346420288
test_09499,0.5111920833587646
test_09500,0.3444119095802307
test_09501,0.5539169311523438
test_09502,0.3411211371421814
test_09503,0.5839710235595703
test_09504,0.4404999613761902
test_09505,0.4414532780647278
test_09506,0.4911862313747406
test_09507,0.4546317160129547
test_09508,0.11152536422014236
test_09509,0.5159416198730469
test_09510,0.1759537160396576
test_09511,0.4648246169090271
test_09512,0.39327648282051086
test_09513,0.43212372064590454
test_09514,0.45467686653137207
test_09515,0.5713627934455872
test_09516,0.45755526423454285
test_09517,0.6180895566940308
test_09518,0.4907847046852112
test_09519,0.2697489559650421
test_09520,0.16902568936347961
test_09521,0.49527421593666077
test_09522,0.28636059165000916
test_09523,0.38496872782707214
test_09524,0.47669702768325806
test_09525,0.3467002511024475
test_09526,0.40583422780036926
test_09527,0.5684371590614319
test_09528,0.5673508644104004
test_09529,0.5920953750610352
test_09530,0.28801780939102173
test_09531,0.5856096744537354
test_09532,0.2799937129020691
test_09533,0.3037412166595459
test_09534,0.3833642601966858
test_09535,0.36038538813591003
test_09536,0.3251407742500305
test_09537,0.403652161359787
test_09538,0.6089035272598267
test_09539,0.46638646721839905
test_09540,0.28087353706359863
test_09541,0.4489869475364685
test_09542,0.3989761769771576
test_09543,0.5861515998840332
test_09544,0.19653841853141785
test_09545,0.22552911937236786
test_09546,0.403136670589447
test_09547,0.3902120292186737
test_09548,0.43304213881492615
test_09549,0.3730294108390808
test_09550,0.3129235804080963
test_09551,0.6261082887649536
test_09552,0.6276236176490784
test_09553,0.6179376840591431
test_09554,0.5334485173225403
test_09555,0.4329907298088074
test_09556,0.2796752452850342
test_09557,0.44927698373794556
test_09558,0.5987155437469482
test_09559,0.23473767936229706
test_09560,0.5984712243080139
test_09561,0.23347927629947662
test_09562,0.6122819781303406
test_09563,0.5891430974006653
test_09564,0.8198347091674805
test_09565,0.32427820563316345
test_09566,0.5484952330589294
test_09567,0.5868948101997375
test_09568,0.42138317227363586
test_09569,0.3500671982765198
test_09570,0.6178340911865234
test_09571,0.572471559047699
test_09572,0.37469637393951416
test_09573,0.37528765201568604
test_09574,0.4824436604976654
test_09575,0.4307016432285309
test_09576,0.13839752972126007
test_09577,0.4658089578151703
test_09578,0.3810979723930359
test_09579,0.538085401058197
test_09580,0.5492128133773804
test_09581,0.3305439352989197
test_09582,0.3615925908088684
test_09583,0.8201401233673096
test_09584,0.4246779680252075
test_09585,0.5950278043746948
test_09586,0.17603112757205963
test_09587,0.4427376985549927
test_09588,0.4777500033378601
test_09589,0.5253031849861145
test_09590,0.35939666628837585
test_09591,0.5179464817047119
test_09592,0.43969276547431946
test_09593,0.3520255982875824
test_09594,0.31409427523612976
test_09595,0.4844696819782257
test_09596,0.5714576244354248
test_09597,0.2528071701526642
test_09598,0.5062978863716125
test_09599,0.29839348793029785
test_09600,0.524932324886322
test_09601,0.4663722515106201
test_09602,0.4320836663246155
test_09603,0.15734553337097168
test_09604,0.5495300889015198
test_09605,0.3533885180950165
test_09606,0.09344414621591568
test_09607,0.5930076837539673
test_09608,0.20402851700782776
test_09609,0.35262224078178406
test_09610,0.5828821659088135
test_09611,0.45376116037368774
test_09612,0.5246164798736572
test_09613,0.5002875924110413
test_09614,0.24075905978679657
test_09615,0.5044693350791931
test_09616,0.3116822838783264
test_09617,0.5731973648071289
test_09618,0.5341101288795471
test_09619,0.4001389741897583
test_09620,0.4544181525707245
test_09621,0.5040228366851807
test_09622,0.34399133920669556
test_09623,0.5601636171340942
test_09624,0.7153201103210449
test_09625,0.3843085467815399
test_09626,0.32286399602890015
test_09627,0.3426026999950409
test_09628,0.2691376805305481
test_09629,0.3212188482284546
test_09630,0.41841644048690796
test_09631,0.43693676590919495
test_09632,0.15851640701293945
test_09633,0.623810887336731
test_09634,0.5015106201171875
test_09635,0.13965795934200287
test_09636,0.6410026550292969
test_09637,0.5332289934158325
test_09638,0.5649749636650085
test_09639,0.764927864074707
test_09640,0.4960613548755646
test_09641,0.5521582365036011
test_09642,0.43374165892601013
test_09643,0.4855276048183441
test_09644,0.578677237033844
test_09645,0.30846863985061646
test_09646,0.28806573152542114
test_09647,0.19439609348773956
test_09648,0.517612636089325
test_09649,0.32693246006965637
test_09650,0.5143264532089233
test_09651,0.5267232656478882
test_09652,0.6321236491203308
test_09653,0.2646867036819458
test_09654,0.3359133303165436
test_09655,0.5342859625816345
test_09656,0.2599376142024994
test_09657,0.41985344886779785
test_09658,0.39764636754989624
test_09659,0.7140546441078186
test_09660,0.6069424748420715
test_09661,0.44671502709388733
test_09662,0.4036782383918762
test_09663,0.5921375155448914
test_09664,0.7313668131828308
test_09665,0.5694538950920105
test_09666,0.5398367047309875
test_09667,0.7125419974327087
test_09668,0.5004206299781799
test_09669,0.4263598918914795
test_09670,0.5699770450592041
test_09671,0.4273468255996704
test_09672,0.6060974597930908
test_09673,0.575798749923706
test_09674,0.4533683657646179
test_09675,0.42299938201904297
test_09676,0.21251915395259857
test_09677,0.42310991883277893
test_09678,0.6410986185073853
test_09679,0.5064621567726135
test_09680,0.46820342540740967
test_09681,0.6800381541252136
test_09682,0.41109615564346313
test_09683,0.5178064107894897
test_09684,0.527087390422821
test_09685,0.4806264042854309
test_09686,0.299005389213562
test_09687,0.5387883186340332
test_09688,0.43690648674964905
test_09689,0.5209989547729492
test_09690,0.5392277240753174
test_09691,0.6659126877784729
test_09692,0.4819156229496002
test_09693,0.6829196810722351
test_09694,0.555898129940033
test_09695,0.38339418172836304
test_09696,0.5762199759483337
test_09697,0.505268394947052
test_09698,0.48339584469795227
test_09699,0.6059641242027283
test_09700,0.2744449973106384
test_09701,0.5292178392410278
test_09702,0.4620048999786377
test_09703,0.45597565174102783
test_09704,0.53886479139328
test_09705,0.5046689510345459
test_09706,0.33590462803840637
test_09707,0.23082317411899567
test_09708,0.3154485821723938
test_09709,0.487202525138855
test_09710,0.5782636404037476
test_09711,0.7563947439193726
test_09712,0.4179719388484955
test_09713,0.17817328870296478
test_09714,0.5301563739776611
test_09715,0.2723380923271179
test_09716,0.42864832282066345
test_09717,0.5497389435768127
test_09718,0.526148796081543
test_09719,0.47501811385154724
test_09720,0.44450294971466064
test_09721,0.3792751133441925
test_09722,0.48609232902526855
test_09723,0.13736054301261902
test_09724,0.5602655410766602
test_09725,0.3058984577655792
test_09726,0.2696108818054199
test_09727,0.47561606764793396
test_09728,0.38000208139419556
test_09729,0.5378682613372803
test_09730,0.4724893867969513
test_09731,0.39282479882240295
test_09732,0.4065608084201813
test_09733,0.3561006784439087
test_09734,0.5056905150413513
test_09735,0.25405412912368774
test_09736,0.35927289724349976
test_09737,0.6980491280555725
test_09738,0.5499916076660156
test_09739,0.46411871910095215
test_09740,0.4692498743534088
test_09741,0.4026423990726471
test_09742,0.43194958567619324
test_09743,0.5113490223884583
test_09744,0.3318823575973511
test_09745,0.3514397144317627
test_09746,0.49480587244033813
test_09747,0.24099017679691315
test_09748,0.5074971318244934
test_09749,0.4442040026187897
test_09750,0.33871644735336304
test_09751,0.8586674928665161
test_09752,0.5403483510017395
test_09753,0.6648874282836914
test_09754,0.5597290396690369
test_09755,0.5261480808258057
test_09756,0.19645613431930542
test_09757,0.5574437975883484
test_09758,0.4932760000228882
test_09759,0.49920982122421265
test_09760,0.3817002475261688
test_09761,0.08555567264556885
test_09762,0.12550415098667145
test_09763,0.2271093726158142
test_09764,0.5144922137260437
test_09765,0.3418603241443634
test_09766,0.38302871584892273
test_09767,0.4426303505897522
test_09768,0.33345454931259155
test_09769,0.40895697474479675
test_09770,0.6509581804275513
test_09771,0.4606734812259674
test_09772,0.37352925539016724
test_09773,0.5438884496688843
test_09774,0.5623160004615784
test_09775,0.524933934211731
test_09776,0.4165175259113312
test_09777,0.6413640379905701
test_09778,0.24254705011844635
test_09779,0.13788966834545135
test_09780,0.43248656392097473
test_09781,0.34376999735832214
test_09782,0.4298652112483978
test_09783,0.5884435772895813
test_09784,0.46333181858062744
test_09785,0.6342938542366028
test_09786,0.41461941599845886
test_09787,0.1521628051996231
test_09788,0.46225062012672424
test_09789,0.4482504725456238
test_09790,0.2856125831604004
test_09791,0.28668472170829773
test_09792,0.33523666858673096
test_09793,0.3787420094013214
test_09794,0.234235480427742
test_09795,0.2674843370914459
test_09796,0.6359205842018127
test_09797,0.5780754685401917
test_09798,0.37834522128105164
test_09799,0.3413766622543335
test_09800,0.4914201498031616
test_09801,0.5254446864128113
test_09802,0.4779262840747833
test_09803,0.324897438287735
test_09804,0.37938860058784485
test_09805,0.4287114441394806
test_09806,0.5101562142372131
test_09807,0.46090519428253174
test_09808,0.4639956057071686
test_09809,0.5041242241859436
test_09810,0.544014036655426
test_09811,0.43344542384147644
test_09812,0.3640557825565338
test_09813,0.5132207870483398
test_09814,0.3672717809677124
test_09815,0.301357626914978
test_09816,0.4045106768608093
test_09817,0.6382549405097961
test_09818,0.5177550911903381
test_09819,0.24736671149730682
test_09820,0.37043440341949463
test_09821,0.6016516089439392
test_09822,0.6347019076347351
test_09823,0.5729713439941406
test_09824,0.43191027641296387
test_09825,0.5611282587051392
test_09826,0.6195752620697021
test_09827,0.5136584639549255
test_09828,0.3680836260318756
test_09829,0.16644278168678284
test_09830,0.4507661759853363
test_09831,0.6022906303405762
test_09832,0.3380412757396698
test_09833,0.52167809009552
test_09834,0.4290796220302582
test_09835,0.539646327495575
test_09836,0.37057095766067505
test_09837,0.39079877734184265
test_09838,0.5807321667671204
test_09839,0.7301298379898071
test_09840,0.19786448776721954
test_09841,0.65020352602005
test_09842,0.19226376712322235
test_09843,0.4389575123786926
test_09844,0.5482280850410461
test_09845,0.516974925994873
test_09846,0.5655827522277832
test_09847,0.6384576559066772
test_09848,0.5693234801292419
test_09849,0.3961145877838135
test_09850,0.4270818829536438
test_09851,0.4663357436656952
test_09852,0.7028314471244812
test_09853,0.3276031017303467
test_09854,0.5820468068122864
test_09855,0.4822848439216614
test_09856,0.361512690782547
test_09857,0.41918596625328064
test_09858,0.3646835386753082
test_09859,0.16906698048114777
test_09860,0.39859938621520996
test_09861,0.43220508098602295
test_09862,0.4474686086177826
test_09863,0.4016517698764801
test_09864,0.6007150411605835
test_09865,0.4605368971824646
test_09866,0.4066522419452667
test_09867,0.6279935836791992
test_09868,0.5380619764328003
test_09869,0.4896847903728485
test_09870,0.11986906826496124
test_09871,0.2286350429058075
test_09872,0.37931564450263977
test_09873,0.3923564553260803
test_09874,0.5051385164260864
test_09875,0.47441768646240234
test_09876,0.2461746484041214
test_09877,0.39783889055252075
test_09878,0.2722872197628021
test_09879,0.5023155212402344
test_09880,0.3938256800174713
test_09881,0.47706544399261475
test_09882,0.2856334149837494
test_09883,0.48459556698799133
test_09884,0.5066397190093994
test_09885,0.3867150843143463
test_09886,0.37793850898742676
test_09887,0.7645508050918579
test_09888,0.40297916531562805
test_09889,0.4898449778556824
test_09890,0.4519076347351074
test_09891,0.04232988879084587
test_09892,0.47762683033943176
test_09893,0.3609125316143036
test_09894,0.5709121823310852
test_09895,0.2579724192619324
test_09896,0.5200632214546204
test_09897,0.11629325151443481
test_09898,0.6756051182746887
test_09899,0.8582862019538879
test_09900,0.6744905710220337
test_09901,0.7414504885673523
test_09902,0.5234138369560242
test_09903,0.34509024024009705
test_09904,0.2810336649417877
test_09905,0.14794772863388062
test_09906,0.6330737471580505
test_09907,0.42067432403564453
test_09908,0.7676844596862793
test_09909,0.5093532800674438
test_09910,0.2851479649543762
test_09911,0.3904901146888733
test_09912,0.37581589818000793
test_09913,0.3928714990615845
test_09914,0.6554178595542908
test_09915,0.39285770058631897
test_09916,0.31950125098228455
test_09917,0.11560972034931183
test_09918,0.5528384447097778
test_09919,0.17916852235794067
test_09920,0.41653746366500854
test_09921,0.38930532336235046
test_09922,0.5806868672370911
test_09923,0.3160366415977478
test_09924,0.5171784162521362
test_09925,0.34752416610717773
test_09926,0.36428746581077576
test_09927,0.23051795363426208
test_09928,0.39307230710983276
test_09929,0.388020783662796
test_09930,0.6780864000320435
test_09931,0.4473841190338135
test_09932,0.213201642036438
test_09933,0.32301217317581177
test_09934,0.41496536135673523
test_09935,0.45550909638404846
test_09936,0.46585240960121155
test_09937,0.48865947127342224
test_09938,0.6269047260284424
test_09939,0.34304532408714294
test_09940,0.30135414004325867
test_09941,0.47045668959617615
test_09942,0.6637910008430481
test_09943,0.2577008605003357
test_09944,0.5868070125579834
test_09945,0.6331751346588135
test_09946,0.4663027822971344
test_09947,0.3930506706237793
test_09948,0.6397529244422913
test_09949,0.15283174812793732
test_09950,0.28096917271614075
test_09951,0.32901549339294434
test_09952,0.355581670999527
test_09953,0.25633305311203003
test_09954,0.5138143301010132
test_09955,0.44042322039604187
test_09956,0.5490793585777283
test_09957,0.5314325094223022
test_09958,0.5471806526184082
test_09959,0.49293291568756104
test_09960,0.3807685673236847
test_09961,0.5565764904022217
test_09962,0.5828433632850647
test_09963,0.5081958174705505
test_09964,0.31488296389579773
test_09965,0.5983134508132935
test_09966,0.5992822647094727
test_09967,0.6126827001571655
test_09968,0.2979455888271332
test_09969,0.5137448906898499
test_09970,0.14315421879291534
test_09971,0.5516197085380554
test_09972,0.5779116153717041
test_09973,0.3303494155406952
test_09974,0.5591222047805786
test_09975,0.22368545830249786
test_09976,0.2715882658958435
test_09977,0.31902503967285156
test_09978,0.319374144077301
test_09979,0.37322670221328735
test_09980,0.2223874181509018
test_09981,0.4053436517715454
test_09982,0.2892233431339264
test_09983,0.4922523498535156
test_09984,0.38801872730255127
test_09985,0.49285513162612915
test_09986,0.30449190735816956
test_09987,0.5334430932998657
test_09988,0.4063875675201416
test_09989,0.6650580763816833
test_09990,0.6069756746292114
test_09991,0.45334720611572266
test_09992,0.34590497612953186
test_09993,0.3722592294216156
test_09994,0.521516740322113
test_09995,0.5457658767700195
test_09996,0.7501082420349121
test_09997,0.3539940118789673
test_09998,0.33406534790992737
test_09999,0.5069860219955444
test_10000,0.45874765515327454
test_10001,0.3312540054321289
test_10002,0.59354567527771
test_10003,0.47454410791397095
test_10004,0.4860575199127197
test_10005,0.44574835896492004
test_10006,0.30043092370033264
test_10007,0.4202859401702881
test_10008,0.4525812566280365
test_10009,0.5228899717330933
test_10010,0.2697699964046478
test_10011,0.3334777057170868
test_10012,0.42919114232063293
test_10013,0.5351572632789612
test_10014,0.5376630425453186
test_10015,0.3665045201778412
test_10016,0.5099921822547913
test_10017,0.3846159279346466
test_10018,0.4053722620010376
test_10019,0.48845165967941284
test_10020,0.3908289074897766
test_10021,0.5595067739486694
test_10022,0.2225411832332611
test_10023,0.4451705515384674
test_10024,0.7683466076850891
test_10025,0.4494866132736206
test_10026,0.5167577266693115
test_10027,0.3378605246543884
test_10028,0.49451661109924316
test_10029,0.5996392965316772
test_10030,0.5229708552360535
test_10031,0.46149787306785583
test_10032,0.4969455599784851
test_10033,0.5902047753334045
test_10034,0.48225128650665283
test_10035,0.5195134282112122
test_10036,0.6003014445304871
test_10037,0.47988012433052063
test_10038,0.3324887156486511
test_10039,0.7687052488327026
test_10040,0.257425993680954
test_10041,0.3799980878829956
test_10042,0.09636013209819794
test_10043,0.25664183497428894
test_10044,0.20387959480285645
test_10045,0.4935832917690277
test_10046,0.48884832859039307
test_10047,0.5523056387901306
test_10048,0.30438676476478577
test_10049,0.6320855617523193
test_10050,0.32359787821769714
test_10051,0.553800642490387
test_10052,0.5096610188484192
test_10053,0.5171418190002441
test_10054,0.46723535656929016
test_10055,0.3591926395893097
test_10056,0.3515409529209137
test_10057,0.3399253189563751
test_10058,0.5439873933792114
test_10059,0.047367293387651443
test_10060,0.5482620000839233
test_10061,0.36164358258247375
test_10062,0.5478774905204773
test_10063,0.3458692729473114
test_10064,0.415736585855484
test_10065,0.31200286746025085
test_10066,0.4579262435436249
test_10067,0.5837535262107849
test_10068,0.3975105583667755
test_10069,0.4812380075454712
test_10070,0.6099432706832886
test_10071,0.4974822998046875
test_10072,0.4687541127204895
test_10073,0.17344141006469727
test_10074,0.2350304275751114
test_10075,0.5244143605232239
test_10076,0.3737815022468567
test_10077,0.5992909669876099
test_10078,0.39163637161254883
test_10079,0.38903507590293884
test_10080,0.48037511110305786
test_10081,0.6684293746948242
test_10082,0.4311850666999817
test_10083,0.34531280398368835
test_10084,0.3039626479148865
test_10085,0.4050701856613159
test_10086,0.41378042101860046
test_10087,0.23816251754760742
test_10088,0.39296308159828186
test_10089,0.4788398742675781
test_10090,0.5700381994247437
test_10091,0.5315949320793152
test_10092,0.4381609857082367
test_10093,0.5525746941566467
test_10094,0.6957669854164124
test_10095,0.3457537293434143
test_10096,0.539553701877594
test_10097,0.48445114493370056
test_10098,0.33925214409828186
test_10099,0.3945082724094391
test_10100,0.5165966153144836
test_10101,0.21015459299087524
test_10102,0.6295520663261414
test_10103,0.5093903541564941
test_10104,0.4787499010562897
test_10105,0.5194362998008728
test_10106,0.48442593216896057
test_10107,0.48956361413002014
test_10108,0.6447850465774536
test_10109,0.2152547836303711
test_10110,0.37989068031311035
test_10111,0.42733079195022583
test_10112,0.5336344242095947
test_10113,0.21393132209777832
test_10114,0.440182089805603
test_10115,0.1530352085828781
test_10116,0.47004997730255127
test_10117,0.541138768196106
test_10118,0.4530436098575592
test_10119,0.6579826474189758
test_10120,0.4717083275318146
test_10121,0.3013300597667694
test_10122,0.40679195523262024
test_10123,0.3866732120513916
test_10124,0.5824639797210693
test_10125,0.23938637971878052
test_10126,0.42713987827301025
test_10127,0.4235672950744629
test_10128,0.7258252501487732
test_10129,0.3257385492324829
test_10130,0.5733247399330139
test_10131,0.4050777554512024
test_10132,0.28932514786720276
test_10133,0.2084028422832489
test_10134,0.46541106700897217
test_10135,0.4849373400211334
test_10136,0.45578181743621826
test_10137,0.48140713572502136
test_10138,0.5411222577095032
test_10139,0.09354687482118607
test_10140,0.7584555745124817
test_10141,0.42510324716567993
test_10142,0.5897391438484192
test_10143,0.4131697118282318
test_10144,0.24597080051898956
test_10145,0.4815753400325775
test_10146,0.592435896396637
test_10147,0.2931504249572754
test_10148,0.5126627087593079
test_10149,0.6123664975166321
test_10150,0.5745280385017395
test_10151,0.2763395309448242
test_10152,0.46130332350730896
test_10153,0.3960864245891571
test_10154,0.6182287335395813
test_10155,0.42517977952957153
test_10156,0.3499440848827362
test_10157,0.5470708608627319
test_10158,0.1562066376209259
test_10159,0.5628449320793152
test_10160,0.5887791514396667
test_10161,0.4878867566585541
test_10162,0.5497401356697083
test_10163,0.34448525309562683
test_10164,0.35394996404647827
test_10165,0.44121962785720825
test_10166,0.4193582236766815
test_10167,0.5262971520423889
test_10168,0.5339604020118713
test_10169,0.6482952237129211
test_10170,0.6799861788749695
test_10171,0.3325498402118683
test_10172,0.49965333938598633
test_10173,0.31646695733070374
test_10174,0.6989337801933289
test_10175,0.3353983461856842
test_10176,0.43880531191825867
test_10177,0.516025185585022
test_10178,0.5068269968032837
test_10179,0.40470799803733826
test_10180,0.5904712677001953
test_10181,0.2722087800502777
test_10182,0.38721269369125366
test_10183,0.4065191447734833
test_10184,0.2407858669757843
test_10185,0.38605543971061707
test_10186,0.25254392623901367
test_10187,0.3556509017944336
test_10188,0.46787339448928833
test_10189,0.21726422011852264
test_10190,0.511234700679779
test_10191,0.5191068053245544
test_10192,0.24424470961093903
test_10193,0.5364821553230286
test_10194,0.502848744392395
test_10195,0.3259897828102112
test_10196,0.512604296207428
test_10197,0.4094187319278717
test_10198,0.4479112923145294
test_10199,0.1900557279586792
test_10200,0.36118435859680176
test_10201,0.40630850195884705
test_10202,0.6301789283752441
test_10203,0.5713948607444763
test_10204,0.4226127564907074
test_10205,0.2960931360721588
test_10206,0.2983373701572418
test_10207,0.45574185252189636
test_10208,0.46094566583633423
test_10209,0.5960931777954102
test_10210,0.5095513463020325
test_10211,0.4592289626598358
test_10212,0.4804611802101135
test_10213,0.2955469489097595
test_10214,0.46980583667755127
test_10215,0.5077126622200012
test_10216,0.21198411285877228
test_10217,0.43642178177833557
test_10218,0.1853698492050171
test_10219,0.5691631436347961
test_10220,0.45738673210144043
test_10221,0.314750611782074
test_10222,0.29242339730262756
test_10223,0.3928011655807495
test_10224,0.5914146900177002
test_10225,0.39151760935783386
test_10226,0.47945863008499146
test_10227,0.25341013073921204
test_10228,0.4629811942577362
test_10229,0.38421493768692017
test_10230,0.5471277832984924
test_10231,0.5797522068023682
test_10232,0.46776336431503296
test_10233,0.23728254437446594
test_10234,0.4674604535102844
test_10235,0.44994890689849854
test_10236,0.3495706021785736
test_10237,0.2732687294483185
test_10238,0.28991761803627014
test_10239,0.21570266783237457
test_10240,0.2683447003364563
test_10241,0.31051507592201233
test_10242,0.29690268635749817
test_10243,0.32197311520576477
test_10244,0.18784523010253906
test_10245,0.340724378824234
test_10246,0.7101356387138367
test_10247,0.45819053053855896
test_10248,0.5444427132606506
test_10249,0.4720100462436676
test_10250,0.5027308464050293
test_10251,0.4826348125934601
test_10252,0.5572546720504761
test_10253,0.34879645705223083
test_10254,0.5137916803359985
test_10255,0.14125272631645203
test_10256,0.34938931465148926
test_10257,0.67594313621521
test_10258,0.3505389392375946
test_10259,0.6559257507324219
test_10260,0.38571420311927795
test_10261,0.6773017048835754
test_10262,0.5116294026374817
test_10263,0.44144243001937866
test_10264,0.6311448216438293
test_10265,0.43302276730537415
test_10266,0.5370689034461975
test_10267,0.34647268056869507
test_10268,0.5290126800537109
test_10269,0.4396454691886902
test_10270,0.36948442459106445
test_10271,0.2317105084657669
test_10272,0.3626890480518341
test_10273,0.47514837980270386
test_10274,0.4289758801460266
test_10275,0.6553242802619934
test_10276,0.45706599950790405
test_10277,0.244125634431839
test_10278,0.3352990448474884
test_10279,0.4579528570175171
test_10280,0.5102344751358032
test_10281,0.47958603501319885
test_10282,0.5654087066650391
test_10283,0.5472014546394348
test_10284,0.5963244438171387
test_10285,0.31596067547798157
test_10286,0.5228230953216553
test_10287,0.4254223108291626
test_10288,0.40537968277931213
test_10289,0.41552314162254333
test_10290,0.4654058814048767
test_10291,0.5033255815505981
test_10292,0.3091709613800049
test_10293,0.46806007623672485
test_10294,0.16787299513816833
test_10295,0.40522241592407227
test_10296,0.39227771759033203
test_10297,0.2852399945259094
test_10298,0.1493813544511795
test_10299,0.321547269821167
test_10300,0.20504409074783325
test_10301,0.5082747340202332
test_10302,0.7167409062385559
test_10303,0.451321005821228
test_10304,0.5271322727203369
test_10305,0.5397682785987854
test_10306,0.37861475348472595
test_10307,0.27963972091674805
test_10308,0.400054931640625
test_10309,0.403937965631485
test_10310,0.5258615016937256
test_10311,0.4474317133426666
test_10312,0.4628239870071411
test_10313,0.35504913330078125
test_10314,0.47064200043678284
test_10315,0.5602157115936279
test_10316,0.2823817729949951
test_10317,0.2359163463115692
test_10318,0.5769470930099487
test_10319,0.6327977180480957
test_10320,0.25405314564704895
test_10321,0.421182781457901
test_10322,0.5326063632965088
test_10323,0.35435089468955994
test_10324,0.27814945578575134
test_10325,0.46628639101982117
test_10326,0.5673184394836426
test_10327,0.5660862326622009
test_10328,0.5230624675750732
test_10329,0.4311903715133667
test_10330,0.524354100227356
test_10331,0.5479731559753418
test_10332,0.525745689868927
test_10333,0.37209945917129517
test_10334,0.2867391109466553
test_10335,0.21188665926456451
test_10336,0.5094894766807556
test_10337,0.46328964829444885
test_10338,0.30503568053245544
test_10339,0.5016834139823914
test_10340,0.2810477018356323
test_10341,0.5774697661399841
test_10342,0.5556324124336243
test_10343,0.4753764569759369
test_10344,0.479089617729187
test_10345,0.5392867922782898
test_10346,0.45430660247802734
test_10347,0.3921663761138916
test_10348,0.38896238803863525
test_10349,0.151868999004364
test_10350,0.40272971987724304
test_10351,0.5527258515357971
test_10352,0.289563924074173
test_10353,0.20655393600463867
test_10354,0.4001084566116333
test_10355,0.45313507318496704
test_10356,0.5242639183998108
test_10357,0.5351757407188416
test_10358,0.47332870960235596
test_10359,0.37629735469818115
test_10360,0.6332137584686279
test_10361,0.37628617882728577
test_10362,0.28669843077659607
test_10363,0.5182873606681824
test_10364,0.6051656603813171
test_10365,0.5752947330474854
test_10366,0.4131760597229004
test_10367,0.403313010931015
test_10368,0.4038153886795044
test_10369,0.3328937590122223
test_10370,0.2829650938510895
test_10371,0.2705090641975403
test_10372,0.5730800628662109
test_10373,0.5334300398826599
test_10374,0.43936827778816223
test_10375,0.6535324454307556
test_10376,0.45072320103645325
test_10377,0.5912240147590637
test_10378,0.3345559239387512
test_10379,0.21993649005889893
test_10380,0.48341378569602966
test_10381,0.5600352883338928
test_10382,0.3981892764568329
test_10383,0.2501348555088043
test_10384,0.36221668124198914
test_10385,0.41810616850852966
test_10386,0.41623741388320923
test_10387,0.46242767572402954
test_10388,0.4452476501464844
test_10389,0.48562371730804443
test_10390,0.4682973325252533
test_10391,0.5869470834732056
test_10392,0.43699532747268677
test_10393,0.47147756814956665
test_10394,0.1885751187801361
test_10395,0.49227088689804077
test_10396,0.6892456412315369
test_10397,0.5139328241348267
test_10398,0.5727491974830627
test_10399,0.5277811884880066
test_10400,0.2838147282600403
test_10401,0.22667193412780762
test_10402,0.6061158180236816
test_10403,0.46465983986854553
test_10404,0.4805709421634674
test_10405,0.4915488660335541
test_10406,0.44416704773902893
test_10407,0.25264880061149597
test_10408,0.4861816167831421
test_10409,0.452113538980484
test_10410,0.2968292832374573
test_10411,0.4889865815639496
test_10412,0.32655733823776245
test_10413,0.7983065247535706
test_10414,0.47590601444244385
test_10415,0.41413208842277527
test_10416,0.3682709336280823
test_10417,0.1280203014612198
test_10418,0.44501960277557373
test_10419,0.47435426712036133
test_10420,0.5646778345108032
test_10421,0.5662727952003479
test_10422,0.4703783094882965
test_10423,0.4216322600841522
test_10424,0.41626450419425964
test_10425,0.4879014194011688
test_10426,0.3604910373687744
test_10427,0.2126169502735138
test_10428,0.40482407808303833
test_10429,0.49444276094436646
test_10430,0.21763081848621368
test_10431,0.8083078265190125
test_10432,0.6236214637756348
test_10433,0.3656504452228546
test_10434,0.37323933839797974
test_10435,0.24778738617897034
test_10436,0.506075918674469
test_10437,0.2679632306098938
test_10438,0.39408284425735474
test_10439,0.3713921308517456
test_10440,0.5477592945098877
test_10441,0.34902146458625793
test_10442,0.5558433532714844
test_10443,0.46167343854904175
test_10444,0.20557951927185059
test_10445,0.5509284138679504
test_10446,0.5220068693161011
test_10447,0.7007631659507751
test_10448,0.5421074032783508
test_10449,0.6971704959869385
test_10450,0.5539832711219788
test_10451,0.42246776819229126
test_10452,0.3914731442928314
test_10453,0.5183544158935547
test_10454,0.6404955387115479
test_10455,0.511875331401825
test_10456,0.6349714398384094
test_10457,0.6493908762931824
test_10458,0.4429998993873596
test_10459,0.4620212912559509
test_10460,0.40091562271118164
test_10461,0.5216221809387207
test_10462,0.4541100561618805
test_10463,0.5295356512069702
test_10464,0.2975756824016571
test_10465,0.19993656873703003
test_10466,0.5329910516738892
test_10467,0.7317937016487122
test_10468,0.3526933491230011
test_10469,0.3691372871398926
test_10470,0.32605376839637756
test_10471,0.47185617685317993
test_10472,0.4929391145706177
test_10473,0.6046077013015747
test_10474,0.4625246524810791
test_10475,0.5303176045417786
test_10476,0.4645712077617645
test_10477,0.17454330623149872
test_10478,0.7220216393470764
test_10479,0.31153544783592224
test_10480,0.7304705381393433
test_10481,0.27120739221572876
test_10482,0.29836106300354004
test_10483,0.3167228400707245
test_10484,0.3203774094581604
test_10485,0.5411165952682495
test_10486,0.5255541801452637
test_10487,0.5864182114601135
test_10488,0.5976488590240479
test_10489,0.39641109108924866
test_10490,0.5171194076538086
test_10491,0.6151033639907837
test_10492,0.34748560190200806
test_10493,0.25886043906211853
test_10494,0.3523961305618286
test_10495,0.36484333872795105
test_10496,0.34808728098869324
test_10497,0.5884857773780823
test_10498,0.6161552667617798
test_10499,0.5365679860115051
test_10500,0.4301438331604004
test_10501,0.2755413353443146
test_10502,0.523988664150238
test_10503,0.29447081685066223
test_10504,0.28000521659851074
test_10505,0.31975793838500977
test_10506,0.5878466963768005
test_10507,0.40896841883659363
test_10508,0.5637819170951843
test_10509,0.7491978406906128
test_10510,0.36830177903175354
test_10511,0.45837122201919556
test_10512,0.4502705931663513
test_10513,0.4686911404132843
test_10514,0.6317304372787476
test_10515,0.5487734079360962
test_10516,0.2861883342266083
test_10517,0.4383212625980377
test_10518,0.21615666151046753
test_10519,0.19127696752548218
test_10520,0.425447940826416
test_10521,0.6705718040466309
test_10522,0.41664719581604004
test_10523,0.6726901531219482
test_10524,0.366609126329422
test_10525,0.6369816660881042
test_10526,0.4879078269004822
test_10527,0.5680539608001709
test_10528,0.2655819356441498
test_10529,0.36938318610191345
test_10530,0.4150851368904114
test_10531,0.4344179928302765
test_10532,0.35488155484199524
test_10533,0.5767551064491272
test_10534,0.41571176052093506
test_10535,0.544126033782959
test_10536,0.46732649207115173
test_10537,0.5442948341369629
test_10538,0.5431705713272095
test_10539,0.47814613580703735
test_10540,0.35767892003059387
test_10541,0.3077884018421173
test_10542,0.4319860637187958
test_10543,0.5417965054512024
test_10544,0.3757762014865875
test_10545,0.1853870153427124
test_10546,0.6579791903495789
test_10547,0.5557013750076294
test_10548,0.32843610644340515
test_10549,0.6327608227729797
test_10550,0.6442235708236694
test_10551,0.4729101061820984
test_10552,0.23705622553825378
test_10553,0.4397866129875183
test_10554,0.676306962966919
test_10555,0.39311036467552185
test_10556,0.6206023693084717
test_10557,0.4403890371322632
test_10558,0.5316534042358398
test_10559,0.30258288979530334
test_10560,0.5837215781211853
test_10561,0.4446806013584137
test_10562,0.13706214725971222
test_10563,0.3807421922683716
test_10564,0.4974263608455658
test_10565,0.5606666803359985
test_10566,0.5373116135597229
test_10567,0.4706340730190277
test_10568,0.523714542388916
test_10569,0.3124244511127472
test_10570,0.7390583157539368
test_10571,0.6089008450508118
test_10572,0.19814221560955048
test_10573,0.4847963750362396
test_10574,0.3333832919597626
test_10575,0.5272908806800842
test_10576,0.49528607726097107
test_10577,0.2965870797634125
test_10578,0.09093387424945831
test_10579,0.5286117792129517
test_10580,0.4993392527103424
test_10581,0.3039224445819855
test_10582,0.5059804320335388
test_10583,0.64720219373703
test_10584,0.4927842915058136
test_10585,0.5414910316467285
test_10586,0.6401437520980835
test_10587,0.6516879796981812
test_10588,0.49967631697654724
test_10589,0.4998590052127838
test_10590,0.3708529770374298
test_10591,0.19047227501869202
test_10592,0.11806868016719818
test_10593,0.4661450684070587
test_10594,0.12450600415468216
test_10595,0.47838547825813293
test_10596,0.62859708070755
test_10597,0.18370641767978668
test_10598,0.4593716561794281
test_10599,0.43889227509498596
test_10600,0.2863539457321167
test_10601,0.2244008481502533
test_10602,0.4418233335018158
test_10603,0.5336859226226807
test_10604,0.3815600275993347
test_10605,0.3885374665260315
test_10606,0.5782917737960815
test_10607,0.42725977301597595
test_10608,0.2693512737751007
test_10609,0.561738908290863
test_10610,0.4792146384716034
test_10611,0.48178669810295105
test_10612,0.5401629209518433
test_10613,0.4936046600341797
test_10614,0.45903491973876953
test_10615,0.5076479911804199
test_10616,0.5694939494132996
test_10617,0.546062707901001
test_10618,0.29253101348876953
test_10619,0.18016739189624786
test_10620,0.5768702030181885
test_10621,0.40132442116737366
test_10622,0.45617079734802246
test_10623,0.5228739976882935
test_10624,0.6088534593582153
test_10625,0.5439972281455994
test_10626,0.2219923734664917
test_10627,0.19578009843826294
test_10628,0.30889877676963806
test_10629,0.1473710983991623
test_10630,0.47183239459991455
test_10631,0.4412168860435486
test_10632,0.5917336344718933
test_10633,0.42835670709609985
test_10634,0.7109311819076538
test_10635,0.5780637264251709
test_10636,0.4169039726257324
test_10637,0.34721705317497253
test_10638,0.5463622808456421
test_10639,0.4482819139957428
test_10640,0.43786701560020447
test_10641,0.6033846139907837
test_10642,0.1427391916513443
test_10643,0.43788355588912964
test_10644,0.505156397819519
test_10645,0.6352238059043884
test_10646,0.6351678371429443
test_10647,0.5218289494514465
test_10648,0.3611351549625397
test_10649,0.6304081082344055
test_10650,0.7549199461936951
test_10651,0.5656530857086182
test_10652,0.2591879069805145
test_10653,0.5822133421897888
test_10654,0.458064466714859
test_10655,0.5237526297569275
test_10656,0.2766765356063843
test_10657,0.376993328332901
test_10658,0.3987436592578888
test_10659,0.5842575430870056
test_10660,0.5096429586410522
test_10661,0.6089399456977844
test_10662,0.32402050495147705
test_10663,0.4546462893486023
test_10664,0.6400417685508728
test_10665,0.5363442897796631
test_10666,0.596860945224762
test_10667,0.42108607292175293
test_10668,0.5130292177200317
test_10669,0.5216031670570374
test_10670,0.5451157093048096
test_10671,0.5104245543479919
test_10672,0.5700665712356567
test_10673,0.448923796415329
test_10674,0.5425643920898438
test_10675,0.4653579890727997
test_10676,0.7522621154785156
test_10677,0.3911462128162384
test_10678,0.3958198130130768
test_10679,0.39557144045829773
test_10680,0.5914376378059387
test_10681,0.3573687970638275
test_10682,0.4942019581794739
test_10683,0.4959715008735657
test_10684,0.5439220070838928
test_10685,0.4357021450996399
test_10686,0.612723708152771
test_10687,0.4419443607330322
test_10688,0.6426506042480469
test_10689,0.5319311618804932
test_10690,0.5319362878799438
test_10691,0.45337992906570435
test_10692,0.41489872336387634
test_10693,0.4105522036552429
test_10694,0.2530805468559265
test_10695,0.445780485868454
test_10696,0.25398242473602295
test_10697,0.5806553959846497
test_10698,0.4662424325942993
test_10699,0.36426955461502075
test_10700,0.36830464005470276
test_10701,0.4767838716506958
test_10702,0.4690209627151489
test_10703,0.8061047196388245
test_10704,0.29908043146133423
test_10705,0.16535837948322296
test_10706,0.3475550711154938
test_10707,0.3695949614048004
test_10708,0.3824946880340576
test_10709,0.7649737000465393
test_10710,0.5423344373703003
test_10711,0.41644495725631714
test_10712,0.5098349452018738
test_10713,0.587632417678833
test_10714,0.5316342711448669
test_10715,0.4025660753250122
test_10716,0.40066516399383545
test_10717,0.36374157667160034
test_10718,0.4552174210548401
test_10719,0.5926003456115723
test_10720,0.4860997498035431
test_10721,0.23744679987430573
test_10722,0.5500673651695251
test_10723,0.6922203302383423
test_10724,0.622486412525177
test_10725,0.34030285477638245
test_10726,0.48295146226882935
test_10727,0.35368746519088745
test_10728,0.5190840363502502
test_10729,0.4943993389606476
test_10730,0.4497077763080597
test_10731,0.311747670173645
test_10732,0.5627978444099426
test_10733,0.512656569480896
test_10734,0.4041193723678589
test_10735,0.4227584898471832
test_10736,0.5228907465934753
test_10737,0.4340879023075104
test_10738,0.36714819073677063
test_10739,0.6798555254936218
test_10740,0.37388837337493896
test_10741,0.3180740773677826
test_10742,0.547566294670105
test_10743,0.6157242059707642
test_10744,0.4529320001602173
test_10745,0.530608057975769
test_10746,0.39442458748817444
test_10747,0.49485495686531067
test_10748,0.6377877593040466
test_10749,0.251811683177948
test_10750,0.5800738334655762
test_10751,0.4863385856151581
test_10752,0.2858770787715912
test_10753,0.45987433195114136
test_10754,0.3588498532772064
test_10755,0.22369736433029175
test_10756,0.40817925333976746
test_10757,0.46303629875183105
test_10758,0.46400484442710876
test_10759,0.533169686794281
test_10760,0.5664781332015991
test_10761,0.5314362049102783
test_10762,0.45726656913757324
test_10763,0.5287882089614868
test_10764,0.47274908423423767
test_10765,0.37726709246635437
test_10766,0.49396467208862305
test_10767,0.48329079151153564
test_10768,0.5319002270698547
test_10769,0.3635730445384979
test_10770,0.5884134769439697
test_10771,0.23829591274261475
test_10772,0.42298564314842224
test_10773,0.41209447383880615
test_10774,0.2915877103805542
test_10775,0.5712777972221375
test_10776,0.40104350447654724
test_10777,0.24415749311447144
test_10778,0.30834245681762695
test_10779,0.5881953239440918
test_10780,0.5877704620361328
test_10781,0.4542188346385956
test_10782,0.3377123177051544
test_10783,0.708569347858429
test_10784,0.48160403966903687
test_10785,0.2864719033241272
test_10786,0.6626970767974854
test_10787,0.6978345513343811
test_10788,0.24582692980766296
test_10789,0.42689716815948486
test_10790,0.4865298867225647
test_10791,0.5297098159790039
test_10792,0.3693268597126007
test_10793,0.42114606499671936
test_10794,0.6025353670120239
test_10795,0.5880935192108154
test_10796,0.4825189709663391
test_10797,0.5758516192436218
test_10798,0.447147935628891
test_10799,0.365287184715271
test_10800,0.6662546396255493
test_10801,0.538195013999939
test_10802,0.2990528643131256
test_10803,0.5722192525863647
test_10804,0.1931455284357071
test_10805,0.3229871094226837
test_10806,0.47073063254356384
test_10807,0.4849640727043152
test_10808,0.4698996841907501
test_10809,0.48183900117874146
test_10810,0.4557507634162903
test_10811,0.41875773668289185
test_10812,0.5482926368713379
test_10813,0.43795278668403625
test_10814,0.35440850257873535
test_10815,0.2638451159000397
test_10816,0.18955549597740173
test_10817,0.685605525970459
test_10818,0.5038077235221863
test_10819,0.6692734360694885
test_10820,0.43245837092399597
test_10821,0.5170170068740845
test_10822,0.46645253896713257
test_10823,0.4332291781902313
test_10824,0.4563649892807007
test_10825,0.3085672855377197
test_10826,0.4582294821739197
test_10827,0.41184288263320923
test_10828,0.48470133543014526
test_10829,0.5121606588363647
test_10830,0.5299298763275146
test_10831,0.4152800440788269
test_10832,0.6239622235298157
test_10833,0.2940037250518799
test_10834,0.28848931193351746
test_10835,0.1480129063129425
test_10836,0.3896664083003998
test_10837,0.5074003338813782
test_10838,0.43778565526008606
test_10839,0.4252694249153137
test_10840,0.37566545605659485
test_10841,0.5680264234542847
test_10842,0.7294872999191284
test_10843,0.38216811418533325
test_10844,0.23831430077552795
test_10845,0.3089980185031891
test_10846,0.5037281513214111
test_10847,0.4175308048725128
test_10848,0.43680518865585327
test_10849,0.4435153603553772
test_10850,0.42456215620040894
test_10851,0.503311038017273
test_10852,0.1538389027118683
test_10853,0.5573174357414246
test_10854,0.25971075892448425
test_10855,0.39490780234336853
test_10856,0.5318373441696167
test_10857,0.3820931613445282
test_10858,0.17342039942741394
test_10859,0.3243880867958069
test_10860,0.6133899688720703
test_10861,0.16529925167560577
test_10862,0.1719839721918106
test_10863,0.7507153153419495
test_10864,0.49168336391448975
test_10865,0.30289170145988464
test_10866,0.429463267326355
test_10867,0.5652151703834534
test_10868,0.4160645306110382
test_10869,0.3955725133419037
test_10870,0.7176489233970642
test_10871,0.4255029261112213
test_10872,0.45594215393066406
test_10873,0.5616104006767273
test_10874,0.20068609714508057
test_10875,0.43115830421447754
test_10876,0.34810540080070496
test_10877,0.30456119775772095
test_10878,0.4755638539791107
test_10879,0.578841507434845
test_10880,0.44408464431762695
test_10881,0.5475818514823914
test_10882,0.39734283089637756
test_10883,0.41520053148269653
test_10884,0.6712006330490112
test_10885,0.4956175684928894
test_10886,0.42499807476997375
test_10887,0.42540106177330017
test_10888,0.32813388109207153
test_10889,0.47856298089027405
test_10890,0.8382822275161743
test_10891,0.2443225085735321
test_10892,0.23420265316963196
test_10893,0.6818966269493103
test_10894,0.6095743179321289
test_10895,0.39083147048950195
test_10896,0.43941691517829895
test_10897,0.37380802631378174
test_10898,0.4443112909793854
test_10899,0.45945531129837036
test_10900,0.1667526215314865
test_10901,0.5434860587120056
test_10902,0.5170233845710754
test_10903,0.7161861658096313
test_10904,0.5279436111450195
test_10905,0.16990390419960022
test_10906,0.3093298077583313
test_10907,0.44677913188934326
test_10908,0.531179666519165
test_10909,0.3920910060405731
test_10910,0.4942043125629425
test_10911,0.5472360849380493
test_10912,0.6458054184913635
test_10913,0.0936298817396164
test_10914,0.4744962751865387
test_10915,0.4324941039085388
test_10916,0.596875011920929
test_10917,0.23420530557632446
test_10918,0.7144237756729126
test_10919,0.5236696600914001
test_10920,0.5080816745758057
test_10921,0.7193769216537476
test_10922,0.259047269821167
test_10923,0.567550003528595
test_10924,0.259654700756073
test_10925,0.5833787322044373
test_10926,0.41902396082878113
test_10927,0.5094541311264038
test_10928,0.44920822978019714
test_10929,0.3937159478664398
test_10930,0.16919580101966858
test_10931,0.455594003200531
test_10932,0.6155720949172974
test_10933,0.5903111100196838
test_10934,0.5294073224067688
test_10935,0.49448227882385254
test_10936,0.15908050537109375
test_10937,0.4747282564640045
test_10938,0.4426646828651428
test_10939,0.23312857747077942
test_10940,0.43190521001815796
test_10941,0.39892828464508057
test_10942,0.4828993082046509
test_10943,0.38818442821502686
test_10944,0.6375810503959656
test_10945,0.4531428813934326
test_10946,0.5964093804359436
test_10947,0.40242844820022583
test_10948,0.5133429765701294
test_10949,0.5690867304801941
test_10950,0.236127108335495
test_10951,0.40064671635627747
test_10952,0.23563642799854279
test_10953,0.3614354431629181
test_10954,0.6468623876571655
test_10955,0.4475366771221161
test_10956,0.5166091322898865
test_10957,0.5607226490974426
test_10958,0.5936571955680847
test_10959,0.6134840846061707
test_10960,0.5821704268455505
test_10961,0.5352421998977661
test_10962,0.44741594791412354
test_10963,0.5673431754112244
test_10964,0.48518186807632446
test_10965,0.4112435281276703
test_10966,0.4891534447669983
test_10967,0.4702140986919403
test_10968,0.5429660081863403
test_10969,0.6004101037979126
test_10970,0.32587113976478577
test_10971,0.35540053248405457
test_10972,0.4699971675872803
test_10973,0.4528317153453827
test_10974,0.4773937463760376
test_10975,0.5094256401062012
test_10976,0.48561468720436096
test_10977,0.67814701795578
test_10978,0.29166311025619507
test_10979,0.6375393867492676
test_10980,0.30832844972610474
test_10981,0.6276633739471436
test_10982,0.4375569820404053
test_10983,0.4692665934562683
test_10984,0.290014386177063
test_10985,0.32699841260910034
test_10986,0.20977498590946198
test_10987,0.4657174050807953
test_10988,0.3513658940792084
test_10989,0.3818754553794861
test_10990,0.4651269316673279
test_10991,0.31951025128364563
test_10992,0.5531561374664307
test_10993,0.299885630607605
test_10994,0.36548712849617004
test_10995,0.19365251064300537
test_10996,0.5507275462150574
test_10997,0.24598701298236847
test_10998,0.30793535709381104
test_10999,0.5746608376502991
test_11000,0.5374269485473633
test_11001,0.3930927813053131
test_11002,0.22502312064170837
test_11003,0.6799745559692383
test_11004,0.4006415605545044
test_11005,0.6016469597816467
test_11006,0.4772745966911316
test_11007,0.44488605856895447
test_11008,0.3321385681629181
test_11009,0.4780602753162384
test_11010,0.4585987329483032
test_11011,0.12869754433631897
test_11012,0.27223917841911316
test_11013,0.3530215322971344
test_11014,0.38676321506500244
test_11015,0.6065942049026489
test_11016,0.3491292893886566
test_11017,0.5402037501335144
test_11018,0.46439990401268005
test_11019,0.6245489716529846
test_11020,0.3261561691761017
test_11021,0.31391721963882446
test_11022,0.5334529280662537
test_11023,0.4460030794143677
test_11024,0.5676468014717102
test_11025,0.684266984462738
test_11026,0.23321126401424408
test_11027,0.4397727847099304
test_11028,0.3374786376953125
test_11029,0.44919759035110474
test_11030,0.42854994535446167
test_11031,0.42900511622428894
test_11032,0.5034213662147522
test_11033,0.4310213327407837
test_11034,0.2871567904949188
test_11035,0.3610415458679199
test_11036,0.4963263273239136
test_11037,0.4254626929759979
test_11038,0.5159233808517456
test_11039,0.5585598945617676
test_11040,0.37951844930648804
test_11041,0.31566181778907776
test_11042,0.3993165194988251
test_11043,0.34244009852409363
test_11044,0.423918753862381
test_11045,0.20066876709461212
test_11046,0.5541004538536072
test_11047,0.48223793506622314
test_11048,0.40244776010513306
test_11049,0.4942447245121002
test_11050,0.3967317044734955
test_11051,0.631287693977356
test_11052,0.44974076747894287
test_11053,0.2856388986110687
test_11054,0.48984578251838684
test_11055,0.26560288667678833
test_11056,0.6272242665290833
test_11057,0.39460763335227966
test_11058,0.22584986686706543
test_11059,0.6859391927719116
test_11060,0.8206584453582764
test_11061,0.5283721685409546
test_11062,0.30342012643814087
test_11063,0.3047511875629425
test_11064,0.5212850570678711
test_11065,0.6970277428627014
test_11066,0.543935239315033
test_11067,0.304520845413208
test_11068,0.5444808006286621
test_11069,0.390123575925827
test_11070,0.2542574405670166
test_11071,0.5634747743606567
test_11072,0.652045488357544
test_11073,0.2841276526451111
test_11074,0.2600769102573395
test_11075,0.4383465349674225
test_11076,0.6651999354362488
test_11077,0.3456628918647766
test_11078,0.34149613976478577
test_11079,0.5330538153648376
test_11080,0.33397814631462097
test_11081,0.48028576374053955
test_11082,0.539165198802948
test_11083,0.14110684394836426
test_11084,0.29742005467414856
test_11085,0.6977053284645081
test_11086,0.36674484610557556
test_11087,0.6836047768592834
test_11088,0.465324729681015
test_11089,0.2958543300628662
test_11090,0.5869530439376831
test_11091,0.5183997750282288
test_11092,0.4138389825820923
test_11093,0.12020931392908096
test_11094,0.45004454255104065
test_11095,0.5014085173606873
test_11096,0.4690841734409332
test_11097,0.4321975111961365
test_11098,0.3933856785297394
test_11099,0.46350494027137756
test_11100,0.2323523908853531
test_11101,0.5451341271400452
test_11102,0.439632385969162
test_11103,0.5815069079399109
test_11104,0.4597267210483551
test_11105,0.49232012033462524
test_11106,0.5556636452674866
test_11107,0.47056594491004944
test_11108,0.24213561415672302
test_11109,0.43704697489738464
test_11110,0.5447959303855896
test_11111,0.5455940961837769
test_11112,0.5515580773353577
test_11113,0.4255093038082123
test_11114,0.3316664397716522
test_11115,0.5131528973579407
test_11116,0.5098658800125122
test_11117,0.3873172998428345
test_11118,0.44219663739204407
test_11119,0.48992255330085754
test_11120,0.1893802285194397
test_11121,0.3114692270755768
test_11122,0.7184261083602905
test_11123,0.43912816047668457
test_11124,0.6740280985832214
test_11125,0.4665009081363678
test_11126,0.6416266560554504
test_11127,0.4607515037059784
test_11128,0.09071848541498184
test_11129,0.43159806728363037
test_11130,0.46586254239082336
test_11131,0.27636370062828064
test_11132,0.12005395442247391
test_11133,0.515760064125061
test_11134,0.24809737503528595
test_11135,0.7287928462028503
test_11136,0.6033718585968018
test_11137,0.3037746846675873
test_11138,0.5626274943351746
test_11139,0.3608455955982208
test_11140,0.3402651250362396
test_11141,0.2176971286535263
test_11142,0.5720059275627136
test_11143,0.4031948745250702
test_11144,0.40242600440979004
test_11145,0.44366714358329773
test_11146,0.4663441479206085
test_11147,0.5699372887611389
test_11148,0.544158935546875
test_11149,0.5267509818077087
test_11150,0.5482224822044373
test_11151,0.19117668271064758
test_11152,0.22858132421970367
test_11153,0.47234323620796204
test_11154,0.10259488970041275
test_11155,0.409721314907074
test_11156,0.25150927901268005
test_11157,0.2424023300409317
test_11158,0.38239938020706177
test_11159,0.6008550524711609
test_11160,0.32923102378845215
test_11161,0.5122694969177246
test_11162,0.500586986541748
test_11163,0.4030354917049408
test_11164,0.4293018579483032
test_11165,0.4271683394908905
test_11166,0.3597530424594879
test_11167,0.44341909885406494
test_11168,0.5087219476699829
test_11169,0.328151673078537
test_11170,0.6254403591156006
test_11171,0.7067659497261047
test_11172,0.3584362864494324
test_11173,0.34274616837501526
test_11174,0.56633061170578
test_11175,0.7330912947654724
test_11176,0.5184583067893982
test_11177,0.4589579701423645
test_11178,0.4530254900455475
test_11179,0.13848057389259338
test_11180,0.3951576054096222
test_11181,0.3114158511161804
test_11182,0.5785772204399109
test_11183,0.4125097095966339
test_11184,0.5158969759941101
test_11185,0.414748877286911
test_11186,0.22804604470729828
test_11187,0.3928125202655792
test_11188,0.4561881124973297
test_11189,0.27586251497268677
test_11190,0.26527735590934753
test_11191,0.39461734890937805
test_11192,0.37865281105041504
test_11193,0.5713915824890137
test_11194,0.3979628384113312
test_11195,0.5558353066444397
test_11196,0.3461594581604004
test_11197,0.27974608540534973
test_11198,0.4777255356311798
test_11199,0.17377623915672302
test_11200,0.4227884113788605
test_11201,0.4320391118526459
test_11202,0.41154196858406067
test_11203,0.3107934594154358
test_11204,0.6098738312721252
test_11205,0.5508546829223633
test_11206,0.5696678757667542
test_11207,0.5936593413352966
test_11208,0.45046722888946533
test_11209,0.3602294921875
test_11210,0.5871318578720093
test_11211,0.5869166254997253
test_11212,0.518326461315155
test_11213,0.36485400795936584
test_11214,0.5718702077865601
test_11215,0.391354501247406
test_11216,0.4279996454715729
test_11217,0.5524336695671082
test_11218,0.5960987210273743
test_11219,0.6821100115776062
test_11220,0.2318088859319687
test_11221,0.39258089661598206
test_11222,0.43800264596939087
test_11223,0.48459136486053467
test_11224,0.4407098889350891
test_11225,0.3477194607257843
test_11226,0.39627495408058167
test_11227,0.4027295410633087
test_11228,0.4590272009372711
test_11229,0.5272107124328613
test_11230,0.49779173731803894
test_11231,0.6319379210472107
test_11232,0.5123574137687683
test_11233,0.5541414618492126
test_11234,0.53216552734375
test_11235,0.398109495639801
test_11236,0.48216259479522705
test_11237,0.44922229647636414
test_11238,0.4411922097206116
test_11239,0.6404740810394287
test_11240,0.45113369822502136
test_11241,0.3815372884273529
test_11242,0.5974013209342957
test_11243,0.6593036651611328
test_11244,0.4685554504394531
test_11245,0.599498450756073
test_11246,0.2098298966884613
test_11247,0.4550493359565735
test_11248,0.5704306960105896
test_11249,0.5944745540618896
test_11250,0.27068832516670227
test_11251,0.49481064081192017
test_11252,0.48906391859054565
test_11253,0.30147865414619446
test_11254,0.5856750011444092
test_11255,0.4304802119731903
test_11256,0.5364526510238647
test_11257,0.5652724504470825
test_11258,0.5617937445640564
test_11259,0.38770854473114014
test_11260,0.3823576867580414
test_11261,0.520595371723175
test_11262,0.5472798347473145
test_11263,0.7598670125007629
test_11264,0.4294007420539856
test_11265,0.4990103244781494
test_11266,0.6767110824584961
test_11267,0.4017546474933624
test_11268,0.506426990032196
test_11269,0.6435767412185669
test_11270,0.4178823232650757
test_11271,0.3426368832588196
test_11272,0.21845407783985138
test_11273,0.5937472581863403
test_11274,0.5259436964988708
test_11275,0.5332892537117004
test_11276,0.3967307507991791
test_11277,0.5866575241088867
test_11278,0.35580578446388245
test_11279,0.42764565348625183
test_11280,0.5393666625022888
test_11281,0.29004761576652527
test_11282,0.4591418504714966
test_11283,0.45556211471557617
test_11284,0.5054431557655334
test_11285,0.18865014612674713
test_11286,0.46250078082084656
test_11287,0.3881901800632477
test_11288,0.6245629787445068
test_11289,0.34454211592674255
test_11290,0.5566540360450745
test_11291,0.5311195850372314
test_11292,0.5309348702430725
test_11293,0.2644948661327362
test_11294,0.41484272480010986
test_11295,0.5153265595436096
test_11296,0.46042731404304504
test_11297,0.43867552280426025
test_11298,0.39464718103408813
test_11299,0.5193341374397278
test_11300,0.6134493947029114
test_11301,0.3093704581260681
test_11302,0.4891006350517273
test_11303,0.5104984641075134
test_11304,0.6900873184204102
test_11305,0.07390911877155304
test_11306,0.5689929127693176
test_11307,0.11732441186904907
test_11308,0.43754684925079346
test_11309,0.3333356976509094
test_11310,0.14719295501708984
test_11311,0.6222235560417175
test_11312,0.45912495255470276
test_11313,0.6065352559089661
test_11314,0.3491055369377136
test_11315,0.6452521085739136
test_11316,0.3095475137233734
test_11317,0.32982075214385986
test_11318,0.43808937072753906
test_11319,0.46843838691711426
test_11320,0.41539648175239563
test_11321,0.5072197914123535
test_11322,0.40232741832733154
test_11323,0.3155815303325653
test_11324,0.41183245182037354
test_11325,0.5142446756362915
test_11326,0.4741431474685669
test_11327,0.3755081295967102
test_11328,0.4314122796058655
test_11329,0.6210074424743652
test_11330,0.615938127040863
test_11331,0.30177995562553406
test_11332,0.5226483345031738
test_11333,0.22798165678977966
test_11334,0.0974535197019577
test_11335,0.45052674412727356
test_11336,0.4491344392299652
test_11337,0.2855405807495117
test_11338,0.6048012375831604
test_11339,0.19546473026275635
test_11340,0.6225898265838623
test_11341,0.5560630559921265
test_11342,0.5467203259468079
test_11343,0.4555160105228424
test_11344,0.3348369300365448
test_11345,0.5239102840423584
test_11346,0.49033114314079285
test_11347,0.42925140261650085
test_11348,0.38504713773727417
test_11349,0.4492358863353729
test_11350,0.433199018239975
test_11351,0.39734283089637756
test_11352,0.5521177649497986
test_11353,0.5028853416442871
test_11354,0.5737385749816895
test_11355,0.4777316153049469
test_11356,0.3032383322715759
test_11357,0.21884538233280182
test_11358,0.5614686608314514
test_11359,0.3889690339565277
test_11360,0.18571345508098602
test_11361,0.5207536220550537
test_11362,0.4864523410797119
test_11363,0.5709432363510132
test_11364,0.5474823713302612
test_11365,0.6084833741188049
test_11366,0.5299188494682312
test_11367,0.39929160475730896
test_11368,0.3932192027568817
test_11369,0.1766519546508789
test_11370,0.46351513266563416
test_11371,0.2704421877861023
test_11372,0.4800148010253906
test_11373,0.5832759141921997
test_11374,0.43964335322380066
test_11375,0.6735683083534241
test_11376,0.4605691730976105
test_11377,0.6245322823524475
test_11378,0.4216378331184387
test_11379,0.5336353182792664
test_11380,0.4924570620059967
test_11381,0.4693228304386139
test_11382,0.25704991817474365
test_11383,0.6854444146156311
test_11384,0.3775046467781067
test_11385,0.49596333503723145
test_11386,0.49408403038978577
test_11387,0.4640255868434906
test_11388,0.3865111768245697
test_11389,0.537513017654419
test_11390,0.4166325330734253
test_11391,0.4473278224468231
test_11392,0.46671050786972046
test_11393,0.43289420008659363
test_11394,0.5305161476135254
test_11395,0.2948731780052185
test_11396,0.4015897810459137
test_11397,0.25438186526298523
test_11398,0.297282338142395
test_11399,0.5281729698181152
test_11400,0.5307099223136902
test_11401,0.7083757519721985
test_11402,0.5812159776687622
test_11403,0.5466275811195374
test_11404,0.39959093928337097
test_11405,0.7871602177619934
test_11406,0.3277493417263031
test_11407,0.1359340101480484
test_11408,0.4902009069919586
test_11409,0.5581163167953491
test_11410,0.6271864175796509
test_11411,0.4720459580421448
test_11412,0.3827727735042572
test_11413,0.17053867876529694
test_11414,0.5029897689819336
test_11415,0.6618580222129822
test_11416,0.5246185064315796
test_11417,0.28456026315689087
test_11418,0.3890497088432312
test_11419,0.4701140522956848
test_11420,0.514365553855896
test_11421,0.3600243031978607
test_11422,0.6105129718780518
test_11423,0.5274365544319153
test_11424,0.16622690856456757
test_11425,0.5243940949440002
test_11426,0.3372962772846222
test_11427,0.4736064374446869
test_11428,0.5103123188018799
test_11429,0.5106399655342102
test_11430,0.34183913469314575
test_11431,0.2801675498485565
test_11432,0.34753474593162537
test_11433,0.3192919194698334
test_11434,0.5862743258476257
test_11435,0.48687759041786194
test_11436,0.5196706652641296
test_11437,0.35037359595298767
test_11438,0.2626711130142212
test_11439,0.31744906306266785
test_11440,0.5022431015968323
test_11441,0.519862949848175
test_11442,0.2216683030128479
test_11443,0.6137242317199707
test_11444,0.16630211472511292
test_11445,0.474234014749527
test_11446,0.5239465832710266
test_11447,0.20163173973560333
test_11448,0.6015729308128357
test_11449,0.3611428141593933
test_11450,0.4712756276130676
test_11451,0.5631964802742004
test_11452,0.3883189857006073
test_11453,0.6395303010940552
test_11454,0.5085134506225586
test_11455,0.5276771783828735
test_11456,0.48555469512939453
test_11457,0.44648081064224243
test_11458,0.20723626017570496
test_11459,0.28388556838035583
test_11460,0.5532934665679932
test_11461,0.6263731718063354
test_11462,0.3551901578903198
test_11463,0.5360713601112366
test_11464,0.3997742235660553
test_11465,0.5946241617202759
test_11466,0.32257452607154846
test_11467,0.39241379499435425
test_11468,0.5383224487304688
test_11469,0.5465192198753357
test_11470,0.21041245758533478
test_11471,0.5600003600120544
test_11472,0.5809147953987122
test_11473,0.43487226963043213
test_11474,0.3747383654117584
test_11475,0.19720609486103058
test_11476,0.6120386719703674
test_11477,0.5754201412200928
test_11478,0.29592767357826233
test_11479,0.18756398558616638
test_11480,0.3117750585079193
test_11481,0.24238406121730804
test_11482,0.5703553557395935
test_11483,0.4637230932712555
test_11484,0.4727415144443512
test_11485,0.5518932938575745
test_11486,0.35543015599250793
test_11487,0.33097290992736816
test_11488,0.42996832728385925
test_11489,0.21476072072982788
test_11490,0.46846166253089905
test_11491,0.38099798560142517
test_11492,0.5716994404792786
test_11493,0.3734544515609741
test_11494,0.1264519840478897
test_11495,0.619723379611969
test_11496,0.31710487604141235
test_11497,0.4613301455974579
test_11498,0.14200766384601593
test_11499,0.2858547568321228
test_11500,0.3773423135280609
test_11501,0.3146262466907501
test_11502,0.42950186133384705
test_11503,0.45314836502075195
test_11504,0.6050841212272644
test_11505,0.1613912284374237
test_11506,0.588310718536377
test_11507,0.5757760405540466
test_11508,0.4486860930919647
test_11509,0.4309290647506714
test_11510,0.19158987700939178
test_11511,0.1658085286617279
test_11512,0.7639805674552917
test_11513,0.4317268431186676
test_11514,0.5936066508293152
test_11515,0.7776764035224915
test_11516,0.3952410817146301
test_11517,0.43409860134124756
test_11518,0.4248182773590088
test_11519,0.585326075553894
test_11520,0.4518127143383026
test_11521,0.7032960057258606
test_11522,0.46263647079467773
test_11523,0.38393670320510864
test_11524,0.530590832233429
test_11525,0.37836745381355286
test_11526,0.21815723180770874
test_11527,0.5579697489738464
test_11528,0.42278698086738586
test_11529,0.46754878759384155
test_11530,0.4339021146297455
test_11531,0.4424585998058319
test_11532,0.44574931263923645
test_11533,0.25053516030311584
test_11534,0.5117900371551514
test_11535,0.4944220185279846
test_11536,0.4397163987159729
test_11537,0.44861599802970886
test_11538,0.17968705296516418
test_11539,0.4536755681037903
test_11540,0.669401228427887
test_11541,0.4624616205692291
test_11542,0.21531426906585693
test_11543,0.4214572012424469
test_11544,0.1981741487979889
test_11545,0.4760298728942871
test_11546,0.31073856353759766
test_11547,0.4085133373737335
test_11548,0.5277599096298218
test_11549,0.46396782994270325
test_11550,0.4824522137641907
test_11551,0.4333924949169159
test_11552,0.43568530678749084
test_11553,0.7106058597564697
test_11554,0.5834740996360779
test_11555,0.5069524645805359
test_11556,0.30267345905303955
test_11557,0.39941173791885376
test_11558,0.7221158742904663
test_11559,0.41715672612190247
test_11560,0.6629092693328857
test_11561,0.3932286202907562
test_11562,0.5226627588272095
test_11563,0.3878706395626068
test_11564,0.7388147711753845
test_11565,0.32469817996025085
test_11566,0.5651112198829651
test_11567,0.32941514253616333
test_11568,0.6553458571434021
test_11569,0.5810956358909607
test_11570,0.40794527530670166
test_11571,0.47670266032218933
test_11572,0.28490889072418213
test_11573,0.6340575218200684
test_11574,0.15988387167453766
test_11575,0.2438603788614273
test_11576,0.45732998847961426
test_11577,0.3422650992870331
test_11578,0.386167049407959
test_11579,0.5483903884887695
test_11580,0.4217219650745392
test_11581,0.055906109511852264
test_11582,0.5011531114578247
test_11583,0.28438952565193176
test_11584,0.5702756643295288
test_11585,0.5317961573600769
test_11586,0.4957081973552704
test_11587,0.23419222235679626
test_11588,0.18451759219169617
test_11589,0.35463160276412964
test_11590,0.29205167293548584
test_11591,0.45519229769706726
test_11592,0.4958125650882721
test_11593,0.6060721278190613
test_11594,0.5951524376869202
test_11595,0.5458441376686096
test_11596,0.5078227519989014
test_11597,0.4158616364002228
test_11598,0.5627021789550781
test_11599,0.32725077867507935
test_11600,0.39548105001449585
test_11601,0.40383508801460266
test_11602,0.5787320733070374
test_11603,0.4550909698009491
test_11604,0.4734944701194763
test_11605,0.49929681420326233
test_11606,0.3470812439918518
test_11607,0.5671076774597168
test_11608,0.31396523118019104
test_11609,0.5165189504623413
test_11610,0.5121009945869446
test_11611,0.4159115254878998
test_11612,0.2163160890340805
test_11613,0.7703303098678589
test_11614,0.4795176088809967
test_11615,0.48559990525245667
test_11616,0.7481352090835571
test_11617,0.47602081298828125
test_11618,0.4479955732822418
test_11619,0.4069238305091858
test_11620,0.26567399501800537
test_11621,0.4967842698097229
test_11622,0.16953454911708832
test_11623,0.47940415143966675
test_11624,0.3501816987991333
test_11625,0.6166209578514099
test_11626,0.5215399265289307
test_11627,0.3987041711807251
test_11628,0.4418345093727112
test_11629,0.3426719605922699
test_11630,0.5599855184555054
test_11631,0.5803072452545166
test_11632,0.6357484459877014
test_11633,0.5518890619277954
test_11634,0.3967343270778656
test_11635,0.43935102224349976
test_11636,0.5566842555999756
test_11637,0.43323418498039246
test_11638,0.3067646622657776
test_11639,0.34543439745903015
test_11640,0.5912937521934509
test_11641,0.5071449279785156
test_11642,0.463728129863739
test_11643,0.6322387456893921
test_11644,0.33683860301971436
test_11645,0.6234393119812012
test_11646,0.5378362536430359
test_11647,0.4554734230041504
test_11648,0.33171790838241577
test_11649,0.3884792625904083
test_11650,0.5832220911979675
test_11651,0.7108965516090393
test_11652,0.5666671395301819
test_11653,0.5933540463447571
test_11654,0.5709714293479919
test_11655,0.5664739608764648
test_11656,0.36612579226493835
test_11657,0.4559098482131958
test_11658,0.46462756395339966
test_11659,0.5111143589019775
test_11660,0.2492760568857193
test_11661,0.4121982157230377
test_11662,0.2390173375606537
test_11663,0.30294400453567505
test_11664,0.44931963086128235
test_11665,0.48568475246429443
test_11666,0.38562673330307007
test_11667,0.563319742679596
test_11668,0.42128196358680725
test_11669,0.47293952107429504
test_11670,0.31659701466560364
test_11671,0.38009166717529297
test_11672,0.5491384863853455
test_11673,0.37768760323524475
test_11674,0.5147997140884399
test_11675,0.1935187429189682
test_11676,0.5677099227905273
test_11677,0.564300000667572
test_11678,0.545967698097229
test_11679,0.6527678966522217
test_11680,0.5605146884918213
test_11681,0.3104686141014099
test_11682,0.19776222109794617
test_11683,0.4228875935077667
test_11684,0.44566047191619873
test_11685,0.49777039885520935
test_11686,0.47443947196006775
test_11687,0.19512994587421417
test_11688,0.3265731632709503
test_11689,0.3440062701702118
test_11690,0.6416938304901123
test_11691,0.23256279528141022
test_11692,0.3654164969921112
test_11693,0.5003144145011902
test_11694,0.5181275010108948
test_11695,0.21538618206977844
test_11696,0.2198537141084671
test_11697,0.5186058282852173
test_11698,0.5945561528205872
test_11699,0.4305499494075775
test_11700,0.48038214445114136
test_11701,0.5806120038032532
test_11702,0.5410155057907104
test_11703,0.4890570640563965
test_11704,0.47665470838546753
test_11705,0.47545215487480164
test_11706,0.46413660049438477
test_11707,0.4789094030857086
test_11708,0.4998730719089508
test_11709,0.560651957988739
test_11710,0.5125572681427002
test_11711,0.4254917502403259
test_11712,0.2659115195274353
test_11713,0.40988123416900635
test_11714,0.12718947231769562
test_11715,0.3850838243961334
test_11716,0.44557225704193115
test_11717,0.5532100796699524
test_11718,0.30900439620018005
test_11719,0.26448962092399597
test_11720,0.6700379848480225
test_11721,0.26613128185272217
test_11722,0.5794746279716492
test_11723,0.47778457403182983
test_11724,0.5322949290275574
test_11725,0.5313981175422668
test_11726,0.2860068082809448
test_11727,0.5915547013282776
test_11728,0.3252891004085541
test_11729,0.7281990051269531
test_11730,0.1127709373831749
test_11731,0.5955070853233337
test_11732,0.5627039074897766
test_11733,0.6485577821731567
test_11734,0.2807927131652832
test_11735,0.25434020161628723
test_11736,0.19726037979125977
test_11737,0.45123448967933655
test_11738,0.427624374628067
test_11739,0.08706953376531601
test_11740,0.39659059047698975
test_11741,0.27289894223213196
test_11742,0.11472268402576447
test_11743,0.44223299622535706
test_11744,0.19218209385871887
test_11745,0.3127274215221405
test_11746,0.6593546867370605
test_11747,0.4867284893989563
test_11748,0.47055211663246155
test_11749,0.20897959172725677
test_11750,0.7098796367645264
test_11751,0.46471235156059265
test_11752,0.34257641434669495
test_11753,0.18067407608032227
test_11754,0.5489895343780518
test_11755,0.22263690829277039
test_11756,0.39105015993118286
test_11757,0.5311500430107117
test_11758,0.7330018281936646
test_11759,0.6727439165115356
test_11760,0.3804171681404114
test_11761,0.464254230260849
test_11762,0.6341583132743835
test_11763,0.4921460747718811
test_11764,0.5288512706756592
test_11765,0.29522883892059326
test_11766,0.5013623833656311
test_11767,0.3926447033882141
test_11768,0.47500288486480713
test_11769,0.39309823513031006
test_11770,0.5441217422485352
test_11771,0.5948269963264465
test_11772,0.5179008841514587
test_11773,0.36215001344680786
test_11774,0.4220774173736572
test_11775,0.7068212628364563
test_11776,0.327842652797699
test_11777,0.40055742859840393
test_11778,0.3730904161930084
test_11779,0.47345587611198425
test_11780,0.3986603617668152
test_11781,0.4369311034679413
test_11782,0.5692367553710938
test_11783,0.2720891237258911
test_11784,0.23481710255146027
test_11785,0.4039379358291626
test_11786,0.4900662899017334
test_11787,0.4056015908718109
test_11788,0.35968711972236633
test_11789,0.5975226759910583
test_11790,0.4604859948158264
test_11791,0.4745532274246216
test_11792,0.32292094826698303
test_11793,0.5091322064399719
test_11794,0.5445248484611511
test_11795,0.24494265019893646
test_11796,0.43946751952171326
test_11797,0.19022893905639648
test_11798,0.6242805123329163
test_11799,0.614347517490387
test_11800,0.49377167224884033
test_11801,0.7080092430114746
test_11802,0.24396197497844696
test_11803,0.41695067286491394
test_11804,0.4647727906703949
test_11805,0.43505388498306274
test_11806,0.33132874965667725
test_11807,0.32042986154556274
test_11808,0.6269101500511169
test_11809,0.4666561484336853
test_11810,0.37672263383865356
test_11811,0.442351371049881
test_11812,0.5485538840293884
test_11813,0.3877330422401428
test_11814,0.6527593731880188
test_11815,0.5624780654907227
test_11816,0.4451720416545868
test_11817,0.3792862892150879
test_11818,0.19194117188453674
test_11819,0.43508538603782654
test_11820,0.4386516213417053
test_11821,0.31358376145362854
test_11822,0.7258144617080688
test_11823,0.3974645733833313
test_11824,0.40512707829475403
test_11825,0.5868611931800842
test_11826,0.4628937244415283
test_11827,0.5176673531532288
test_11828,0.4571119546890259
test_11829,0.46694910526275635
test_11830,0.3796795606613159
test_11831,0.6314741969108582
test_11832,0.2730025351047516
test_11833,0.5220076441764832
test_11834,0.5521436333656311
test_11835,0.5733469128608704
test_11836,0.3574836850166321
test_11837,0.641800045967102
test_11838,0.25323569774627686
test_11839,0.5182538628578186
test_11840,0.5442886352539062
test_11841,0.5206707119941711
test_11842,0.5718585252761841
test_11843,0.5264014601707458
test_11844,0.31564557552337646
test_11845,0.26763036847114563
test_11846,0.3232302963733673
test_11847,0.640047013759613
test_11848,0.6145642995834351
test_11849,0.2913398742675781
test_11850,0.6691564321517944
test_11851,0.6162341237068176
test_11852,0.5263457298278809
test_11853,0.5037057399749756
test_11854,0.46032220125198364
test_11855,0.27009332180023193
test_11856,0.4801441431045532
test_11857,0.2513680160045624
test_11858,0.6603403091430664
test_11859,0.3689334988594055
test_11860,0.6019663214683533
test_11861,0.5260003209114075
test_11862,0.34304600954055786
test_11863,0.4326208233833313
test_11864,0.5686922073364258
test_11865,0.2800891101360321
test_11866,0.45238637924194336
test_11867,0.6295676827430725
test_11868,0.37180134654045105
test_11869,0.39472606778144836
test_11870,0.5350379347801208
test_11871,0.40493276715278625
test_11872,0.5252450704574585
test_11873,0.18432928621768951
test_11874,0.42053598165512085
test_11875,0.4272811710834503
test_11876,0.3888378143310547
test_11877,0.5282789468765259
test_11878,0.49017438292503357
test_11879,0.6391938924789429
test_11880,0.43753403425216675
test_11881,0.41391080617904663
test_11882,0.48288628458976746
test_11883,0.7018595337867737
test_11884,0.5121047496795654
test_11885,0.6015852093696594
test_11886,0.47585898637771606
test_11887,0.7443353533744812
test_11888,0.30809512734413147
test_11889,0.3781057894229889
test_11890,0.5631130337715149
test_11891,0.11305200308561325
test_11892,0.38564687967300415
test_11893,0.2951663136482239
test_11894,0.5674132704734802
test_11895,0.47753971815109253
test_11896,0.5302835702896118
test_11897,0.6533145308494568
test_11898,0.4547080993652344
test_11899,0.35195186734199524
test_11900,0.46259036660194397
test_11901,0.4378372132778168
test_11902,0.4632588028907776
test_11903,0.40227073431015015
test_11904,0.5117701888084412
test_11905,0.4749542772769928
test_11906,0.4233749508857727
test_11907,0.6639637351036072
test_11908,0.39675724506378174
test_11909,0.5022062063217163
test_11910,0.405659556388855
test_11911,0.09089594334363937
test_11912,0.400405615568161
test_11913,0.2969117760658264
test_11914,0.23376335203647614
test_11915,0.5010740756988525
test_11916,0.39401915669441223
test_11917,0.3509841859340668
test_11918,0.3941109776496887
test_11919,0.5607589483261108
test_11920,0.20299921929836273
test_11921,0.4369320571422577
test_11922,0.3916119933128357
test_11923,0.5250194668769836
test_11924,0.5630289912223816
test_11925,0.5168663263320923
test_11926,0.40513840317726135
test_11927,0.5038000345230103
test_11928,0.4668993055820465
test_11929,0.4774094223976135
test_11930,0.3954862356185913
test_11931,0.3578872084617615
test_11932,0.399476021528244
test_11933,0.41366907954216003
test_11934,0.5157773494720459
test_11935,0.4956801235675812
test_11936,0.37214162945747375
test_11937,0.2632691562175751
test_11938,0.40527158975601196
test_11939,0.19886305928230286
test_11940,0.5120144486427307
test_11941,0.43731236457824707
test_11942,0.4215695261955261
test_11943,0.40416616201400757
test_11944,0.41920721530914307
test_11945,0.27305373549461365
test_11946,0.5146188139915466
test_11947,0.5590424537658691
test_11948,0.4328395128250122
test_11949,0.3541429936885834
test_11950,0.44464778900146484
test_11951,0.22075249254703522
test_11952,0.358428031206131
test_11953,0.6806390881538391
test_11954,0.44333070516586304
test_11955,0.7083578109741211
test_11956,0.45950594544410706
test_11957,0.4741276502609253
test_11958,0.45759502053260803
test_11959,0.12935926020145416
test_11960,0.3108729124069214
test_11961,0.18324188888072968
test_11962,0.3357503414154053
test_11963,0.30371931195259094
test_11964,0.5733168125152588
test_11965,0.2907066345214844
test_11966,0.4336378872394562
test_11967,0.2227534055709839
test_11968,0.200337216258049
test_11969,0.3839925229549408
test_11970,0.7067257761955261
test_11971,0.5254344940185547
test_11972,0.733944296836853
test_11973,0.3476676940917969
test_11974,0.18873605132102966
test_11975,0.4014780819416046
test_11976,0.3373555541038513
test_11977,0.4373241364955902
test_11978,0.4352172017097473
test_11979,0.1987152397632599
test_11980,0.5183306932449341
test_11981,0.5124767422676086
test_11982,0.5940388441085815
test_11983,0.49649620056152344
test_11984,0.2601071298122406
test_11985,0.6382125020027161
test_11986,0.43758922815322876
test_11987,0.4428894519805908
test_11988,0.469858318567276
test_11989,0.4568817615509033
test_11990,0.4761330783367157
test_11991,0.44711023569107056
test_11992,0.590050220489502
test_11993,0.5108899474143982
test_11994,0.5325961709022522
test_11995,0.4505659341812134
test_11996,0.3155817985534668
test_11997,0.5350438356399536
test_11998,0.2805604636669159
test_11999,0.3330564796924591
test_12000,0.6158921718597412
test_12001,0.4380911588668823
test_12002,0.13654913008213043
test_12003,0.17936110496520996
test_12004,0.5550258755683899
test_12005,0.4301316440105438
test_12006,0.37214452028274536
test_12007,0.2322860211133957
test_12008,0.25064465403556824
test_12009,0.14766515791416168
test_12010,0.4712240397930145
test_12011,0.3464714288711548
test_12012,0.3326133191585541
test_12013,0.4091406762599945
test_12014,0.2580697536468506
test_12015,0.419861763715744
test_12016,0.3120529353618622
test_12017,0.3721354007720947
test_12018,0.13961465656757355
test_12019,0.48633822798728943
test_12020,0.6024659276008606
test_12021,0.5438504815101624
test_12022,0.7642847895622253
test_12023,0.5922278165817261
test_12024,0.44796305894851685
test_12025,0.40115490555763245
test_12026,0.5341307520866394
test_12027,0.36219650506973267
test_12028,0.14823362231254578
test_12029,0.5795822739601135
test_12030,0.7244669795036316
test_12031,0.4050634503364563
test_12032,0.47247791290283203
test_12033,0.6442033052444458
test_12034,0.5756154656410217
test_12035,0.8398394584655762
test_12036,0.4152643084526062
test_12037,0.43711283802986145
test_12038,0.2767268717288971
test_12039,0.20165209472179413
test_12040,0.4808640480041504
test_12041,0.6427403092384338
test_12042,0.553693950176239
test_12043,0.36222317814826965
test_12044,0.34767380356788635
test_12045,0.7437277436256409
test_12046,0.6519782543182373
test_12047,0.27619776129722595
test_12048,0.4353484809398651
test_12049,0.47816187143325806
test_12050,0.6485397219657898
test_12051,0.519882321357727
test_12052,0.4787638485431671
test_12053,0.18467381596565247
test_12054,0.503313422203064
test_12055,0.2608538269996643
test_12056,0.30570679903030396
test_12057,0.30949634313583374
test_12058,0.4667961001396179
test_12059,0.4979589879512787
test_12060,0.6565921306610107
test_12061,0.3148322105407715
test_12062,0.1658400148153305
test_12063,0.25307729840278625
test_12064,0.444032222032547
test_12065,0.21198107302188873
test_12066,0.6425622701644897
test_12067,0.2415580302476883
test_12068,0.4134865403175354
test_12069,0.3646921217441559
test_12070,0.3001604974269867
test_12071,0.4441961944103241
test_12072,0.40359628200531006
test_12073,0.5818427801132202
test_12074,0.4313693344593048
test_12075,0.4131399989128113
test_12076,0.3316638767719269
test_12077,0.19315014779567719
test_12078,0.7325814962387085
test_12079,0.515244722366333
test_12080,0.332020103931427
test_12081,0.509236752986908
test_12082,0.393542617559433
test_12083,0.5394815802574158
test_12084,0.45003560185432434
test_12085,0.3940081298351288
test_12086,0.6707852482795715
test_12087,0.4027145206928253
test_12088,0.6363736391067505
test_12089,0.5571597218513489
test_12090,0.6976910829544067
test_12091,0.5100875496864319
test_12092,0.5387364625930786
test_12093,0.5139694213867188
test_12094,0.4465250074863434
test_12095,0.6343134045600891
test_12096,0.42062151432037354
test_12097,0.33244842290878296
test_12098,0.4735249876976013
test_12099,0.5391852259635925
test_12100,0.29412880539894104
test_12101,0.5379896759986877
test_12102,0.5668464303016663
test_12103,0.5098280906677246
test_12104,0.5809329748153687
test_12105,0.29292261600494385
test_12106,0.5533992052078247
test_12107,0.42372897267341614
test_12108,0.44957736134529114
test_12109,0.5778644680976868
test_12110,0.5814090967178345
test_12111,0.353444367647171
test_12112,0.43595990538597107
test_12113,0.30244511365890503
test_12114,0.5470173358917236
test_12115,0.4400809407234192
test_12116,0.5259304642677307
test_12117,0.6058061122894287
test_12118,0.203202486038208
test_12119,0.5967368483543396
test_12120,0.3786843419075012
test_12121,0.544318675994873
test_12122,0.4267091155052185
test_12123,0.5158693790435791
test_12124,0.7620312571525574
test_12125,0.506011962890625
test_12126,0.41351696848869324
test_12127,0.38135597109794617
test_12128,0.33828404545783997
test_12129,0.2562822699546814
test_12130,0.2963392436504364
test_12131,0.08176305890083313
test_12132,0.4468934237957001
test_12133,0.4355292022228241
test_12134,0.6551673412322998
test_12135,0.4391119182109833
test_12136,0.5073981881141663
test_12137,0.432296484708786
test_12138,0.6968725919723511
test_12139,0.5272321105003357
test_12140,0.4639315605163574
test_12141,0.4642670750617981
test_12142,0.3400159180164337
test_12143,0.5056670904159546
test_12144,0.40995538234710693
test_12145,0.15938355028629303
test_12146,0.3927259147167206
test_12147,0.5055931806564331
test_12148,0.6581577658653259
test_12149,0.48237159848213196
test_12150,0.43041422963142395
test_12151,0.7065669298171997
test_12152,0.36829131841659546
test_12153,0.4742140769958496
test_12154,0.654995858669281
test_12155,0.7339951395988464
test_12156,0.4726264476776123
test_12157,0.47187188267707825
test_12158,0.5061427354812622
test_12159,0.4445692002773285
test_12160,0.14292700588703156
test_12161,0.35161450505256653
test_12162,0.6831626892089844
test_12163,0.4382758140563965
test_12164,0.3984443247318268
test_12165,0.4804910719394684
test_12166,0.4091796278953552
test_12167,0.5391683578491211
test_12168,0.507712721824646
test_12169,0.4646751582622528
test_12170,0.4389006793498993
test_12171,0.33519458770751953
test_12172,0.46616441011428833
test_12173,0.411504328250885
test_12174,0.35624960064888
test_12175,0.3912353217601776
test_12176,0.53049635887146
test_12177,0.46623146533966064
test_12178,0.4018726348876953
test_12179,0.5517802238464355
test_12180,0.28945934772491455
test_12181,0.5236858129501343
test_12182,0.2728893756866455
test_12183,0.4028518497943878
test_12184,0.3755878210067749
test_12185,0.4563334584236145
test_12186,0.6377119421958923
test_12187,0.45894768834114075
test_12188,0.4016540050506592
test_12189,0.5666058659553528
test_12190,0.4757656753063202
test_12191,0.4844668209552765
test_12192,0.29460784792900085
test_12193,0.46870487928390503
test_12194,0.3419308662414551
test_12195,0.5182144641876221
test_12196,0.34251272678375244
test_12197,0.5309484004974365
test_12198,0.677102267742157
test_12199,0.43984371423721313
test_12200,0.3773385286331177
test_12201,0.342191219329834
test_12202,0.37279462814331055
test_12203,0.5955888628959656
test_12204,0.21633945405483246
test_12205,0.5613828301429749
test_12206,0.40315860509872437
test_12207,0.5782378911972046
test_12208,0.323103129863739
test_12209,0.4110874533653259
test_12210,0.6858435869216919
test_12211,0.15495319664478302
test_12212,0.5627697110176086
test_12213,0.3685555160045624
test_12214,0.2797885835170746
test_12215,0.41161394119262695
test_12216,0.13056468963623047
test_12217,0.585875391960144
test_12218,0.46965292096138
test_12219,0.4924119710922241
test_12220,0.614841639995575
test_12221,0.29686716198921204
test_12222,0.3008051812648773
test_12223,0.5246449708938599
test_12224,0.6078287363052368
test_12225,0.29666322469711304
test_12226,0.20986373722553253
test_12227,0.19336248934268951
test_12228,0.4782899022102356
test_12229,0.23373442888259888
test_12230,0.39894816279411316
test_12231,0.48959463834762573
test_12232,0.38924330472946167
test_12233,0.3906002640724182
test_12234,0.4194638431072235
test_12235,0.41604045033454895
test_12236,0.5607645511627197
test_12237,0.49742069840431213
test_12238,0.3857184648513794
test_12239,0.4882805347442627
test_12240,0.34893661737442017
test_12241,0.16167765855789185
test_12242,0.18921825289726257
test_12243,0.4678940176963806
test_12244,0.3571987450122833
test_12245,0.4426552951335907
test_12246,0.5140675902366638
test_12247,0.4129538834095001
test_12248,0.5179486274719238
test_12249,0.6215312480926514
test_12250,0.2497902512550354
test_12251,0.15397509932518005
test_12252,0.46702730655670166
test_12253,0.5352970361709595
test_12254,0.426464319229126
test_12255,0.5229852199554443
test_12256,0.23294107615947723
test_12257,0.2965206801891327
test_12258,0.5133221745491028
test_12259,0.5524727702140808
test_12260,0.485496461391449
test_12261,0.44021889567375183
test_12262,0.7367616891860962
test_12263,0.37944844365119934
test_12264,0.2795342206954956
test_12265,0.4120561182498932
test_12266,0.6094313263893127
test_12267,0.30419859290122986
test_12268,0.5294660925865173
test_12269,0.5022093653678894
test_12270,0.19464173913002014
test_12271,0.19019180536270142
test_12272,0.13118429481983185
test_12273,0.1928095817565918
test_12274,0.33275362849235535
test_12275,0.584369421005249
test_12276,0.46569934487342834
test_12277,0.5142074823379517
test_12278,0.32325661182403564
test_12279,0.4560612440109253
test_12280,0.3155902922153473
test_12281,0.38878437876701355
test_12282,0.44059452414512634
test_12283,0.4165055453777313
test_12284,0.41368821263313293
test_12285,0.27526336908340454
test_12286,0.711046576499939
test_12287,0.6500336527824402
test_12288,0.6987719535827637
test_12289,0.3567466139793396
test_12290,0.2809511125087738
test_12291,0.5081028342247009
test_12292,0.45265284180641174
test_12293,0.20284730195999146
test_12294,0.7205795645713806
test_12295,0.3310239017009735
test_12296,0.43156835436820984
test_12297,0.3219367563724518
test_12298,0.4018925428390503
test_12299,0.47365519404411316
test_12300,0.37351128458976746
test_12301,0.3182688057422638
test_12302,0.27655112743377686
test_12303,0.40811508893966675
test_12304,0.5457918047904968
test_12305,0.5095051527023315
test_12306,0.5856753587722778
test_12307,0.605718731880188
test_12308,0.6084486246109009
test_12309,0.4947327971458435
test_12310,0.2223718911409378
test_12311,0.5333301424980164
test_12312,0.4997289478778839
test_12313,0.3992501497268677
test_12314,0.3778206408023834
test_12315,0.48828911781311035
test_12316,0.382106751203537
test_12317,0.3959796130657196
test_12318,0.49324801564216614
test_12319,0.5071927309036255
test_12320,0.5646367073059082
test_12321,0.3947323262691498
test_12322,0.5469688773155212
test_12323,0.5351654291152954
test_12324,0.30084165930747986
test_12325,0.5066767930984497
test_12326,0.7333083748817444
test_12327,0.5236629843711853
test_12328,0.5555886626243591
test_12329,0.39265111088752747
test_12330,0.4716774523258209
test_12331,0.502474308013916
test_12332,0.20806197822093964
test_12333,0.20233051478862762
test_12334,0.5008106231689453
test_12335,0.457075297832489
test_12336,0.526417076587677
test_12337,0.5237705111503601
test_12338,0.27538633346557617
test_12339,0.24703282117843628
test_12340,0.4058803617954254
test_12341,0.4822973906993866
test_12342,0.5871656537055969
test_12343,0.42111122608184814
test_12344,0.5855454802513123
test_12345,0.4817187488079071
test_12346,0.416765034198761
test_12347,0.49671274423599243
test_12348,0.7239569425582886
test_12349,0.3721691370010376
test_12350,0.3665950894355774
test_12351,0.21483413875102997
test_12352,0.5453012585639954
test_12353,0.2175648808479309
test_12354,0.5902953147888184
test_12355,0.2700558602809906
test_12356,0.29785051941871643
test_12357,0.5137546062469482
test_12358,0.36166372895240784
test_12359,0.48943954706192017
test_12360,0.36722347140312195
test_12361,0.2244754433631897
test_12362,0.5518166422843933
test_12363,0.493245005607605
test_12364,0.7406042814254761
test_12365,0.4284397065639496
test_12366,0.5347633957862854
test_12367,0.28400251269340515
test_12368,0.27462226152420044
test_12369,0.33796972036361694
test_12370,0.6182507872581482
test_12371,0.4185996353626251
test_12372,0.5773886442184448
test_12373,0.16462233662605286
test_12374,0.28725042939186096
test_12375,0.6561135649681091
test_12376,0.37544432282447815
test_12377,0.5170543193817139
test_12378,0.2842161953449249
test_12379,0.4696013927459717
test_12380,0.3129971921443939
test_12381,0.6967822909355164
test_12382,0.08442141115665436
test_12383,0.22585804760456085
test_12384,0.44095751643180847
test_12385,0.4955226480960846
test_12386,0.45505088567733765
test_12387,0.4728686809539795
test_12388,0.462560772895813
test_12389,0.5482536554336548
test_12390,0.48356685042381287
test_12391,0.3827076554298401
test_12392,0.5256595611572266
test_12393,0.5361635088920593
test_12394,0.30987080931663513
test_12395,0.589565098285675
test_12396,0.4915987253189087
test_12397,0.5036935806274414
test_12398,0.15914499759674072
test_12399,0.4704439342021942
test_12400,0.4078369438648224
test_12401,0.7632325887680054
test_12402,0.4743480384349823
test_12403,0.24722906947135925
test_12404,0.492919921875
test_12405,0.5591375231742859
test_12406,0.3760516345500946
test_12407,0.4327142536640167
test_12408,0.496454656124115
test_12409,0.15396586060523987
test_12410,0.3266105651855469
test_12411,0.2654266357421875
test_12412,0.2649308443069458
test_12413,0.3708714246749878
test_12414,0.5258803963661194
test_12415,0.5273361802101135
test_12416,0.37512680888175964
test_12417,0.45278400182724
test_12418,0.291408896446228
test_12419,0.4681258201599121
test_12420,0.5788424015045166
test_12421,0.39404499530792236
test_12422,0.48789095878601074
test_12423,0.4734090566635132
test_12424,0.46058163046836853
test_12425,0.4119415581226349
test_12426,0.5719276070594788
test_12427,0.6607328653335571
test_12428,0.4635787606239319
test_12429,0.5214930176734924
test_12430,0.6090125441551208
test_12431,0.44146543741226196
test_12432,0.5067294239997864
test_12433,0.5848028659820557
test_12434,0.46447381377220154
test_12435,0.2952055335044861
test_12436,0.4021962881088257
test_12437,0.28501811623573303
test_12438,0.32981279492378235
test_12439,0.5098722577095032
test_12440,0.5986071228981018
test_12441,0.38204121589660645
test_12442,0.2510645091533661
test_12443,0.4889923930168152
test_12444,0.5162283778190613
test_12445,0.46295225620269775
test_12446,0.2981015145778656
test_12447,0.40085548162460327
test_12448,0.7041476964950562
test_12449,0.49433454871177673
test_12450,0.5282768607139587
test_12451,0.6815852522850037
test_12452,0.42634811997413635
test_12453,0.3515208065509796
test_12454,0.47953471541404724
test_12455,0.57167649269104
test_12456,0.5402843356132507
test_12457,0.5246766805648804
test_12458,0.33894774317741394
test_12459,0.2545342743396759
test_12460,0.4592234790325165
test_12461,0.38150325417518616
test_12462,0.451095849275589
test_12463,0.4886409044265747
test_12464,0.4679945111274719
test_12465,0.41564106941223145
test_12466,0.23071187734603882
test_12467,0.4994170367717743
test_12468,0.2477586716413498
test_12469,0.4789620339870453
test_12470,0.4188165068626404
test_12471,0.4711446464061737
test_12472,0.3632657527923584
test_12473,0.4184081554412842
test_12474,0.3469151556491852
test_12475,0.5187982320785522
test_12476,0.2175409346818924
test_12477,0.4921363592147827
test_12478,0.4788147807121277
test_12479,0.3611566722393036
test_12480,0.364795058965683
test_12481,0.508129894733429
test_12482,0.4367242753505707
test_12483,0.3948049247264862
test_12484,0.4157041907310486
test_12485,0.23484860360622406
test_12486,0.36516985297203064
test_12487,0.2837170362472534
test_12488,0.5321229696273804
test_12489,0.6081209778785706
test_12490,0.5508552193641663
test_12491,0.5302090644836426
test_12492,0.4635356366634369
test_12493,0.6784877777099609
test_12494,0.4859868884086609
test_12495,0.40329286456108093
test_12496,0.38884788751602173
test_12497,0.7656021118164062
test_12498,0.4919600188732147
test_12499,0.612806499004364
test_12500,0.49391064047813416
test_12501,0.5236184000968933
test_12502,0.5204415917396545
test_12503,0.6358562707901001
test_12504,0.5909224152565002
test_12505,0.4485663175582886
test_12506,0.5108473896980286
test_12507,0.4774905741214752
test_12508,0.5061162710189819
test_12509,0.25318217277526855
test_12510,0.5474783778190613
test_12511,0.22537967562675476
test_12512,0.4176955819129944
test_12513,0.5357098579406738
test_12514,0.34635189175605774
test_12515,0.47673606872558594
test_12516,0.7731541395187378
test_12517,0.39835160970687866
test_12518,0.603488028049469
test_12519,0.2613551616668701
test_12520,0.39299270510673523
test_12521,0.6831436157226562
test_12522,0.7473917007446289
test_12523,0.49386435747146606
test_12524,0.5592593550682068
test_12525,0.2821544408798218
test_12526,0.4825129210948944
test_12527,0.5160737037658691
test_12528,0.4991549253463745
test_12529,0.4394270181655884
test_12530,0.4214658737182617
test_12531,0.2321443408727646
test_12532,0.5039412379264832
test_12533,0.40734604001045227
test_12534,0.269700825214386
test_12535,0.4787914454936981
test_12536,0.2127755880355835
test_12537,0.5348344445228577
test_12538,0.25749102234840393
test_12539,0.6006471514701843
test_12540,0.6859588027000427
test_12541,0.4224565923213959
test_12542,0.4442780315876007
test_12543,0.5030476450920105
test_12544,0.48544493317604065
test_12545,0.5146194696426392
test_12546,0.268567830324173
test_12547,0.48206523060798645
test_12548,0.7208587527275085
test_12549,0.5865504145622253
test_12550,0.501156747341156
test_12551,0.5188413262367249
test_12552,0.37586721777915955
test_12553,0.288187175989151
test_12554,0.37059086561203003
test_12555,0.4051797389984131
test_12556,0.5317293405532837
test_12557,0.5848090052604675
test_12558,0.534921407699585
test_12559,0.33798709511756897
test_12560,0.3834311366081238
test_12561,0.4603443443775177
test_12562,0.46537119150161743
test_12563,0.2930178940296173
test_12564,0.24597109854221344
test_12565,0.6641234159469604
test_12566,0.6933107376098633
test_12567,0.5797152519226074
test_12568,0.5578848123550415
test_12569,0.4116355776786804
test_12570,0.44904962182044983
test_12571,0.10433308780193329
test_12572,0.43823370337486267
test_12573,0.4744948148727417
test_12574,0.26887744665145874
test_12575,0.4951417148113251
test_12576,0.4942206144332886
test_12577,0.47879844903945923
test_12578,0.23640422523021698
test_12579,0.5579925179481506
test_12580,0.39657363295555115
test_12581,0.5019254088401794
test_12582,0.4750992953777313
test_12583,0.6317194700241089
test_12584,0.5897411704063416
test_12585,0.4881199598312378
test_12586,0.39371785521507263
test_12587,0.5280588865280151
test_12588,0.4120095372200012
test_12589,0.48938027024269104
test_12590,0.4938466250896454
test_12591,0.6009442210197449
test_12592,0.5412570238113403
test_12593,0.5672813057899475
test_12594,0.4607676565647125
test_12595,0.24718976020812988
test_12596,0.12256713956594467
test_12597,0.4258463680744171
test_12598,0.49779167771339417
test_12599,0.34147512912750244
test_12600,0.5424239039421082
test_12601,0.555793821811676
test_12602,0.5624346733093262
test_12603,0.4012361168861389
test_12604,0.4761600196361542
test_12605,0.21703235805034637
test_12606,0.818576455116272
test_12607,0.2948794364929199
test_12608,0.40934890508651733
test_12609,0.5216712951660156
test_12610,0.5863690972328186
test_12611,0.2678806185722351
test_12612,0.41692423820495605
test_12613,0.4755634367465973
test_12614,0.5804830193519592
test_12615,0.21105024218559265
test_12616,0.5762692093849182
test_12617,0.24136470258235931
test_12618,0.6016563773155212
test_12619,0.5830268859863281
test_12620,0.4027840495109558
test_12621,0.3939444124698639
test_12622,0.5000014305114746
test_12623,0.510175347328186
test_12624,0.37932753562927246
test_12625,0.4609014391899109
test_12626,0.5274764895439148
test_12627,0.19448231160640717
test_12628,0.3631093204021454
test_12629,0.37652119994163513
test_12630,0.21960948407649994
test_12631,0.4185182750225067
test_12632,0.40371623635292053
test_12633,0.5565799474716187
test_12634,0.5359258055686951
test_12635,0.7375333309173584
test_12636,0.24780969321727753
test_12637,0.30284833908081055
test_12638,0.43204423785209656
test_12639,0.43908748030662537
test_12640,0.39834943413734436
test_12641,0.385891854763031
test_12642,0.3469226062297821
test_12643,0.28186601400375366
test_12644,0.2819882035255432
test_12645,0.5395479798316956
test_12646,0.3909364640712738
test_12647,0.454471230506897
test_12648,0.4829939603805542
test_12649,0.43841248750686646
test_12650,0.48874351382255554
test_12651,0.2579714059829712
test_12652,0.2520290017127991
test_12653,0.3983239233493805
test_12654,0.45348384976387024
test_12655,0.3398803472518921
test_12656,0.5191594958305359
test_12657,0.5455203056335449
test_12658,0.4085395038127899
test_12659,0.29283520579338074
test_12660,0.3442721962928772
test_12661,0.5418464541435242
test_12662,0.5483488440513611
test_12663,0.5842565894126892
test_12664,0.10928964614868164
test_12665,0.5100576281547546
test_12666,0.4899281859397888
test_12667,0.462801069021225
test_12668,0.2773912847042084
test_12669,0.44017335772514343
test_12670,0.4277787506580353
test_12671,0.45102715492248535
test_12672,0.4973285496234894
test_12673,0.46977001428604126
test_12674,0.47381192445755005
test_12675,0.42076995968818665
test_12676,0.46323251724243164
test_12677,0.43823739886283875
test_12678,0.20548424124717712
test_12679,0.554842472076416
test_12680,0.5538987517356873
test_12681,0.4746609926223755
test_12682,0.4461553692817688
test_12683,0.6020114421844482
test_12684,0.41983604431152344
test_12685,0.43492981791496277
test_12686,0.655617356300354
test_12687,0.5778318047523499
test_12688,0.41344577074050903
test_12689,0.5576034784317017
test_12690,0.31949755549430847
test_12691,0.5059599876403809
test_12692,0.4671144187450409
test_12693,0.6084964275360107
test_12694,0.48922351002693176
test_12695,0.5613821744918823
test_12696,0.21568168699741364
test_12697,0.3198654055595398
test_12698,0.24266517162322998
test_12699,0.3169585168361664
test_12700,0.3956439197063446
test_12701,0.5165669918060303
test_12702,0.35095536708831787
test_12703,0.41760745644569397
test_12704,0.2570517361164093
test_12705,0.5567280054092407
test_12706,0.47736406326293945
test_12707,0.4932599663734436
test_12708,0.5234913229942322
test_12709,0.5616147518157959
test_12710,0.32267770171165466
test_12711,0.45085886120796204
test_12712,0.5074225664138794
test_12713,0.6880953907966614
test_12714,0.3356279730796814
test_12715,0.39775049686431885
test_12716,0.4463251531124115
test_12717,0.33168137073516846
test_12718,0.6387426853179932
test_12719,0.3704298734664917
test_12720,0.6430750489234924
test_12721,0.36047932505607605
test_12722,0.3144219219684601
test_12723,0.330653578042984
test_12724,0.6613033413887024
test_12725,0.11939140409231186
test_12726,0.3280295133590698
test_12727,0.3376304507255554
test_12728,0.59794020652771
test_12729,0.4550333023071289
test_12730,0.5803906321525574
test_12731,0.4817677140235901
test_12732,0.5085160136222839
test_12733,0.24200327694416046
test_12734,0.307096004486084
test_12735,0.150098979473114
test_12736,0.3851536512374878
test_12737,0.3649575114250183
test_12738,0.613775372505188
test_12739,0.43085017800331116
test_12740,0.6881564855575562
test_12741,0.2682648003101349
test_12742,0.48623010516166687
test_12743,0.31048300862312317
test_12744,0.19207076728343964
test_12745,0.530135989189148
test_12746,0.5077927112579346
test_12747,0.2831968069076538
test_12748,0.5541868209838867
test_12749,0.27149897813796997
test_12750,0.30277130007743835
test_12751,0.7478645443916321
test_12752,0.6874209642410278
test_12753,0.61927729845047
test_12754,0.325641930103302
test_12755,0.6101043820381165
test_12756,0.3298580050468445
test_12757,0.47215181589126587
test_12758,0.3022739887237549
test_12759,0.461865097284317
test_12760,0.3765760362148285
test_12761,0.4846232235431671
test_12762,0.5005512833595276
test_12763,0.38196685910224915
test_12764,0.5549215078353882
test_12765,0.33924600481987
test_12766,0.3916994035243988
test_12767,0.46095314621925354
test_12768,0.5939621925354004
test_12769,0.37956616282463074
test_12770,0.5024282932281494
test_12771,0.46959012746810913
test_12772,0.4434663653373718
test_12773,0.21582765877246857
test_12774,0.32723239064216614
test_12775,0.5401862859725952
test_12776,0.5543142557144165
test_12777,0.3770003914833069
test_12778,0.40714654326438904
test_12779,0.2964392602443695
test_12780,0.12220245599746704
test_12781,0.4872012734413147
test_12782,0.4979248642921448
test_12783,0.5258862972259521
test_12784,0.5388363599777222
test_12785,0.6731194257736206
test_12786,0.3085959255695343
test_12787,0.6073077321052551
test_12788,0.5096290707588196
test_12789,0.18319030106067657
test_12790,0.4972137212753296
test_12791,0.4483155608177185
test_12792,0.4708038568496704
test_12793,0.5828577876091003
test_12794,0.5607902407646179
test_12795,0.5946444869041443
test_12796,0.6207670569419861
test_12797,0.48618268966674805
test_12798,0.5088141560554504
test_12799,0.6411010026931763
test_12800,0.3778998553752899
test_12801,0.4383857250213623
test_12802,0.2051641196012497
test_12803,0.5256072878837585
test_12804,0.36574727296829224
test_12805,0.13276340067386627
test_12806,0.6127375364303589
test_12807,0.5923008918762207
test_12808,0.29953327775001526
test_12809,0.4499055743217468
test_12810,0.3934400677680969
test_12811,0.5099512338638306
test_12812,0.5310935378074646
test_12813,0.5445970296859741
test_12814,0.431734561920166
test_12815,0.577298641204834
test_12816,0.6658453941345215
test_12817,0.47927480936050415
test_12818,0.1504337638616562
test_12819,0.46833088994026184
test_12820,0.4392900764942169
test_12821,0.4700150787830353
test_12822,0.6069745421409607
test_12823,0.47314414381980896
test_12824,0.5145238041877747
test_12825,0.2899942994117737
test_12826,0.4391425549983978
test_12827,0.4778115153312683
test_12828,0.35398831963539124
test_12829,0.44878479838371277
test_12830,0.3753572404384613
test_12831,0.38835468888282776
test_12832,0.4137408137321472
test_12833,0.560008704662323
test_12834,0.2508111894130707
test_12835,0.5103012323379517
test_12836,0.41644036769866943
test_12837,0.3874402344226837
test_12838,0.44030123949050903
test_12839,0.5109075903892517
test_12840,0.4121083915233612
test_12841,0.4113621115684509
test_12842,0.7112825512886047
test_12843,0.6182480454444885
test_12844,0.40530285239219666
test_12845,0.4620612859725952
test_12846,0.2589259445667267
test_12847,0.47683796286582947
test_12848,0.3528377115726471
test_12849,0.39449596405029297
test_12850,0.4123989939689636
test_12851,0.4225612282752991
test_12852,0.4140336513519287
test_12853,0.4485894441604614
test_12854,0.4024645984172821
test_12855,0.5043771862983704
test_12856,0.5115600228309631
test_12857,0.3703945279121399
test_12858,0.4394928216934204
test_12859,0.6352052688598633
test_12860,0.4578438699245453
test_12861,0.20294107496738434
test_12862,0.6428172588348389
test_12863,0.5381879210472107
test_12864,0.3615017235279083
test_12865,0.4464254677295685
test_12866,0.548934817314148
test_12867,0.1989031285047531
test_12868,0.36953821778297424
test_12869,0.35460707545280457
test_12870,0.5450558662414551
test_12871,0.4162471890449524
test_12872,0.46030840277671814
test_12873,0.8426924347877502
test_12874,0.45232632756233215
test_12875,0.5838439464569092
test_12876,0.2773391604423523
test_12877,0.4399471580982208
test_12878,0.35670655965805054
test_12879,0.5408082008361816
test_12880,0.5374215841293335
test_12881,0.3981117308139801
test_12882,0.6557139754295349
test_12883,0.6101142168045044
test_12884,0.4898473918437958
test_12885,0.5207199454307556
test_12886,0.20838312804698944
test_12887,0.46443432569503784
test_12888,0.45835161209106445
test_12889,0.39305078983306885
test_12890,0.44864317774772644
test_12891,0.5912085175514221
test_12892,0.24016906321048737
test_12893,0.3023063540458679
test_12894,0.4715225100517273
test_12895,0.16224606335163116
test_12896,0.5463904738426208
test_12897,0.4259946048259735
test_12898,0.5766837000846863
test_12899,0.5075411200523376
test_12900,0.43288663029670715
test_12901,0.414945513010025
test_12902,0.3848063051700592
test_12903,0.5890780687332153
test_12904,0.3612099289894104
test_12905,0.5679123997688293
test_12906,0.5630002617835999
test_12907,0.5460837483406067
test_12908,0.5153568387031555
test_12909,0.4769660532474518
test_12910,0.21176867187023163
test_12911,0.4374670684337616
test_12912,0.4633723795413971
test_12913,0.524756133556366
test_12914,0.30157387256622314
test_12915,0.62237548828125
test_12916,0.43602386116981506
test_12917,0.5854442119598389
test_12918,0.5900518298149109
test_12919,0.41242584586143494
test_12920,0.5205406546592712
test_12921,0.5115043520927429
test_12922,0.5170643329620361
test_12923,0.4945768415927887
test_12924,0.5933644771575928
test_12925,0.5101546049118042
test_12926,0.3557337820529938
test_12927,0.4053290784358978
test_12928,0.5521298050880432
test_12929,0.3991832733154297
test_12930,0.49293220043182373
test_12931,0.45305830240249634
test_12932,0.5972774624824524
test_12933,0.4848371744155884
test_12934,0.14293642342090607
test_12935,0.39843544363975525
test_12936,0.4872421324253082
test_12937,0.5718311667442322
test_12938,0.4672926068305969
test_12939,0.27336812019348145
test_12940,0.47930508852005005
test_12941,0.44070014357566833
test_12942,0.324552983045578
test_12943,0.34987592697143555
test_12944,0.23522545397281647
test_12945,0.32003867626190186
test_12946,0.41275039315223694
test_12947,0.40362414717674255
test_12948,0.24954262375831604
test_12949,0.4884578585624695
test_12950,0.5430958867073059
test_12951,0.2867415249347687
test_12952,0.812766969203949
test_12953,0.49182388186454773
test_12954,0.36942076683044434
test_12955,0.3468278646469116
test_12956,0.4402647018432617
test_12957,0.2532070279121399
test_12958,0.49567797780036926
test_12959,0.5890215635299683
test_12960,0.36648887395858765
test_12961,0.4856587052345276
test_12962,0.37365537881851196
test_12963,0.7937613725662231
test_12964,0.5979712009429932
test_12965,0.40114930272102356
test_12966,0.08869367837905884
test_12967,0.4985814392566681
test_12968,0.4644395112991333
test_12969,0.3883031904697418
test_12970,0.26294970512390137
test_12971,0.3735160231590271
test_12972,0.3689331114292145
test_12973,0.344228595495224
test_12974,0.6203383803367615
test_12975,0.2740049362182617
test_12976,0.5461757183074951
test_12977,0.5068031549453735
test_12978,0.47837287187576294
test_12979,0.4779183268547058
test_12980,0.42690369486808777
test_12981,0.5815991163253784
test_12982,0.6246595978736877
test_12983,0.628542959690094
test_12984,0.6127685904502869
test_12985,0.38405439257621765
test_12986,0.5383720397949219
test_12987,0.4010149836540222
test_12988,0.4695347249507904
test_12989,0.6088274121284485
test_12990,0.24180465936660767
test_12991,0.522153913974762
test_12992,0.7082388997077942
test_12993,0.407524049282074
test_12994,0.38735508918762207
test_12995,0.4140359163284302
test_12996,0.38282063603401184
test_12997,0.30382588505744934
test_12998,0.4535568952560425
test_12999,0.33610743284225464
test_13000,0.3222910463809967
test_13001,0.3750162422657013
test_13002,0.4229224622249603
test_13003,0.47464630007743835
test_13004,0.44784441590309143
test_13005,0.23569922149181366
test_13006,0.1742958277463913
test_13007,0.5552976131439209
test_13008,0.5125526785850525
test_13009,0.42776182293891907
test_13010,0.5640766024589539
test_13011,0.43266206979751587
test_13012,0.511149525642395
test_13013,0.39075353741645813
test_13014,0.38080623745918274
test_13015,0.7780689597129822
test_13016,0.49649348855018616
test_13017,0.5504182577133179
test_13018,0.6531318426132202
test_13019,0.5278431177139282
test_13020,0.42803946137428284
test_13021,0.4997144043445587
test_13022,0.618269145488739
test_13023,0.5260948538780212
test_13024,0.5593687295913696
test_13025,0.5249931812286377
test_13026,0.5250252485275269
test_13027,0.6414250135421753
test_13028,0.3858305811882019
test_13029,0.26167625188827515
test_13030,0.4277031123638153
test_13031,0.2900780737400055
test_13032,0.3422718048095703
test_13033,0.5111262202262878
test_13034,0.5688428282737732
test_13035,0.29859745502471924
test_13036,0.1706620752811432
test_13037,0.5104285478591919
test_13038,0.4011155068874359
test_13039,0.48757654428482056
test_13040,0.24191564321517944
test_13041,0.3692125678062439
test_13042,0.31596001982688904
test_13043,0.4660887122154236
test_13044,0.17035819590091705
test_13045,0.38852861523628235
test_13046,0.4570014476776123
test_13047,0.38850364089012146
test_13048,0.26315638422966003
test_13049,0.6319760680198669
test_13050,0.46579116582870483
test_13051,0.18699151277542114
test_13052,0.5633551478385925
test_13053,0.34258463978767395
test_13054,0.37767258286476135
test_13055,0.4810580909252167
test_13056,0.39383620023727417
test_13057,0.5664634108543396
test_13058,0.5001377463340759
test_13059,0.5228999257087708
test_13060,0.6325838565826416
test_13061,0.33859968185424805
test_13062,0.5426040887832642
test_13063,0.3197537064552307
test_13064,0.6396936178207397
test_13065,0.6573396325111389
test_13066,0.36663496494293213
test_13067,0.7464719414710999
test_13068,0.43604162335395813
test_13069,0.36716428399086
test_13070,0.39881646633148193
test_13071,0.39079147577285767
test_13072,0.4639047682285309
test_13073,0.6190215945243835
test_13074,0.49572038650512695
test_13075,0.2635388970375061
test_13076,0.3365391194820404
test_13077,0.31029966473579407
test_13078,0.6462053656578064
test_13079,0.6417404413223267
test_13080,0.6010355949401855
test_13081,0.334900826215744
test_13082,0.6207178235054016
test_13083,0.3233353793621063
test_13084,0.5328240990638733
test_13085,0.48201870918273926
test_13086,0.4620574712753296
test_13087,0.5765191316604614
test_13088,0.2480095624923706
test_13089,0.5747316479682922
test_13090,0.5876888036727905
test_13091,0.4033108651638031
test_13092,0.38145288825035095
test_13093,0.40201541781425476
test_13094,0.17665159702301025
test_13095,0.49063819646835327
test_13096,0.34911757707595825
test_13097,0.31416505575180054
test_13098,0.43387946486473083
test_13099,0.6354055404663086
test_13100,0.5342457890510559
test_13101,0.3709319531917572
test_13102,0.6748908162117004
test_13103,0.48863714933395386
test_13104,0.3788989782333374
test_13105,0.33098104596138
test_13106,0.3799729347229004
test_13107,0.3494347631931305
test_13108,0.6422027945518494
test_13109,0.685196578502655
test_13110,0.5249032378196716
test_13111,0.2800981402397156
test_13112,0.802946150302887
test_13113,0.3124094605445862
test_13114,0.4971117079257965
test_13115,0.4982439875602722
test_13116,0.5109837651252747
test_13117,0.4886154234409332
test_13118,0.3338528275489807
test_13119,0.5210926532745361
test_13120,0.7142382264137268
test_13121,0.5429911017417908
test_13122,0.3509378135204315
test_13123,0.4217942953109741
test_13124,0.5123755931854248
test_13125,0.47920796275138855
test_13126,0.7338188290596008
test_13127,0.5422555208206177
test_13128,0.5628014802932739
test_13129,0.5021167397499084
test_13130,0.37676557898521423
test_13131,0.43963873386383057
test_13132,0.14631953835487366
test_13133,0.4240812659263611
test_13134,0.49675461649894714
test_13135,0.3359082043170929
test_13136,0.30892157554626465
test_13137,0.6866713166236877
test_13138,0.4132436513900757
test_13139,0.33419913053512573
test_13140,0.3470470607280731
test_13141,0.5080408453941345
test_13142,0.577913761138916
test_13143,0.5011841058731079
test_13144,0.6293323636054993
test_13145,0.5262585282325745
test_13146,0.05704939737915993
test_13147,0.366064190864563
test_13148,0.5838293433189392
test_13149,0.5289787650108337
test_13150,0.3291477560997009
test_13151,0.5963271260261536
test_13152,0.539800226688385
test_13153,0.48979246616363525
test_13154,0.3527272641658783
test_13155,0.4948567748069763
test_13156,0.68977290391922
test_13157,0.49939242005348206
test_13158,0.4935091435909271
test_13159,0.5609033107757568
test_13160,0.6571629047393799
test_13161,0.3175976276397705
test_13162,0.4851435422897339
test_13163,0.4663126468658447
test_13164,0.6624628305435181
test_13165,0.28073132038116455
test_13166,0.43570005893707275
test_13167,0.514241099357605
test_13168,0.43390053510665894
test_13169,0.4230198860168457
test_13170,0.3020763695240021
test_13171,0.5217251777648926
test_13172,0.4801662862300873
test_13173,0.12149779498577118
test_13174,0.5129203200340271
test_13175,0.352835088968277
test_13176,0.44072434306144714
test_13177,0.23495522141456604
test_13178,0.4710683524608612
test_13179,0.3476415276527405
test_13180,0.570279598236084
test_13181,0.5736470818519592
test_13182,0.4428865611553192
test_13183,0.33445656299591064
test_13184,0.43350428342819214
test_13185,0.6226038336753845
test_13186,0.5619905591011047
test_13187,0.3274024724960327
test_13188,0.21766364574432373
test_13189,0.20602551102638245
test_13190,0.5369126796722412
test_13191,0.5604144334793091
test_13192,0.23097221553325653
test_13193,0.4819510579109192
test_13194,0.5239192843437195
test_13195,0.5179892778396606
test_13196,0.6217539310455322
test_13197,0.4886332154273987
test_13198,0.4033012390136719
test_13199,0.5171083211898804
test_13200,0.5386677980422974
test_13201,0.6487159132957458
test_13202,0.4350147545337677
test_13203,0.34754353761672974
test_13204,0.4774424135684967
test_13205,0.4674513041973114
test_13206,0.4520204961299896
test_13207,0.4850062429904938
test_13208,0.4786769151687622
test_13209,0.6258508563041687
test_13210,0.45514538884162903
test_13211,0.3016497492790222
test_13212,0.48708289861679077
test_13213,0.5714751482009888
test_13214,0.6695255637168884
test_13215,0.4878576993942261
test_13216,0.45063847303390503
test_13217,0.5008528828620911
test_13218,0.4447878301143646
test_13219,0.527510941028595
test_13220,0.4803026020526886
test_13221,0.5225476026535034
test_13222,0.10436860471963882
test_13223,0.11653869599103928
test_13224,0.2606063783168793
test_13225,0.599364697933197
test_13226,0.5027062892913818
test_13227,0.40011560916900635
test_13228,0.42522624135017395
test_13229,0.2860715985298157
test_13230,0.5440253615379333
test_13231,0.3128504753112793
test_13232,0.5673518776893616
test_13233,0.44426479935646057
test_13234,0.5823250412940979
test_13235,0.4047658145427704
test_13236,0.14907604455947876
test_13237,0.49932214617729187
test_13238,0.6169887185096741
test_13239,0.349372535943985
test_13240,0.3377676010131836
test_13241,0.47333455085754395
test_13242,0.5631507635116577
test_13243,0.47346678376197815
test_13244,0.12993311882019043
test_13245,0.521673321723938
test_13246,0.4455144703388214
test_13247,0.652279794216156
test_13248,0.40340641140937805
test_13249,0.44502541422843933
test_13250,0.31380611658096313
test_13251,0.450602650642395
test_13252,0.33099713921546936
test_13253,0.2124374806880951
test_13254,0.5241481065750122
test_13255,0.503446102142334
test_13256,0.5363190174102783
test_13257,0.41254428029060364
test_13258,0.5511667728424072
test_13259,0.34951266646385193
test_13260,0.3072819411754608
test_13261,0.5640258193016052
test_13262,0.5398353934288025
test_13263,0.36852535605430603
test_13264,0.5315312147140503
test_13265,0.266713410615921
test_13266,0.2426845282316208
test_13267,0.3180753290653229
test_13268,0.5467920899391174
test_13269,0.5260390043258667
test_13270,0.5846017599105835
test_13271,0.3325478732585907
test_13272,0.5280543565750122
test_13273,0.6014373898506165
test_13274,0.5557610392570496
test_13275,0.46972644329071045
test_13276,0.5188536643981934
test_13277,0.7203303575515747
test_13278,0.18041497468948364
test_13279,0.4347945749759674
test_13280,0.5070724487304688
test_13281,0.7306322455406189
test_13282,0.553453266620636
test_13283,0.32714101672172546
test_13284,0.22860023379325867
test_13285,0.4783027768135071
test_13286,0.3417319059371948
test_13287,0.560775637626648
test_13288,0.568605899810791
test_13289,0.47775235772132874
test_13290,0.3514808714389801
test_13291,0.4578230679035187
test_13292,0.4796780049800873
test_13293,0.5519866347312927
test_13294,0.37999558448791504
test_13295,0.35613924264907837
test_13296,0.6033859252929688
test_13297,0.1856013685464859
test_13298,0.5109729170799255
test_13299,0.6066254377365112
test_13300,0.5888514518737793
test_13301,0.3681687116622925
test_13302,0.7023754715919495
test_13303,0.5175895094871521
test_13304,0.3895988166332245
test_13305,0.3771541118621826
test_13306,0.3666740655899048
test_13307,0.4107574224472046
test_13308,0.10419774800539017
test_13309,0.5785958170890808
test_13310,0.7340253591537476
test_13311,0.42436328530311584
test_13312,0.6797052025794983
test_13313,0.7235544323921204
test_13314,0.44370895624160767
test_13315,0.5290184617042542
test_13316,0.5148980617523193
test_13317,0.37704816460609436
test_13318,0.6748466491699219
test_13319,0.4452518820762634
test_13320,0.4831259250640869
test_13321,0.3608632981777191
test_13322,0.2737169563770294
test_13323,0.5465406775474548
test_13324,0.3673160970211029
test_13325,0.531378984451294
test_13326,0.2850080728530884
test_13327,0.33617472648620605
test_13328,0.4973881244659424
test_13329,0.5307239294052124
test_13330,0.35306262969970703
test_13331,0.40129953622817993
test_13332,0.549491822719574
test_13333,0.5262345671653748
test_13334,0.45561152696609497
test_13335,0.5657991766929626
test_13336,0.42737266421318054
test_13337,0.4355507493019104
test_13338,0.4064907431602478
test_13339,0.6179289817810059
test_13340,0.3944745361804962
test_13341,0.49415504932403564
test_13342,0.321453332901001
test_13343,0.6123148202896118
test_13344,0.47468194365501404
test_13345,0.3471849858760834
test_13346,0.49222633242607117
test_13347,0.5103543400764465
test_13348,0.3036160469055176
test_13349,0.33531689643859863
test_13350,0.24562855064868927
test_13351,0.33326026797294617
test_13352,0.4376687705516815
test_13353,0.3537769019603729
test_13354,0.36124715209007263
test_13355,0.2860296964645386
test_13356,0.5551268458366394
test_13357,0.23526141047477722
test_13358,0.49730226397514343
test_13359,0.5180940628051758
test_13360,0.3830384612083435
test_13361,0.5342143774032593
test_13362,0.41975313425064087
test_13363,0.5078854560852051
test_13364,0.5339768528938293
test_13365,0.4952470362186432
test_13366,0.3976389169692993
test_13367,0.5507040023803711
test_13368,0.5255440473556519
test_13369,0.46889540553092957
test_13370,0.4077109098434448
test_13371,0.43956756591796875
test_13372,0.4761594235897064
test_13373,0.5888495445251465
test_13374,0.6187215447425842
test_13375,0.4598575830459595
test_13376,0.2760144770145416
test_13377,0.515306293964386
test_13378,0.3468899428844452
test_13379,0.7127749919891357
test_13380,0.123819999396801
test_13381,0.5063663721084595
test_13382,0.5906898975372314
test_13383,0.39643293619155884
test_13384,0.49737662076950073
test_13385,0.5757777690887451
test_13386,0.3654400110244751
test_13387,0.6033073663711548
test_13388,0.5399969220161438
test_13389,0.44871237874031067
test_13390,0.11492915451526642
test_13391,0.4710145890712738
test_13392,0.5198113322257996
test_13393,0.38393160700798035
test_13394,0.4705820083618164
test_13395,0.5834976434707642
test_13396,0.37092238664627075
test_13397,0.47361722588539124
test_13398,0.6667685508728027
test_13399,0.32992494106292725
test_13400,0.4120404124259949
test_13401,0.1772150844335556
test_13402,0.5677869915962219
test_13403,0.6317467093467712
test_13404,0.4567328691482544
test_13405,0.3159894049167633
test_13406,0.278435081243515
test_13407,0.33652082085609436
test_13408,0.3575839698314667
test_13409,0.5370533466339111
test_13410,0.3755563199520111
test_13411,0.36398953199386597
test_13412,0.6393604874610901
test_13413,0.5642889142036438
test_13414,0.46736109256744385
test_13415,0.35226133465766907
test_13416,0.8375114798545837
test_13417,0.6172206997871399
test_13418,0.09166625887155533
test_13419,0.4983564019203186
test_13420,0.3336710035800934
test_13421,0.3153984844684601
test_13422,0.4557052552700043
test_13423,0.3041646182537079
test_13424,0.2444402575492859
test_13425,0.23899026215076447
test_13426,0.5170708298683167
test_13427,0.5419849157333374
test_13428,0.39577001333236694
test_13429,0.38994330167770386
test_13430,0.46544864773750305
test_13431,0.35264286398887634
test_13432,0.5068292021751404
test_13433,0.41738155484199524
test_13434,0.46448424458503723
test_13435,0.6158167123794556
test_13436,0.4586794078350067
test_13437,0.20305408537387848
test_13438,0.49036937952041626
test_13439,0.4608945846557617
test_13440,0.45373931527137756
test_13441,0.24381037056446075
test_13442,0.506576418876648
test_13443,0.40823590755462646
test_13444,0.39805418252944946
test_13445,0.2431616485118866
test_13446,0.4260110855102539
test_13447,0.4483173191547394
test_13448,0.2544000446796417
test_13449,0.14998844265937805
test_13450,0.21844391524791718
test_13451,0.5486047863960266
test_13452,0.1777142435312271
test_13453,0.6614354848861694
test_13454,0.7367663979530334
test_13455,0.5735952258110046
test_13456,0.5365185141563416
test_13457,0.2955572307109833
test_13458,0.5211348533630371
test_13459,0.5433419346809387
test_13460,0.5556027293205261
test_13461,0.2524656653404236
test_13462,0.3767107129096985
test_13463,0.34133461117744446
test_13464,0.5091688632965088
test_13465,0.26333919167518616
test_13466,0.2632419466972351
test_13467,0.4532807767391205
test_13468,0.532019853591919
test_13469,0.487138569355011
test_13470,0.3173120617866516
test_13471,0.4444286823272705
test_13472,0.5869774222373962
test_13473,0.4508587121963501
test_13474,0.4822724163532257
test_13475,0.4777335822582245
test_13476,0.17610719799995422
test_13477,0.4041629135608673
test_13478,0.4337512254714966
test_13479,0.3324996531009674
test_13480,0.4917251169681549
test_13481,0.42944544553756714
test_13482,0.46488508582115173
test_13483,0.4135953187942505
test_13484,0.4394935369491577
test_13485,0.3941534161567688
test_13486,0.6048746109008789
test_13487,0.6032326817512512
test_13488,0.5398889780044556
test_13489,0.2235492616891861
test_13490,0.1199440136551857
test_13491,0.3557228446006775
test_13492,0.5052943229675293
test_13493,0.281046062707901
test_13494,0.43887418508529663
test_13495,0.3814548850059509
test_13496,0.43214336037635803
test_13497,0.5003365278244019
test_13498,0.39266809821128845
test_13499,0.2961979806423187
test_13500,0.4800972044467926
test_13501,0.49227944016456604
test_13502,0.646045446395874
test_13503,0.45467084646224976
test_13504,0.40981847047805786
test_13505,0.6043067574501038
test_13506,0.5319203734397888
test_13507,0.4609207212924957
test_13508,0.46385520696640015
test_13509,0.3915374279022217
test_13510,0.31775331497192383
test_13511,0.23655939102172852
test_13512,0.5457148551940918
test_13513,0.6187493801116943
test_13514,0.2916417121887207
test_13515,0.4376138746738434
test_13516,0.44568347930908203
test_13517,0.4910440742969513
test_13518,0.32139939069747925
test_13519,0.45991647243499756
test_13520,0.4002275764942169
test_13521,0.4984034299850464
test_13522,0.3460988998413086
test_13523,0.44509729743003845
test_13524,0.38600218296051025
test_13525,0.5666720271110535
test_13526,0.4316413998603821
test_13527,0.3377969264984131
test_13528,0.5120174884796143
test_13529,0.4670143127441406
test_13530,0.43149131536483765
test_13531,0.3162861466407776
test_13532,0.3503565788269043
test_13533,0.5353944897651672
test_13534,0.38232606649398804
test_13535,0.17983722686767578
test_13536,0.7206774950027466
test_13537,0.05200128257274628
test_13538,0.28065231442451477
test_13539,0.41815170645713806
test_13540,0.5119603872299194
test_13541,0.3950255513191223
test_13542,0.3491004705429077
test_13543,0.4115668535232544
test_13544,0.2564747631549835
test_13545,0.5632750988006592
test_13546,0.48678842186927795
test_13547,0.34353604912757874
test_13548,0.41585636138916016
test_13549,0.43666741251945496
test_13550,0.37209558486938477
test_13551,0.534446656703949
test_13552,0.46322518587112427
test_13553,0.4180605411529541
test_13554,0.6468393802642822
test_13555,0.3980744183063507
test_13556,0.5238236784934998
test_13557,0.5608662366867065
test_13558,0.5645216703414917
test_13559,0.25204041600227356
test_13560,0.4097333252429962
test_13561,0.18552453815937042
test_13562,0.6465495228767395
test_13563,0.47253480553627014
test_13564,0.5198553204536438
test_13565,0.3534562289714813
test_13566,0.6095158457756042
test_13567,0.3534824550151825
test_13568,0.3036246597766876
test_13569,0.10182666033506393
test_13570,0.5465991497039795
test_13571,0.6100018620491028
test_13572,0.5197179913520813
test_13573,0.5463249683380127
test_13574,0.4087945520877838
test_13575,0.5807845592498779
test_13576,0.5027034878730774
test_13577,0.5091433525085449
test_13578,0.23498880863189697
test_13579,0.445831835269928
test_13580,0.3566646873950958
test_13581,0.422763466835022
test_13582,0.42182493209838867
test_13583,0.4107704162597656
test_13584,0.22278207540512085
test_13585,0.4433552622795105
test_13586,0.5214575529098511
test_13587,0.6425983905792236
test_13588,0.472882479429245
test_13589,0.4129306972026825
test_13590,0.5017439126968384
test_13591,0.6328397393226624
test_13592,0.4014318883419037
test_13593,0.5154007077217102
test_13594,0.33768680691719055
test_13595,0.2743568420410156
test_13596,0.2216963768005371
test_13597,0.5600395798683167
test_13598,0.32713252305984497
test_13599,0.23569168150424957
test_13600,0.5005266666412354
test_13601,0.5310561060905457
test_13602,0.4360944330692291
test_13603,0.6120107173919678
test_13604,0.5916998386383057
test_13605,0.6748915314674377
test_13606,0.48713043332099915
test_13607,0.1539108008146286
test_13608,0.28390172123908997
test_13609,0.42242828011512756
test_13610,0.4754827916622162
test_13611,0.5906646251678467
test_13612,0.5407204031944275
test_13613,0.38878127932548523
test_13614,0.6256832480430603
test_13615,0.2936757504940033
test_13616,0.4711976945400238
test_13617,0.39038142561912537
test_13618,0.18411582708358765
test_13619,0.40462157130241394
test_13620,0.32971909642219543
test_13621,0.33509358763694763
test_13622,0.2780512273311615
test_13623,0.37237799167633057
test_13624,0.2577313482761383
test_13625,0.49169063568115234
test_13626,0.6123306155204773
test_13627,0.7358812689781189
test_13628,0.6063631176948547
test_13629,0.5452479124069214
test_13630,0.6255804300308228
test_13631,0.21269947290420532
test_13632,0.5163207650184631
test_13633,0.17796102166175842
test_13634,0.5704464912414551
test_13635,0.25504717230796814
test_13636,0.4989713728427887
test_13637,0.49186521768569946
test_13638,0.5872180461883545
test_13639,0.34413498640060425
test_13640,0.2026774287223816
test_13641,0.4975723326206207
test_13642,0.5338844656944275
test_13643,0.46816033124923706
test_13644,0.3067706823348999
test_13645,0.33404481410980225
test_13646,0.5519607067108154
test_13647,0.1908625066280365
test_13648,0.58982253074646
test_13649,0.5115264654159546
test_13650,0.271171510219574
test_13651,0.5811323523521423
test_13652,0.5129395127296448
test_13653,0.30897414684295654
test_13654,0.3542903959751129
test_13655,0.6846407651901245
test_13656,0.6931142210960388
test_13657,0.70325767993927
test_13658,0.5973849296569824
test_13659,0.4887063801288605
test_13660,0.6124498248100281
test_13661,0.14753732085227966
test_13662,0.6141807436943054
test_13663,0.5087478756904602
test_13664,0.4539894759654999
test_13665,0.4035584330558777
test_13666,0.22437956929206848
test_13667,0.6300540566444397
test_13668,0.3497726023197174
test_13669,0.5446223616600037
test_13670,0.6130987405776978
test_13671,0.45717066526412964
test_13672,0.47943416237831116
test_13673,0.1718893200159073
test_13674,0.34169360995292664
test_13675,0.21535278856754303
test_13676,0.373197078704834
test_13677,0.24518951773643494
test_13678,0.3453195095062256
test_13679,0.5209896564483643
test_13680,0.5388317108154297
test_13681,0.5299292802810669
test_13682,0.39150387048721313
test_13683,0.5940191149711609
test_13684,0.47937631607055664
test_13685,0.3612557053565979
test_13686,0.6124324798583984
test_13687,0.4371744692325592
test_13688,0.5008305907249451
test_13689,0.5652062296867371
test_13690,0.443117618560791
test_13691,0.3736986517906189
test_13692,0.3428877294063568
test_13693,0.5871492028236389
test_13694,0.5686764121055603
test_13695,0.3285544812679291
test_13696,0.6613337993621826
test_13697,0.11962858587503433
test_13698,0.3844842314720154
test_13699,0.3488941192626953
test_13700,0.5469134449958801
test_13701,0.37862178683280945
test_13702,0.479133278131485
test_13703,0.3844420909881592
test_13704,0.49668216705322266
test_13705,0.45790159702301025
test_13706,0.4289610683917999
test_13707,0.5130696296691895
test_13708,0.4901089072227478
test_13709,0.38002651929855347
test_13710,0.46839457750320435
test_13711,0.38902121782302856
test_13712,0.3980703353881836
test_13713,0.2708103060722351
test_13714,0.3803114891052246
test_13715,0.5127831101417542
test_13716,0.205118790268898
test_13717,0.5513989925384521
test_13718,0.29070526361465454
test_13719,0.7311789989471436
test_13720,0.6980032920837402
test_13721,0.7317019104957581
test_13722,0.5082297921180725
test_13723,0.7955437898635864
test_13724,0.6498836278915405
test_13725,0.4169794023036957
test_13726,0.5417312979698181
test_13727,0.39625149965286255
test_13728,0.4907013475894928
test_13729,0.4752863943576813
test_13730,0.4496454894542694
test_13731,0.46571052074432373
test_13732,0.4757389724254608
test_13733,0.3544040024280548
test_13734,0.4192540645599365
test_13735,0.49995744228363037
test_13736,0.4634341597557068
test_13737,0.2838136553764343
test_13738,0.34305694699287415
test_13739,0.492292195558548
test_13740,0.41761451959609985
test_13741,0.5202386379241943
test_13742,0.3381083011627197
test_13743,0.514543890953064
test_13744,0.2397748976945877
test_13745,0.46249863505363464
test_13746,0.39317724108695984
test_13747,0.5025240182876587
test_13748,0.5015842318534851
test_13749,0.5273154973983765
test_13750,0.4774385094642639
test_13751,0.8107324242591858
test_13752,0.503252387046814
test_13753,0.5993072390556335
test_13754,0.48219212889671326
test_13755,0.46379005908966064
test_13756,0.44465872645378113
test_13757,0.22569940984249115
test_13758,0.4842202365398407
test_13759,0.5223252177238464
test_13760,0.5223816633224487
test_13761,0.5559653043746948
test_13762,0.4841788709163666
test_13763,0.4545024335384369
test_13764,0.4583023190498352
test_13765,0.5250434875488281
test_13766,0.47778788208961487
test_13767,0.5586093068122864
test_13768,0.4698302149772644
test_13769,0.47746795415878296
test_13770,0.4592053294181824
test_13771,0.3592909872531891
test_13772,0.5968257784843445
test_13773,0.43595200777053833
test_13774,0.4426761269569397
test_13775,0.3381999731063843
test_13776,0.6073177456855774
test_13777,0.39565181732177734
test_13778,0.4706166386604309
test_13779,0.262808233499527
test_13780,0.13321489095687866
test_13781,0.6078203916549683
test_13782,0.35143139958381653
test_13783,0.506721019744873
test_13784,0.3286226689815521
test_13785,0.44468632340431213
test_13786,0.5861010551452637
test_13787,0.3252626657485962
test_13788,0.6585677266120911
test_13789,0.268643319606781
test_13790,0.2117306888103485
test_13791,0.6781843900680542
test_13792,0.43459224700927734
test_13793,0.33658352494239807
test_13794,0.3461741805076599
test_13795,0.42495885491371155
test_13796,0.48821479082107544
test_13797,0.435921847820282
test_13798,0.5337406396865845
test_13799,0.08297429978847504
test_13800,0.46584412455558777
test_13801,0.48317599296569824
test_13802,0.5145539045333862
test_13803,0.6194726824760437
test_13804,0.5242462158203125
test_13805,0.29822206497192383
test_13806,0.5453090667724609
test_13807,0.412532776594162
test_13808,0.33695679903030396
test_13809,0.8469389081001282
test_13810,0.4828598201274872
test_13811,0.4776192903518677
test_13812,0.38549238443374634
test_13813,0.5036643743515015
test_13814,0.5211825370788574
test_13815,0.49181896448135376
test_13816,0.4369157552719116
test_13817,0.3190869688987732
test_13818,0.4461624324321747
test_13819,0.358928918838501
test_13820,0.15932755172252655
test_13821,0.4569755494594574
test_13822,0.5939650535583496
test_13823,0.4533386826515198
test_13824,0.376575231552124
test_13825,0.601631760597229
test_13826,0.5538913011550903
test_13827,0.2964880168437958
test_13828,0.5406488180160522
test_13829,0.5563786625862122
test_13830,0.14373809099197388
test_13831,0.5212214589118958
test_13832,0.30827197432518005
test_13833,0.5099102258682251
test_13834,0.32890668511390686
test_13835,0.47959062457084656
test_13836,0.42224815487861633
test_13837,0.48254457116127014
test_13838,0.3671456277370453
test_13839,0.5958810448646545
test_13840,0.44096899032592773
test_13841,0.4437907934188843
test_13842,0.4866880178451538
test_13843,0.4240093231201172
test_13844,0.19427327811717987
test_13845,0.3283255100250244
test_13846,0.27437981963157654
test_13847,0.3224329352378845
test_13848,0.4135637581348419
test_13849,0.3617902100086212
test_13850,0.39969316124916077
test_13851,0.40850159525871277
test_13852,0.626278281211853
test_13853,0.49609845876693726
test_13854,0.42040565609931946
test_13855,0.545497477054596
test_13856,0.4689137041568756
test_13857,0.5871654748916626
test_13858,0.5067563056945801
test_13859,0.28697967529296875
test_13860,0.5989212393760681
test_13861,0.41281017661094666
test_13862,0.4253423511981964
test_13863,0.2582683265209198
test_13864,0.2132221758365631
test_13865,0.4031510055065155
test_13866,0.5427870750427246
test_13867,0.6967554092407227
test_13868,0.5220897793769836
test_13869,0.2591762840747833
test_13870,0.2907359004020691
test_13871,0.5546839237213135
test_13872,0.5729126334190369
test_13873,0.45675456523895264
test_13874,0.5939412713050842
test_13875,0.6718437075614929
test_13876,0.4820021986961365
test_13877,0.5549142956733704
test_13878,0.41347256302833557
test_13879,0.2080804854631424
test_13880,0.3556326627731323
test_13881,0.7136600017547607
test_13882,0.27796411514282227
test_13883,0.6341161131858826
test_13884,0.6898635625839233
test_13885,0.4389799237251282
test_13886,0.27978119254112244
test_13887,0.4425443708896637
test_13888,0.6025207042694092
test_13889,0.4370686411857605
test_13890,0.2908965051174164
test_13891,0.35161304473876953
test_13892,0.33035463094711304
test_13893,0.541404128074646
test_13894,0.3138599991798401
test_13895,0.5485613346099854
test_13896,0.16984403133392334
test_13897,0.5111143589019775
test_13898,0.43828707933425903
test_13899,0.5520434975624084
test_13900,0.2193339318037033
test_13901,0.5169485211372375
test_13902,0.643707275390625
test_13903,0.3183900713920593
test_13904,0.5135411024093628
test_13905,0.31593555212020874
test_13906,0.4333551526069641
test_13907,0.3500974476337433
test_13908,0.6863338947296143
test_13909,0.5285608172416687
test_13910,0.4812333285808563
test_13911,0.4675740599632263
test_13912,0.425870418548584
test_13913,0.5492414236068726
test_13914,0.2388789802789688
test_13915,0.32736936211586
test_13916,0.2600814700126648
test_13917,0.5063362717628479
test_13918,0.5400112271308899
test_13919,0.5781146883964539
test_13920,0.14166994392871857
test_13921,0.34304386377334595
test_13922,0.5481039881706238
test_13923,0.4152463674545288
test_13924,0.47503581643104553
test_13925,0.5889928936958313
test_13926,0.5825642347335815
test_13927,0.4777563214302063
test_13928,0.6416938304901123
test_13929,0.25413939356803894
test_13930,0.6290898323059082
test_13931,0.3333907723426819
test_13932,0.4458678662776947
test_13933,0.46849870681762695
test_13934,0.40645018219947815
test_13935,0.17466242611408234
test_13936,0.18206243216991425
test_13937,0.29934412240982056
test_13938,0.4199361205101013
test_13939,0.4828895330429077
test_13940,0.5760799646377563
test_13941,0.5908294916152954
test_13942,0.6405705213546753
test_13943,0.6246281266212463
test_13944,0.27160122990608215
test_13945,0.537261962890625
test_13946,0.3874189555644989
test_13947,0.6574902534484863
test_13948,0.505565881729126
test_13949,0.4171619713306427
test_13950,0.3177753984928131
test_13951,0.3044287860393524
test_13952,0.1420622020959854
test_13953,0.5827308893203735
test_13954,0.7426538467407227
test_13955,0.5704469084739685
test_13956,0.5229359865188599
test_13957,0.1755026876926422
test_13958,0.5020506381988525
test_13959,0.4179600179195404
test_13960,0.21988436579704285
test_13961,0.479944109916687
test_13962,0.37986722588539124
test_13963,0.301591694355011
test_13964,0.27420222759246826
test_13965,0.5654205679893494
test_13966,0.05053074285387993
test_13967,0.5309932827949524
test_13968,0.5104354619979858
test_13969,0.19497305154800415
test_13970,0.5312048196792603
test_13971,0.6327998638153076
test_13972,0.2742849886417389
test_13973,0.4799284040927887
test_13974,0.5079470872879028
test_13975,0.6827903389930725
test_13976,0.33698737621307373
test_13977,0.3435795307159424
test_13978,0.5410234928131104
test_13979,0.44378092885017395
test_13980,0.4900018870830536
test_13981,0.5948311686515808
test_13982,0.5161038637161255
test_13983,0.1298234909772873
test_13984,0.6091832518577576
test_13985,0.47907471656799316
test_13986,0.5273849964141846
test_13987,0.5176946520805359
test_13988,0.411898672580719
test_13989,0.5073683857917786
test_13990,0.6424510478973389
test_13991,0.5380597114562988
test_13992,0.6050776839256287
test_13993,0.3266433775424957
test_13994,0.171937495470047
test_13995,0.49985095858573914
test_13996,0.4569098949432373
test_13997,0.533099889755249
test_13998,0.29280704259872437
test_13999,0.5287548303604126
test_14000,0.44880005717277527
test_14001,0.3802601397037506
test_14002,0.5535194277763367
test_14003,0.5215705633163452
test_14004,0.44657519459724426
test_14005,0.25908559560775757
test_14006,0.28253835439682007
test_14007,0.4786891043186188
test_14008,0.5262482166290283
test_14009,0.2916969358921051
test_14010,0.44823405146598816
test_14011,0.45232707262039185
test_14012,0.5414653420448303
test_14013,0.5161960124969482
test_14014,0.44330015778541565
test_14015,0.47787946462631226
test_14016,0.395229309797287
test_14017,0.5237475037574768
test_14018,0.2237762212753296
test_14019,0.587465763092041
test_14020,0.21797168254852295
test_14021,0.5219678282737732
test_14022,0.32673919200897217
test_14023,0.20606113970279694
test_14024,0.37553271651268005
test_14025,0.5557909607887268
test_14026,0.5432031750679016
test_14027,0.5521805286407471
test_14028,0.46184560656547546
test_14029,0.41832056641578674
test_14030,0.47008681297302246
test_14031,0.4102240800857544
test_14032,0.37237802147865295
test_14033,0.43771055340766907
test_14034,0.5060344338417053
test_14035,0.5132777094841003
test_14036,0.49538102746009827
test_14037,0.5290766954421997
test_14038,0.5052832961082458
test_14039,0.40450048446655273
test_14040,0.16420498490333557
test_14041,0.488168865442276
test_14042,0.5296467542648315
test_14043,0.5374681353569031
test_14044,0.4774796962738037
test_14045,0.40447887778282166
test_14046,0.4205344617366791
test_14047,0.20612786710262299
test_14048,0.5352104306221008
test_14049,0.5674084424972534
test_14050,0.18192224204540253
test_14051,0.35937851667404175
test_14052,0.42480844259262085
test_14053,0.5418980121612549
test_14054,0.8347343802452087
test_14055,0.30200111865997314
test_14056,0.4020686447620392
test_14057,0.4668061435222626
test_14058,0.47085946798324585
test_14059,0.47211211919784546
test_14060,0.6053560972213745
test_14061,0.4205913245677948
test_14062,0.2571042478084564
test_14063,0.5158207416534424
test_14064,0.4527775049209595
test_14065,0.5261720418930054
test_14066,0.5377950668334961
test_14067,0.6368483304977417
test_14068,0.3665195107460022
test_14069,0.3331388533115387
test_14070,0.3398059904575348
test_14071,0.3521852195262909
test_14072,0.6035590171813965
test_14073,0.5363438725471497
test_14074,0.464376837015152
test_14075,0.11657997220754623
test_14076,0.34725505113601685
test_14077,0.5124444365501404
test_14078,0.38011807203292847
test_14079,0.20589420199394226
test_14080,0.5477717518806458
test_14081,0.41834622621536255
test_14082,0.4337390959262848
test_14083,0.241944819688797
test_14084,0.48613840341567993
test_14085,0.5516268014907837
test_14086,0.6988868713378906
test_14087,0.5239797830581665
test_14088,0.5779651403427124
test_14089,0.36339476704597473
test_14090,0.4663321375846863
test_14091,0.4863104522228241
test_14092,0.5364284515380859
test_14093,0.6652700304985046
test_14094,0.4022558331489563
test_14095,0.4487075209617615
test_14096,0.4161669909954071
test_14097,0.7188042402267456
test_14098,0.3561391830444336
test_14099,0.5329410433769226
test_14100,0.6455838680267334
test_14101,0.5686914920806885
test_14102,0.7591320872306824
test_14103,0.5905554294586182
test_14104,0.4424487054347992
test_14105,0.4008873999118805
test_14106,0.4862784147262573
test_14107,0.43059131503105164
test_14108,0.3268146216869354
test_14109,0.37793222069740295
test_14110,0.4568023979663849
test_14111,0.43004274368286133
test_14112,0.5888861417770386
test_14113,0.4955850839614868
test_14114,0.5885741114616394
test_14115,0.36831775307655334
test_14116,0.6356396079063416
test_14117,0.4927661120891571
test_14118,0.4863765239715576
test_14119,0.5059034824371338
test_14120,0.470543771982193
test_14121,0.4605320692062378
test_14122,0.37541675567626953
test_14123,0.41907092928886414
test_14124,0.5496267080307007
test_14125,0.5285764932632446
test_14126,0.47767341136932373
test_14127,0.47144815325737
test_14128,0.16130952537059784
test_14129,0.4115765392780304
test_14130,0.40531685948371887
test_14131,0.2893295884132385
test_14132,0.6116663813591003
test_14133,0.3064897656440735
test_14134,0.29650843143463135
test_14135,0.514514148235321
test_14136,0.5194558501243591
test_14137,0.4727747440338135
test_14138,0.41546717286109924
test_14139,0.32899290323257446
test_14140,0.5348457098007202
test_14141,0.6341959238052368
test_14142,0.6944594979286194
test_14143,0.4469667673110962
test_14144,0.21694736182689667
test_14145,0.5027959942817688
test_14146,0.4290335774421692
test_14147,0.4599769115447998
test_14148,0.4759029448032379
test_14149,0.5650920271873474
test_14150,0.5017900466918945
test_14151,0.3635523319244385
test_14152,0.49244698882102966
test_14153,0.3916310966014862
test_14154,0.5587953329086304
test_14155,0.4314451217651367
test_14156,0.5257423520088196
test_14157,0.5644341707229614
test_14158,0.34934723377227783
test_14159,0.5251004099845886
test_14160,0.4754919409751892
test_14161,0.06577648967504501
test_14162,0.40973004698753357
test_14163,0.6186654567718506
test_14164,0.5037862062454224
test_14165,0.4851028621196747
test_14166,0.49117356538772583
test_14167,0.6388305425643921
test_14168,0.4014870226383209
test_14169,0.41896313428878784
test_14170,0.5021697282791138
test_14171,0.5329766273498535
test_14172,0.41958194971084595
test_14173,0.32623687386512756
test_14174,0.4228072762489319
test_14175,0.6145673394203186
test_14176,0.4277321994304657
test_14177,0.629833996295929
test_14178,0.32684779167175293
test_14179,0.40896064043045044
test_14180,0.567255973815918
test_14181,0.516567587852478
test_14182,0.5734010338783264
test_14183,0.383224755525589
test_14184,0.47770288586616516
test_14185,0.4645554721355438
test_14186,0.40629687905311584
test_14187,0.5405753254890442
test_14188,0.3895305097103119
test_14189,0.18905016779899597
test_14190,0.46645504236221313
test_14191,0.3716139495372772
test_14192,0.36447301506996155
test_14193,0.43606695532798767
test_14194,0.4831823408603668
test_14195,0.4555765688419342
test_14196,0.44982045888900757
test_14197,0.1909155398607254
test_14198,0.4265492856502533
test_14199,0.5014970302581787
test_14200,0.705923855304718
test_14201,0.26957404613494873
test_14202,0.2748582661151886
test_14203,0.33656832575798035
test_14204,0.4283047914505005
test_14205,0.4472278952598572
test_14206,0.38303396105766296
test_14207,0.7330796122550964
test_14208,0.44975870847702026
test_14209,0.46839845180511475
test_14210,0.35687798261642456
test_14211,0.2659577429294586
test_14212,0.5588269233703613
test_14213,0.6550226807594299
test_14214,0.5179765820503235
test_14215,0.22303228080272675
test_14216,0.43894365429878235
test_14217,0.4512399137020111
test_14218,0.5167320370674133
test_14219,0.485121488571167
test_14220,0.4693832993507385
test_14221,0.424491822719574
test_14222,0.3358254134654999
test_14223,0.2802254557609558
test_14224,0.7203947305679321
test_14225,0.5099842548370361
test_14226,0.5526003241539001
test_14227,0.5591819882392883
test_14228,0.4470740258693695
test_14229,0.16822046041488647
test_14230,0.5547058582305908
test_14231,0.7967839241027832
test_14232,0.36432552337646484
test_14233,0.5392714738845825
test_14234,0.3249575197696686
test_14235,0.46906980872154236
test_14236,0.5554637312889099
test_14237,0.5283578634262085
test_14238,0.3364066779613495
test_14239,0.4432131350040436
test_14240,0.5066272616386414
test_14241,0.49229007959365845
test_14242,0.3653544485569
test_14243,0.38195595145225525
test_14244,0.20766562223434448
test_14245,0.5597902536392212
test_14246,0.5251290202140808
test_14247,0.608460009098053
test_14248,0.1398589015007019
test_14249,0.3765510320663452
test_14250,0.43537116050720215
test_14251,0.6381118297576904
test_14252,0.4235030710697174
test_14253,0.6005406975746155
test_14254,0.4240916669368744
test_14255,0.800251305103302
test_14256,0.38209325075149536
test_14257,0.28585395216941833
test_14258,0.4178534150123596
test_14259,0.26523756980895996
test_14260,0.5907870531082153
test_14261,0.42185238003730774
test_14262,0.2967236042022705
test_14263,0.21420326828956604
test_14264,0.4438813328742981
test_14265,0.5322809815406799
test_14266,0.431180864572525
test_14267,0.4044293761253357
test_14268,0.33664610981941223
test_14269,0.5579502582550049
test_14270,0.3559271991252899
test_14271,0.4844214618206024
test_14272,0.2724144160747528
test_14273,0.37383827567100525
test_14274,0.5001031160354614
test_14275,0.6150923371315002
test_14276,0.43434861302375793
test_14277,0.5198401808738708
test_14278,0.5317118167877197
test_14279,0.4448394477367401
test_14280,0.39559057354927063
test_14281,0.6544854640960693
test_14282,0.5986582040786743
test_14283,0.48937809467315674
test_14284,0.3902742564678192
test_14285,0.38641396164894104
test_14286,0.19015026092529297
test_14287,0.532492458820343
test_14288,0.3990548253059387
test_14289,0.5924617648124695
test_14290,0.5083803534507751
test_14291,0.339047908782959
test_14292,0.3687283396720886
test_14293,0.6866271495819092
test_14294,0.3643799424171448
test_14295,0.4073747992515564
test_14296,0.544984757900238
test_14297,0.4665219783782959
test_14298,0.5457969903945923
test_14299,0.6886725425720215
test_14300,0.5293242335319519
test_14301,0.23855000734329224
test_14302,0.42815831303596497
test_14303,0.4599137604236603
test_14304,0.36651867628097534
test_14305,0.5156074166297913
test_14306,0.28798535466194153
test_14307,0.4617619812488556
test_14308,0.6641212105751038
test_14309,0.5453059077262878
test_14310,0.49443477392196655
test_14311,0.48946985602378845
test_14312,0.6636302471160889
test_14313,0.3234477937221527
test_14314,0.5634358525276184
test_14315,0.3044595420360565
test_14316,0.4476981461048126
test_14317,0.23636086285114288
test_14318,0.39179497957229614
test_14319,0.2598142623901367
test_14320,0.36297088861465454
test_14321,0.5048006772994995
test_14322,0.5333174467086792
test_14323,0.6251358389854431
test_14324,0.4796130657196045
test_14325,0.26374927163124084
test_14326,0.5880668759346008
test_14327,0.36052998900413513
test_14328,0.4337991774082184
test_14329,0.3040100038051605
test_14330,0.4291071891784668
test_14331,0.4513775408267975
test_14332,0.558596134185791
test_14333,0.3546719253063202
test_14334,0.40141093730926514
test_14335,0.589045524597168
test_14336,0.4443352222442627
test_14337,0.507500410079956
test_14338,0.32837697863578796
test_14339,0.37118154764175415
test_14340,0.4628830850124359
test_14341,0.40891849994659424
test_14342,0.3689294159412384
test_14343,0.5793291926383972
test_14344,0.5834571123123169
test_14345,0.34108707308769226
test_14346,0.46817755699157715
test_14347,0.4217568039894104
test_14348,0.6427950859069824
test_14349,0.4598073661327362
test_14350,0.35427576303482056
test_14351,0.30988359451293945
test_14352,0.38919585943222046
test_14353,0.5726116299629211
test_14354,0.27490460872650146
test_14355,0.7330944538116455
test_14356,0.5407468676567078
test_14357,0.5163776278495789
test_14358,0.34304481744766235
test_14359,0.364477276802063
test_14360,0.5086995363235474
test_14361,0.36314883828163147
test_14362,0.42769744992256165
test_14363,0.6456586122512817
test_14364,0.5478824377059937
test_14365,0.466648131608963
test_14366,0.3731946349143982
test_14367,0.43005409836769104
test_14368,0.7796965837478638
test_14369,0.41286522150039673
test_14370,0.5396905541419983
test_14371,0.5874041318893433
test_14372,0.431461900472641
test_14373,0.2855638861656189
test_14374,0.5533179044723511
test_14375,0.6860342025756836
test_14376,0.3854498267173767
test_14377,0.5743313431739807
test_14378,0.4037988483905792
test_14379,0.39256805181503296
test_14380,0.3486769497394562
test_14381,0.42853689193725586
test_14382,0.1965436339378357
test_14383,0.5734837651252747
test_14384,0.4923045039176941
test_14385,0.5619063377380371
test_14386,0.6487568616867065
test_14387,0.3972640931606293
test_14388,0.37026238441467285
test_14389,0.36600396037101746
test_14390,0.48171520233154297
test_14391,0.4003427028656006
test_14392,0.2513219714164734
test_14393,0.5614943504333496
test_14394,0.38815855979919434
test_14395,0.548624575138092
test_14396,0.42819640040397644
test_14397,0.5010562539100647
test_14398,0.4707321524620056
test_14399,0.5431113839149475
test_14400,0.4542143642902374
test_14401,0.10497215390205383
test_14402,0.5902642011642456
test_14403,0.37361717224121094
test_14404,0.5523446798324585
test_14405,0.41670331358909607
test_14406,0.3738035559654236
test_14407,0.4899391531944275
test_14408,0.6180503368377686
test_14409,0.3278808891773224
test_14410,0.5702224969863892
test_14411,0.48718908429145813
test_14412,0.4726964831352234
test_14413,0.4198528528213501
test_14414,0.5562766194343567
test_14415,0.41570577025413513
test_14416,0.4778345823287964
test_14417,0.490923672914505
test_14418,0.43423593044281006
test_14419,0.4652518332004547
test_14420,0.48730865120887756
test_14421,0.5609869360923767
test_14422,0.35634857416152954
test_14423,0.6067250967025757
test_14424,0.27783018350601196
test_14425,0.29251977801322937
test_14426,0.3291240632534027
test_14427,0.3469237685203552
test_14428,0.32721462845802307
test_14429,0.12956024706363678
test_14430,0.22975319623947144
test_14431,0.4612109065055847
test_14432,0.4168994724750519
test_14433,0.5993701219558716
test_14434,0.2594539225101471
test_14435,0.2643401622772217
test_14436,0.3711349368095398
test_14437,0.3614979386329651
test_14438,0.663848340511322
test_14439,0.3363184630870819
test_14440,0.5260472893714905
test_14441,0.41423752903938293
test_14442,0.503940999507904
test_14443,0.49349573254585266
test_14444,0.39271053671836853
test_14445,0.4373311400413513
test_14446,0.6267204284667969
test_14447,0.29693520069122314
test_14448,0.5139983296394348
test_14449,0.37920427322387695
test_14450,0.19544483721256256
test_14451,0.3286173939704895
test_14452,0.7049086093902588
test_14453,0.6037954092025757
test_14454,0.3157415986061096
test_14455,0.3598545789718628
test_14456,0.41903477907180786
test_14457,0.6284835338592529
test_14458,0.373324453830719
test_14459,0.5394518971443176
test_14460,0.45179665088653564
test_14461,0.590164303779602
test_14462,0.38200870156288147
test_14463,0.4984482526779175
test_14464,0.347906231880188
test_14465,0.444187730550766
test_14466,0.6076444387435913
test_14467,0.44742143154144287
test_14468,0.33270445466041565
test_14469,0.7814581394195557
test_14470,0.3025163412094116
test_14471,0.4034004807472229
test_14472,0.33206403255462646
test_14473,0.16941553354263306
test_14474,0.5744016170501709
test_14475,0.3893167972564697
test_14476,0.4697518050670624
test_14477,0.4954823851585388
test_14478,0.4639101028442383
test_14479,0.6109166741371155
test_14480,0.7519922852516174
test_14481,0.3380780816078186
test_14482,0.3004867732524872
test_14483,0.6879181861877441
test_14484,0.5746577382087708
test_14485,0.28732651472091675
test_14486,0.5576623678207397
test_14487,0.3185364305973053
test_14488,0.5102648735046387
test_14489,0.28723013401031494
test_14490,0.5917571187019348
test_14491,0.6130558252334595
test_14492,0.28072434663772583
test_14493,0.48027554154396057
test_14494,0.3472905457019806
test_14495,0.5168510675430298
test_14496,0.11795077472925186
test_14497,0.5398945212364197
test_14498,0.4473605453968048
test_14499,0.4030435383319855
test_14500,0.21661539375782013
test_14501,0.3099478483200073
test_14502,0.29630982875823975
test_14503,0.44907626509666443
test_14504,0.45091140270233154
test_14505,0.4918614327907562
test_14506,0.30164092779159546
test_14507,0.13496433198451996
test_14508,0.4369373023509979
test_14509,0.46889927983283997
test_14510,0.41459566354751587
test_14511,0.39271295070648193
test_14512,0.396036833524704
test_14513,0.5061838030815125
test_14514,0.4467371106147766
test_14515,0.4814164340496063
test_14516,0.5631587505340576
test_14517,0.6441294550895691
test_14518,0.17282994091510773
test_14519,0.5049962401390076
test_14520,0.4416378438472748
test_14521,0.5483359098434448
test_14522,0.3754870295524597
test_14523,0.5594544410705566
test_14524,0.4897606074810028
test_14525,0.4702209532260895
test_14526,0.46303558349609375
test_14527,0.4323335587978363
test_14528,0.4750210642814636
test_14529,0.7472386956214905
test_14530,0.29999497532844543
test_14531,0.3306676745414734
test_14532,0.5137654542922974
test_14533,0.3047862648963928
test_14534,0.4617672562599182
test_14535,0.4176928699016571
test_14536,0.3662041127681732
test_14537,0.599941074848175
test_14538,0.13279975950717926
test_14539,0.4915756583213806
test_14540,0.6937276721000671
test_14541,0.4937859773635864
test_14542,0.3252137303352356
test_14543,0.5477463603019714
test_14544,0.42757004499435425
test_14545,0.32065752148628235
test_14546,0.6191714406013489
test_14547,0.23030517995357513
test_14548,0.48841097950935364
test_14549,0.42559513449668884
test_14550,0.4212675094604492
test_14551,0.4457719027996063
test_14552,0.29842570424079895
test_14553,0.5584357380867004
test_14554,0.3868696689605713
test_14555,0.42673778533935547
test_14556,0.2559221684932709
test_14557,0.3617805540561676
test_14558,0.11603067815303802
test_14559,0.2442173808813095
test_14560,0.519494891166687
test_14561,0.4838660657405853
test_14562,0.4335491955280304
test_14563,0.4746365249156952
test_14564,0.5709423422813416
test_14565,0.48612675070762634
test_14566,0.503451406955719
test_14567,0.44414663314819336
test_14568,0.5440188050270081
test_14569,0.3695482015609741
test_14570,0.2899991571903229
test_14571,0.7112995982170105
test_14572,0.4271296262741089
test_14573,0.5507076978683472
test_14574,0.38620662689208984
test_14575,0.4588173031806946
test_14576,0.42340195178985596
test_14577,0.5329004526138306
test_14578,0.39928537607192993
test_14579,0.5203858613967896
test_14580,0.4719051122665405
test_14581,0.5839900970458984
test_14582,0.4331410527229309
test_14583,0.3240740895271301
test_14584,0.7697151303291321
test_14585,0.5745317935943604
test_14586,0.4042782783508301
test_14587,0.22787979245185852
test_14588,0.613237202167511
test_14589,0.43421605229377747
test_14590,0.4363853633403778
test_14591,0.49072808027267456
test_14592,0.4601939022541046
test_14593,0.6350778937339783
test_14594,0.5831688046455383
test_14595,0.6454952955245972
test_14596,0.55021071434021
test_14597,0.34640583395957947
test_14598,0.45432594418525696
test_14599,0.24519135057926178
test_14600,0.4392641484737396
test_14601,0.3060060143470764
test_14602,0.6488953828811646
test_14603,0.5381700396537781
test_14604,0.31650692224502563
test_14605,0.4716722071170807
test_14606,0.41799724102020264
test_14607,0.406046062707901
test_14608,0.5968753099441528
test_14609,0.5095053315162659
test_14610,0.29151833057403564
test_14611,0.5491843223571777
test_14612,0.43449804186820984
test_14613,0.09493918716907501
test_14614,0.5238627791404724
test_14615,0.6211659908294678
test_14616,0.42527487874031067
test_14617,0.6381158828735352
test_14618,0.5468657612800598
test_14619,0.6332055926322937
test_14620,0.6084470152854919
test_14621,0.546174168586731
test_14622,0.42448294162750244
test_14623,0.49115607142448425
test_14624,0.4393431544303894
test_14625,0.3272496163845062
test_14626,0.3140656352043152
test_14627,0.3507068157196045
test_14628,0.1396263986825943
test_14629,0.6903730034828186
test_14630,0.24202260375022888
test_14631,0.5633606314659119
test_14632,0.47346973419189453
test_14633,0.5531017184257507
test_14634,0.35031890869140625
test_14635,0.6310421824455261
test_14636,0.24142207205295563
test_14637,0.5527385473251343
test_14638,0.1425831913948059
test_14639,0.45220622420310974
test_14640,0.5283302664756775
test_14641,0.34150826930999756
test_14642,0.5013896822929382
test_14643,0.40885457396507263
test_14644,0.4068557620048523
test_14645,0.21565397083759308
test_14646,0.4090646505355835
test_14647,0.4999070465564728
test_14648,0.5099611878395081
test_14649,0.20139148831367493
test_14650,0.5092548727989197
test_14651,0.5689730644226074
test_14652,0.6941167712211609
test_14653,0.46645379066467285
test_14654,0.5113833546638489
test_14655,0.23410212993621826
test_14656,0.3458991050720215
test_14657,0.46711328625679016
test_14658,0.769282877445221
test_14659,0.5024566650390625
test_14660,0.28850257396698
test_14661,0.12292139232158661
test_14662,0.45865488052368164
test_14663,0.5676365494728088
test_14664,0.41617056727409363
test_14665,0.2216966599225998
test_14666,0.377688467502594
test_14667,0.2111358940601349
test_14668,0.6383466124534607
test_14669,0.3792679011821747
test_14670,0.5265283584594727
test_14671,0.4704579710960388
test_14672,0.5806655287742615
test_14673,0.4415299594402313
test_14674,0.6629979610443115
test_14675,0.40392905473709106
test_14676,0.33747434616088867
test_14677,0.5401517152786255
test_14678,0.28136950731277466
test_14679,0.4901401698589325
test_14680,0.3214322030544281
test_14681,0.43977683782577515
test_14682,0.6078305840492249
test_14683,0.14291715621948242
test_14684,0.4396098554134369
test_14685,0.6987813115119934
test_14686,0.39864596724510193
test_14687,0.6056074500083923
test_14688,0.3262139856815338
test_14689,0.5732778906822205
test_14690,0.5109760761260986
test_14691,0.7467657923698425
test_14692,0.485879123210907
test_14693,0.5260842442512512
test_14694,0.2771483361721039
test_14695,0.44988948106765747
test_14696,0.45522332191467285
test_14697,0.5454081892967224
test_14698,0.1640605628490448
test_14699,0.5867589116096497
test_14700,0.46092382073402405
test_14701,0.4879491329193115
test_14702,0.26541009545326233
test_14703,0.5064605474472046
test_14704,0.2686695158481598
test_14705,0.38965490460395813
test_14706,0.3034650683403015
test_14707,0.3636504113674164
test_14708,0.27684175968170166
test_14709,0.4990025460720062
test_14710,0.3795347809791565
test_14711,0.2031606137752533
test_14712,0.4062812626361847
test_14713,0.4528854489326477
test_14714,0.2879389524459839
test_14715,0.4981251060962677
test_14716,0.44672393798828125
test_14717,0.5225005745887756
test_14718,0.4625592529773712
test_14719,0.45807361602783203
test_14720,0.4112224876880646
test_14721,0.5895566940307617
test_14722,0.7119547128677368
test_14723,0.32780224084854126
test_14724,0.29746660590171814
test_14725,0.8443220257759094
test_14726,0.15071424841880798
test_14727,0.5336424708366394
test_14728,0.41165465116500854
test_14729,0.5689392685890198
test_14730,0.4457133114337921
test_14731,0.5928788185119629
test_14732,0.6130132079124451
test_14733,0.5318586826324463
test_14734,0.4759557545185089
test_14735,0.3732505440711975
test_14736,0.2368677854537964
test_14737,0.42752790451049805
test_14738,0.3368566334247589
test_14739,0.36062440276145935
test_14740,0.4676622748374939
test_14741,0.4375968873500824
test_14742,0.5029256939888
test_14743,0.33421292901039124
test_14744,0.6085571050643921
test_14745,0.4126187264919281
test_14746,0.3830341100692749
test_14747,0.5782374143600464
test_14748,0.3440544009208679
test_14749,0.2084466814994812
test_14750,0.6287887096405029
test_14751,0.325713187456131
test_14752,0.42061829566955566
test_14753,0.6691984534263611
test_14754,0.42086613178253174
test_14755,0.4183972477912903
test_14756,0.7454203963279724
test_14757,0.4405621290206909
test_14758,0.3610828220844269
test_14759,0.35825231671333313
test_14760,0.5200077891349792
test_14761,0.35915493965148926
test_14762,0.5727728605270386
test_14763,0.6954540014266968
test_14764,0.5099526047706604
test_14765,0.30965545773506165
test_14766,0.5327103734016418
test_14767,0.5347632765769958
test_14768,0.6469079256057739
test_14769,0.39878061413764954
test_14770,0.34301766753196716
test_14771,0.37738755345344543
test_14772,0.6729596853256226
test_14773,0.41728296875953674
test_14774,0.4057578146457672
test_14775,0.49058377742767334
test_14776,0.4763113558292389
test_14777,0.2014218121767044
test_14778,0.4303765892982483
test_14779,0.5504406094551086
test_14780,0.44136714935302734
test_14781,0.5397178530693054
test_14782,0.7629918456077576
test_14783,0.5792591571807861
test_14784,0.6367542147636414
test_14785,0.3811030983924866
test_14786,0.41451385617256165
test_14787,0.20038652420043945
test_14788,0.5422608852386475
test_14789,0.18532508611679077
test_14790,0.4679057002067566
test_14791,0.503791868686676
test_14792,0.2724365293979645
test_14793,0.311449259519577
test_14794,0.512984573841095
test_14795,0.4013848602771759
test_14796,0.4998394846916199
test_14797,0.21229352056980133
test_14798,0.3930307626724243
test_14799,0.4470610022544861
test_14800,0.5284785032272339
test_14801,0.35763052105903625
test_14802,0.28321096301078796
test_14803,0.18485350906848907
test_14804,0.49641934037208557
test_14805,0.4203689992427826
test_14806,0.35821202397346497
test_14807,0.5604643821716309
test_14808,0.5297417044639587
test_14809,0.5803770422935486
test_14810,0.6043785214424133
test_14811,0.5297071933746338
test_14812,0.43386805057525635
test_14813,0.5149072408676147
test_14814,0.15754437446594238
test_14815,0.6944647431373596
test_14816,0.514731228351593
test_14817,0.5803790092468262
test_14818,0.4150114357471466
test_14819,0.4000295400619507
test_14820,0.5737593770027161
test_14821,0.4265080988407135
test_14822,0.5623964071273804
test_14823,0.3933296799659729
test_14824,0.46731770038604736
test_14825,0.5931432843208313
test_14826,0.39809542894363403
test_14827,0.43499821424484253
test_14828,0.19985193014144897
test_14829,0.3337174654006958
test_14830,0.2702487111091614
test_14831,0.4172137975692749
test_14832,0.4650348424911499
test_14833,0.15386608242988586
test_14834,0.3182660937309265
test_14835,0.35762685537338257
test_14836,0.24117819964885712
test_14837,0.4294203519821167
test_14838,0.32509300112724304
test_14839,0.43101784586906433
test_14840,0.45839446783065796
test_14841,0.5579609870910645
test_14842,0.46525371074676514
test_14843,0.2630704641342163
test_14844,0.7493127584457397
test_14845,0.47560787200927734
test_14846,0.39136382937431335
test_14847,0.5612689852714539
test_14848,0.51600182056427
test_14849,0.5238989591598511
test_14850,0.4625961184501648
test_14851,0.5389264822006226
test_14852,0.47097107768058777
test_14853,0.37999847531318665
test_14854,0.4541594386100769
test_14855,0.49160292744636536
test_14856,0.4957069158554077
test_14857,0.5045660734176636
test_14858,0.6444723606109619
test_14859,0.5013936161994934
test_14860,0.47767373919487
test_14861,0.5061726570129395
test_14862,0.5216344594955444
test_14863,0.24692188203334808
test_14864,0.28891652822494507
test_14865,0.4533393085002899
test_14866,0.2720707058906555
test_14867,0.5365551114082336
test_14868,0.6925479769706726
test_14869,0.453292578458786
test_14870,0.17863817512989044
test_14871,0.3863818049430847
test_14872,0.21713855862617493
test_14873,0.112880177795887
test_14874,0.4152935743331909
test_14875,0.45577460527420044
test_14876,0.8276302814483643
test_14877,0.5313565135002136
test_14878,0.40581125020980835
test_14879,0.47561153769493103
test_14880,0.2563924789428711
test_14881,0.5037211775779724
test_14882,0.5642651319503784
test_14883,0.2835926413536072
test_14884,0.6204560399055481
test_14885,0.5790489315986633
test_14886,0.5700958967208862
test_14887,0.5482759475708008
test_14888,0.3637237250804901
test_14889,0.3022845387458801
test_14890,0.23919224739074707
test_14891,0.13911786675453186
test_14892,0.5355750322341919
test_14893,0.49023035168647766
test_14894,0.5108614563941956
test_14895,0.6746841073036194
test_14896,0.4026683568954468
test_14897,0.33478501439094543
test_14898,0.7866172194480896
test_14899,0.280373752117157
test_14900,0.5285606384277344
test_14901,0.28251081705093384
test_14902,0.5167641043663025
test_14903,0.6367722749710083
test_14904,0.1635977029800415
test_14905,0.4589082598686218
test_14906,0.24390706419944763
test_14907,0.4869510233402252
test_14908,0.5065020322799683
test_14909,0.33551713824272156
test_14910,0.563154935836792
test_14911,0.5778577327728271
test_14912,0.6184951663017273
test_14913,0.2516239285469055
test_14914,0.5166239738464355
test_14915,0.41180023550987244
test_14916,0.6068975925445557
test_14917,0.5311098694801331
test_14918,0.09353642165660858
test_14919,0.4257272779941559
test_14920,0.18941177427768707
test_14921,0.6363221406936646
test_14922,0.2689032256603241
test_14923,0.4264684021472931
test_14924,0.3407808542251587
test_14925,0.3867926001548767
test_14926,0.13843682408332825
test_14927,0.5607182383537292
test_14928,0.09436019510030746
test_14929,0.2531891465187073
test_14930,0.7298535704612732
test_14931,0.5030620098114014
test_14932,0.5888973474502563
test_14933,0.37537693977355957
test_14934,0.5003772377967834
test_14935,0.4482526481151581
test_14936,0.41039565205574036
test_14937,0.49062785506248474
test_14938,0.2408045381307602
test_14939,0.35954341292381287
test_14940,0.4741048216819763
test_14941,0.5095510482788086
test_14942,0.47551611065864563
test_14943,0.4785180985927582
test_14944,0.27079474925994873
test_14945,0.5490403771400452
test_14946,0.25110360980033875
test_14947,0.507318377494812
test_14948,0.5257436037063599
test_14949,0.3124832212924957
test_14950,0.5805830955505371
test_14951,0.467957079410553
test_14952,0.5547950267791748
test_14953,0.4604104161262512
test_14954,0.4101708233356476
test_14955,0.37721776962280273
test_14956,0.24927611649036407
test_14957,0.37861526012420654
test_14958,0.18654070794582367
test_14959,0.6061429977416992
test_14960,0.4823864698410034
test_14961,0.48737987875938416
test_14962,0.4194420278072357
test_14963,0.4661042094230652
test_14964,0.5077722072601318
test_14965,0.43014001846313477
test_14966,0.3568539321422577
test_14967,0.5311099290847778
test_14968,0.41158461570739746
test_14969,0.5046848654747009
test_14970,0.5185539126396179
test_14971,0.5816654562950134
test_14972,0.35757723450660706
test_14973,0.19851282238960266
test_14974,0.48180678486824036
test_14975,0.5534610152244568
test_14976,0.2810956537723541
test_14977,0.6603565812110901
test_14978,0.33662644028663635
test_14979,0.5771312117576599
test_14980,0.43093666434288025
test_14981,0.2775343358516693
test_14982,0.3474864661693573
test_14983,0.41312527656555176
test_14984,0.5290825366973877
test_14985,0.28303980827331543
test_14986,0.26357197761535645
test_14987,0.5828336477279663
test_14988,0.3054572641849518
test_14989,0.7483020424842834
test_14990,0.3486410677433014
test_14991,0.47199708223342896
test_14992,0.3984479010105133
test_14993,0.4815257489681244
test_14994,0.6031825542449951
test_14995,0.6496121287345886
test_14996,0.14137977361679077
test_14997,0.4227724075317383
test_14998,0.38922274112701416
test_14999,0.4238358438014984
test_15000,0.46153056621551514
test_15001,0.1761610209941864
test_15002,0.44212600588798523
test_15003,0.5682526230812073
test_15004,0.22666998207569122
test_15005,0.3310703933238983
test_15006,0.5515131950378418
test_15007,0.20727278292179108
test_15008,0.5234715342521667
test_15009,0.15259894728660583
test_15010,0.31820419430732727
test_15011,0.583548367023468
test_15012,0.33590370416641235
test_15013,0.2398124784231186
test_15014,0.338309109210968
test_15015,0.36960554122924805
test_15016,0.24657225608825684
test_15017,0.3778585195541382
test_15018,0.6738690733909607
test_15019,0.48387086391448975
test_15020,0.5306527614593506
test_15021,0.36967408657073975
test_15022,0.5489987134933472
test_15023,0.5088925361633301
test_15024,0.20518334209918976
test_15025,0.30561563372612
test_15026,0.18078039586544037
test_15027,0.6112820506095886
test_15028,0.49354228377342224
test_15029,0.2904469966888428
test_15030,0.46545031666755676
test_15031,0.2687405049800873
test_15032,0.48359593749046326
test_15033,0.36403751373291016
test_15034,0.4317878782749176
test_15035,0.5136446952819824
test_15036,0.7372724413871765
test_15037,0.2295902818441391
test_15038,0.3316023647785187
test_15039,0.4341815412044525
test_15040,0.37304431200027466
test_15041,0.27612045407295227
test_15042,0.6511839628219604
test_15043,0.5141342282295227
test_15044,0.4642695486545563
test_15045,0.4987506568431854
test_15046,0.4271174967288971
test_15047,0.18840035796165466
test_15048,0.46989285945892334
test_15049,0.3382173180580139
test_15050,0.3425084948539734
test_15051,0.30700504779815674
test_15052,0.4730495810508728
test_15053,0.5071390867233276
test_15054,0.537618100643158
test_15055,0.529716432094574
test_15056,0.2516149580478668
test_15057,0.5107950568199158
test_15058,0.5205441117286682
test_15059,0.5118067860603333
test_15060,0.39491480588912964
test_15061,0.3702329993247986
test_15062,0.3997664153575897
test_15063,0.3313333988189697
test_15064,0.4247618317604065
test_15065,0.5705220103263855
test_15066,0.5636057257652283
test_15067,0.5924115777015686
test_15068,0.44294193387031555
test_15069,0.4355815052986145
test_15070,0.3850783407688141
test_15071,0.38736414909362793
test_15072,0.40559497475624084
test_15073,0.49575144052505493
test_15074,0.5892181396484375
test_15075,0.5107823014259338
test_15076,0.33458319306373596
test_15077,0.3504619002342224
test_15078,0.5423636436462402
test_15079,0.33621641993522644
test_15080,0.46730920672416687
test_15081,0.3736385405063629
test_15082,0.4908863604068756
test_15083,0.6631235480308533
test_15084,0.5500061511993408
test_15085,0.3700815737247467
test_15086,0.4449889659881592
test_15087,0.4990379810333252
test_15088,0.5047627687454224
test_15089,0.11689361184835434
test_15090,0.449547678232193
test_15091,0.5423761606216431
test_15092,0.5499319434165955
test_15093,0.5503072738647461
test_15094,0.6288793087005615
test_15095,0.7399728894233704
test_15096,0.4585009217262268
test_15097,0.5567978024482727
test_15098,0.5052986145019531
test_15099,0.5265071988105774
test_15100,0.5372811555862427
test_15101,0.4056652784347534
test_15102,0.30818259716033936
test_15103,0.5084939002990723
test_15104,0.7247072458267212
test_15105,0.5111411213874817
test_15106,0.24686886370182037
test_15107,0.26468655467033386
test_15108,0.30865952372550964
test_15109,0.4416559338569641
test_15110,0.4361342489719391
test_15111,0.5259040594100952
test_15112,0.33860307931900024
test_15113,0.7045637965202332
test_15114,0.5296746492385864
test_15115,0.588813304901123
test_15116,0.42486995458602905
test_15117,0.4490652084350586
test_15118,0.4789204001426697
test_15119,0.501133143901825
test_15120,0.5412093997001648
test_15121,0.48746705055236816
test_15122,0.46289053559303284
test_15123,0.38422107696533203
test_15124,0.4593288004398346
test_15125,0.48087507486343384
test_15126,0.5364994406700134
test_15127,0.27866068482398987
test_15128,0.3429766297340393
test_15129,0.5479357242584229
test_15130,0.13595397770404816
test_15131,0.49765923619270325
test_15132,0.49458810687065125
test_15133,0.4486609399318695
test_15134,0.41198018193244934
test_15135,0.463726282119751
test_15136,0.49656668305397034
test_15137,0.4280165731906891
test_15138,0.6139989495277405
test_15139,0.5150534510612488
test_15140,0.2894042432308197
test_15141,0.6332652568817139
test_15142,0.5008713603019714
test_15143,0.4886459708213806
test_15144,0.5414000153541565
test_15145,0.4531840980052948
test_15146,0.5341194272041321
test_15147,0.42713463306427
test_15148,0.4507777690887451
test_15149,0.4527074694633484
test_15150,0.4304524064064026
test_15151,0.410722941160202
test_15152,0.3326786756515503
test_15153,0.5692402124404907
test_15154,0.5439742207527161
test_15155,0.6037715077400208
test_15156,0.278425931930542
test_15157,0.503467857837677
test_15158,0.3791826665401459
test_15159,0.42537131905555725
test_15160,0.3720705807209015
test_15161,0.4872397482395172
test_15162,0.3173775374889374
test_15163,0.5251104831695557
test_15164,0.616858959197998
test_15165,0.2821201980113983
test_15166,0.46308964490890503
test_15167,0.3387225866317749
test_15168,0.3445402681827545
test_15169,0.3533336818218231
test_15170,0.5581064820289612
test_15171,0.32315436005592346
test_15172,0.32472455501556396
test_15173,0.5359705686569214
test_15174,0.5577048063278198
test_15175,0.3610951900482178
test_15176,0.5735895037651062
test_15177,0.4811016023159027
test_15178,0.3430020213127136
test_15179,0.4315991997718811
test_15180,0.46555063128471375
test_15181,0.4919300675392151
test_15182,0.3449280858039856
test_15183,0.4414190649986267
test_15184,0.5164710283279419
test_15185,0.3618113696575165
test_15186,0.31224942207336426
test_15187,0.32786810398101807
test_15188,0.46572330594062805
test_15189,0.648679256439209
test_15190,0.36722806096076965
test_15191,0.33196771144866943
test_15192,0.36935484409332275
test_15193,0.5206454992294312
test_15194,0.3021889626979828
test_15195,0.2445194125175476
test_15196,0.4441790282726288
test_15197,0.6404169797897339
test_15198,0.4488877058029175
test_15199,0.44312846660614014
test_15200,0.6143877506256104
test_15201,0.45552927255630493
test_15202,0.49759891629219055
test_15203,0.5059549808502197
test_15204,0.4899977147579193
test_15205,0.5593909621238708
test_15206,0.5844507813453674
test_15207,0.33471646904945374
test_15208,0.3490426242351532
test_15209,0.18297462165355682
test_15210,0.4975649118423462
test_15211,0.3773791790008545
test_15212,0.4767763912677765
test_15213,0.3652386963367462
test_15214,0.4720097482204437
test_15215,0.6042096614837646
test_15216,0.6979843974113464
test_15217,0.649108350276947
test_15218,0.4843731224536896
test_15219,0.27015402913093567
test_15220,0.4646395444869995
test_15221,0.4212799072265625
test_15222,0.6278902888298035
test_15223,0.531283438205719
test_15224,0.3819301724433899
test_15225,0.6529953479766846
test_15226,0.446179062128067
test_15227,0.4594055712223053
test_15228,0.5030524134635925
test_15229,0.2550157308578491
test_15230,0.34037095308303833
test_15231,0.6494946479797363
test_15232,0.39227479696273804
test_15233,0.4325830042362213
test_15234,0.41584324836730957
test_15235,0.2856401801109314
test_15236,0.5361838340759277
test_15237,0.513235867023468
test_15238,0.7418915033340454
test_15239,0.477742075920105
test_15240,0.5754122138023376
test_15241,0.23838934302330017
test_15242,0.5481103658676147
test_15243,0.4063766896724701
test_15244,0.7995630502700806
test_15245,0.5228524208068848
test_15246,0.33375340700149536
test_15247,0.4849923551082611
test_15248,0.4581347107887268
test_15249,0.4031890630722046
test_15250,0.4731011688709259
test_15251,0.4456886947154999
test_15252,0.46562719345092773
test_15253,0.4509745240211487
test_15254,0.3988001346588135
test_15255,0.46192026138305664
test_15256,0.3244558572769165
test_15257,0.23039157688617706
test_15258,0.41585099697113037
test_15259,0.3063007891178131
test_15260,0.3197440803050995
test_15261,0.5454180836677551
test_15262,0.678627073764801
test_15263,0.5487633943557739
test_15264,0.5572746992111206
test_15265,0.4154294431209564
test_15266,0.4490089416503906
test_15267,0.639553964138031
test_15268,0.36568814516067505
test_15269,0.36592811346054077
test_15270,0.3861939311027527
test_15271,0.35086527466773987
test_15272,0.411422461271286
test_15273,0.5640252828598022
test_15274,0.39110106229782104
test_15275,0.2907664179801941
test_15276,0.5425267815589905
test_15277,0.30267757177352905
test_15278,0.5681955814361572
test_15279,0.5401130318641663
test_15280,0.5931267142295837
test_15281,0.3783113360404968
test_15282,0.3069057762622833
test_15283,0.6211949586868286
test_15284,0.5200897455215454
test_15285,0.4349464774131775
test_15286,0.3683689832687378
test_15287,0.5397931933403015
test_15288,0.3273683786392212
test_15289,0.13400918245315552
test_15290,0.5102871656417847
test_15291,0.3106900155544281
test_15292,0.42582666873931885
test_15293,0.5043211579322815
test_15294,0.407650351524353
test_15295,0.4085415303707123
test_15296,0.6050884127616882
test_15297,0.2185884416103363
test_15298,0.4693390130996704
test_15299,0.5575608015060425
test_15300,0.5457929968833923
test_15301,0.5210694074630737
test_15302,0.4265495240688324
test_15303,0.5752503871917725
test_15304,0.3908156156539917
test_15305,0.6284233927726746
test_15306,0.592020571231842
test_15307,0.5396802425384521
test_15308,0.46755701303482056
test_15309,0.3527102470397949
test_15310,0.48235613107681274
test_15311,0.6041152477264404
test_15312,0.4792509377002716
test_15313,0.3815528452396393
test_15314,0.3880142867565155
test_15315,0.5020502805709839
test_15316,0.466060608625412
test_15317,0.5883252024650574
test_15318,0.5050987005233765
test_15319,0.7545573711395264
test_15320,0.36394357681274414
test_15321,0.18822196125984192
test_15322,0.1591319739818573
test_15323,0.48039183020591736
test_15324,0.3663704991340637
test_15325,0.4605037271976471
test_15326,0.5127843022346497
test_15327,0.5532373785972595
test_15328,0.4530264735221863
test_15329,0.6151903867721558
test_15330,0.1330828219652176
test_15331,0.640690267086029
test_15332,0.667363703250885
test_15333,0.5161670446395874
test_15334,0.5862853527069092
test_15335,0.5987352728843689
test_15336,0.6323474645614624
test_15337,0.37224313616752625
test_15338,0.4645127058029175
test_15339,0.3857983648777008
test_15340,0.2236817479133606
test_15341,0.6346133351325989
test_15342,0.3656466603279114
test_15343,0.569599449634552
test_15344,0.6370923519134521
test_15345,0.6464741826057434
test_15346,0.48734912276268005
test_15347,0.2702699303627014
test_15348,0.4743923544883728
test_15349,0.6285493969917297
test_15350,0.4262884855270386
test_15351,0.44344207644462585
test_15352,0.27200886607170105
test_15353,0.519189715385437
test_15354,0.5544227957725525
test_15355,0.3322986662387848
test_15356,0.45077329874038696
test_15357,0.5749062895774841
test_15358,0.4748300015926361
test_15359,0.1750698983669281
test_15360,0.3869675099849701
test_15361,0.7823379039764404
test_15362,0.484786719083786
test_15363,0.6575387120246887
test_15364,0.5416408181190491
test_15365,0.5638666749000549
test_15366,0.264212042093277
test_15367,0.5801088809967041
test_15368,0.23234932124614716
test_15369,0.3144298791885376
test_15370,0.35590577125549316
test_15371,0.29155221581459045
test_15372,0.4181230068206787
test_15373,0.4829671382904053
test_15374,0.23608869314193726
test_15375,0.16423708200454712
test_15376,0.32871687412261963
test_15377,0.5722674131393433
test_15378,0.3333914577960968
test_15379,0.4871508479118347
test_15380,0.5417075753211975
test_15381,0.36887484788894653
test_15382,0.23471248149871826
test_15383,0.5076555609703064
test_15384,0.37220561504364014
test_15385,0.5568722486495972
test_15386,0.34169164299964905
test_15387,0.4631146192550659
test_15388,0.47494447231292725
test_15389,0.598340630531311
test_15390,0.5222142934799194
test_15391,0.4903637766838074
test_15392,0.5919916033744812
test_15393,0.3812287747859955
test_15394,0.40394875407218933
test_15395,0.49380701780319214
test_15396,0.4358622431755066
test_15397,0.3682335615158081
test_15398,0.23791973292827606
test_15399,0.46992823481559753
test_15400,0.5408919453620911
test_15401,0.5318484902381897
test_15402,0.4829050302505493
test_15403,0.3918139934539795
test_15404,0.5024771094322205
test_15405,0.6773815751075745
test_15406,0.4475095570087433
test_15407,0.3454377055168152
test_15408,0.5027384161949158
test_15409,0.5552938580513
test_15410,0.48986998200416565
test_15411,0.4327007234096527
test_15412,0.5228825807571411
test_15413,0.4563789367675781
test_15414,0.4188825786113739
test_15415,0.4489329159259796
test_15416,0.3886689841747284
test_15417,0.26672792434692383
test_15418,0.47051453590393066
test_15419,0.3788464665412903
test_15420,0.2969611883163452
test_15421,0.7295976877212524
test_15422,0.42100656032562256
test_15423,0.232466459274292
test_15424,0.567865252494812
test_15425,0.4970255196094513
test_15426,0.14147919416427612
test_15427,0.3886445462703705
test_15428,0.39722052216529846
test_15429,0.6005901098251343
test_15430,0.41718918085098267
test_15431,0.5963349342346191
test_15432,0.43259820342063904
test_15433,0.6426001787185669
test_15434,0.40280988812446594
test_15435,0.4281790256500244
test_15436,0.5002229809761047
test_15437,0.13615889847278595
test_15438,0.7272957563400269
test_15439,0.5464363098144531
test_15440,0.47830677032470703
test_15441,0.542575478553772
test_15442,0.492841511964798
test_15443,0.3361985683441162
test_15444,0.38457661867141724
test_15445,0.652840256690979
test_15446,0.3719327449798584
test_15447,0.22664210200309753
test_15448,0.4257335662841797
test_15449,0.6009666323661804
test_15450,0.5175063610076904
test_15451,0.27613064646720886
test_15452,0.2813698351383209
test_15453,0.43498724699020386
test_15454,0.4558180868625641
test_15455,0.4698401093482971
test_15456,0.5506823658943176
test_15457,0.3034103214740753
test_15458,0.32535412907600403
test_15459,0.4915336072444916
test_15460,0.48710212111473083
test_15461,0.7205594778060913
test_15462,0.5666206479072571
test_15463,0.4741198420524597
test_15464,0.5394997596740723
test_15465,0.5232923030853271
test_15466,0.4083433151245117
test_15467,0.47323787212371826
test_15468,0.4080159068107605
test_15469,0.5284965634346008
test_15470,0.4227031469345093
test_15471,0.3325604796409607
test_15472,0.12495718896389008
test_15473,0.3370867669582367
test_15474,0.4583045244216919
test_15475,0.31631723046302795
test_15476,0.3691978454589844
test_15477,0.312479168176651
test_15478,0.4658747613430023
test_15479,0.7086536288261414
test_15480,0.4689609408378601
test_15481,0.32382455468177795
test_15482,0.5451347827911377
test_15483,0.5539233088493347
test_15484,0.5781478881835938
test_15485,0.49891990423202515
test_15486,0.4742189049720764
test_15487,0.051749903708696365
test_15488,0.3666791319847107
test_15489,0.5418651103973389
test_15490,0.3358477056026459
test_15491,0.22508631646633148
test_15492,0.4338838458061218
test_15493,0.49097245931625366
test_15494,0.23506662249565125
test_15495,0.451542466878891
test_15496,0.6102281808853149
test_15497,0.3900974988937378
test_15498,0.6284610033035278
test_15499,0.44256094098091125
test_15500,0.39173510670661926
test_15501,0.39258262515068054
test_15502,0.46143510937690735
test_15503,0.44739988446235657
test_15504,0.6021344661712646
test_15505,0.5881941318511963
test_15506,0.4115068018436432
test_15507,0.30989164113998413
test_15508,0.1666199415922165
test_15509,0.4006209969520569
test_15510,0.3114300072193146
test_15511,0.4622540771961212
test_15512,0.2455286979675293
test_15513,0.49974656105041504
test_15514,0.40317609906196594
test_15515,0.5110270380973816
test_15516,0.3688018023967743
test_15517,0.6289693117141724
test_15518,0.49434199929237366
test_15519,0.46598654985427856
test_15520,0.6113150119781494
test_15521,0.45144468545913696
test_15522,0.27864375710487366
test_15523,0.40091824531555176
test_15524,0.3651880621910095
test_15525,0.4872705340385437
test_15526,0.4255203604698181
test_15527,0.5823988914489746
test_15528,0.416852742433548
test_15529,0.300883948802948
test_15530,0.32858312129974365
test_15531,0.35725483298301697
test_15532,0.5272002816200256
test_15533,0.5080481171607971
test_15534,0.6013852953910828
test_15535,0.4057220220565796
test_15536,0.4050634503364563
test_15537,0.4961855411529541
test_15538,0.4741588532924652
test_15539,0.410481333732605
test_15540,0.5440610647201538
test_15541,0.5572595596313477
test_15542,0.6512154340744019
test_15543,0.44855746626853943
test_15544,0.41617292165756226
test_15545,0.6275523900985718
test_15546,0.4564991295337677
test_15547,0.2619606554508209
test_15548,0.4476359784603119
test_15549,0.3257685601711273
test_15550,0.34066635370254517
test_15551,0.442543089389801
test_15552,0.4696142077445984
test_15553,0.44080764055252075
test_15554,0.3314760625362396
test_15555,0.2157982438802719
test_15556,0.39061665534973145
test_15557,0.4006684720516205
test_15558,0.4965851902961731
test_15559,0.5526773929595947
test_15560,0.29285842180252075
test_15561,0.5522513389587402
test_15562,0.46374523639678955
test_15563,0.5487005114555359
test_15564,0.28967249393463135
test_15565,0.5675619840621948
test_15566,0.39097049832344055
test_15567,0.474893182516098
test_15568,0.39456436038017273
test_15569,0.6065446734428406
test_15570,0.6172098517417908
test_15571,0.45092788338661194
test_15572,0.5475519895553589
test_15573,0.6878466606140137
test_15574,0.36442989110946655
test_15575,0.27873387932777405
test_15576,0.6427083015441895
test_15577,0.2159811109304428
test_15578,0.49566027522087097
test_15579,0.6212400197982788
test_15580,0.4620329737663269
test_15581,0.36612993478775024
test_15582,0.49342697858810425
test_15583,0.20308905839920044
test_15584,0.4222639501094818
test_15585,0.42521098256111145
test_15586,0.5080575346946716
test_15587,0.14889578521251678
test_15588,0.32900288701057434
test_15589,0.5869510173797607
test_15590,0.48170822858810425
test_15591,0.4652785658836365
test_15592,0.20265507698059082
test_15593,0.46508723497390747
test_15594,0.18151560425758362
test_15595,0.1695065200328827
test_15596,0.2512085437774658
test_15597,0.6967369914054871
test_15598,0.1841025948524475
test_15599,0.6455978155136108
test_15600,0.19735722243785858
test_15601,0.4820338785648346
test_15602,0.4061276614665985
test_15603,0.5611500144004822
test_15604,0.33569422364234924
test_15605,0.5897823572158813
test_15606,0.4834173619747162
test_15607,0.5718849301338196
test_15608,0.4588264226913452
test_15609,0.5257740616798401
test_15610,0.4547601342201233
test_15611,0.5688186287879944
test_15612,0.4995630085468292
test_15613,0.36290261149406433
test_15614,0.27003204822540283
test_15615,0.5517300963401794
test_15616,0.6946957111358643
test_15617,0.24068793654441833
test_15618,0.33308207988739014
test_15619,0.34213709831237793
test_15620,0.38492295145988464
test_15621,0.5333800911903381
test_15622,0.5542367100715637
test_15623,0.4017409384250641
test_15624,0.255350261926651
test_15625,0.6588053703308105
test_15626,0.1617206633090973
test_15627,0.5070770978927612
test_15628,0.39261752367019653
test_15629,0.46611467003822327
test_15630,0.2655539810657501
test_15631,0.3393762409687042
test_15632,0.28483033180236816
test_15633,0.39648115634918213
test_15634,0.46726951003074646
test_15635,0.4421480596065521
test_15636,0.47603386640548706
test_15637,0.5415394306182861
test_15638,0.41020625829696655
test_15639,0.3262273073196411
test_15640,0.5408806204795837
test_15641,0.29681017994880676
test_15642,0.6571391224861145
test_15643,0.2918229401111603
test_15644,0.42622917890548706
test_15645,0.5498740673065186
test_15646,0.5577172040939331
test_15647,0.5620554685592651
test_15648,0.4548555016517639
test_15649,0.3773174583911896
test_15650,0.46907252073287964
test_15651,0.5819344520568848
test_15652,0.3533115088939667
test_15653,0.36758720874786377
test_15654,0.324794203042984
test_15655,0.5390499234199524
test_15656,0.44817477464675903
test_15657,0.48038434982299805
test_15658,0.3998200297355652
test_15659,0.256920725107193
test_15660,0.34005850553512573
test_15661,0.15069469809532166
test_15662,0.4127359986305237
test_15663,0.4640201926231384
test_15664,0.3084540069103241
test_15665,0.47400304675102234
test_15666,0.46313390135765076
test_15667,0.5638154149055481
test_15668,0.4416668713092804
test_15669,0.41101735830307007
test_15670,0.3677462935447693
test_15671,0.470949649810791
test_15672,0.46792638301849365
test_15673,0.4077526032924652
test_15674,0.45825520157814026
test_15675,0.3322010636329651
test_15676,0.32568955421447754
test_15677,0.29958370327949524
test_15678,0.7365484833717346
test_15679,0.5497211813926697
test_15680,0.39984723925590515
test_15681,0.4110338091850281
test_15682,0.40600189566612244
test_15683,0.5219419002532959
test_15684,0.6681084036827087
test_15685,0.4514758884906769
test_15686,0.38777288794517517
test_15687,0.5645596385002136
test_15688,0.5188602209091187
test_15689,0.42462843656539917
test_15690,0.628752589225769
test_15691,0.4932366609573364
test_15692,0.4871331453323364
test_15693,0.3939005732536316
test_15694,0.8249252438545227
test_15695,0.34333062171936035
test_15696,0.3159915804862976
test_15697,0.12027566879987717
test_15698,0.3236149251461029
test_15699,0.21046140789985657
test_15700,0.6952781677246094
test_15701,0.18108710646629333
test_15702,0.2938324511051178
test_15703,0.4321986734867096
test_15704,0.4145464599132538
test_15705,0.44899222254753113
test_15706,0.5236849188804626
test_15707,0.5807520747184753
test_15708,0.5283856391906738
test_15709,0.4368884563446045
test_15710,0.6230286359786987
test_15711,0.3719775378704071
test_15712,0.5912878513336182
test_15713,0.5444353222846985
test_15714,0.5693432092666626
test_15715,0.3698672354221344
test_15716,0.7722978591918945
test_15717,0.5240143537521362
test_15718,0.612309455871582
test_15719,0.5258843898773193
test_15720,0.40544161200523376
test_15721,0.3254820704460144
test_15722,0.1389164924621582
test_15723,0.17459630966186523
test_15724,0.3324539065361023
test_15725,0.456767201423645
test_15726,0.3289020359516144
test_15727,0.33225762844085693
test_15728,0.4349443316459656
test_15729,0.492620050907135
test_15730,0.5033266544342041
test_15731,0.5704890489578247
test_15732,0.15002819895744324
test_15733,0.43974539637565613
test_15734,0.16613349318504333
test_15735,0.5688462257385254
test_15736,0.3292541801929474
test_15737,0.35955771803855896
test_15738,0.4669671356678009
test_15739,0.32458335161209106
test_15740,0.2873516380786896
test_15741,0.6471773386001587
test_15742,0.5408695936203003
test_15743,0.22994959354400635
test_15744,0.24762898683547974
test_15745,0.1989433914422989
test_15746,0.4064826965332031
test_15747,0.5090864300727844
test_15748,0.258489191532135
test_15749,0.45753926038742065
test_15750,0.43720418214797974
test_15751,0.3844367265701294
test_15752,0.27134251594543457
test_15753,0.40172362327575684
test_15754,0.5151782035827637
test_15755,0.3568287789821625
test_15756,0.301747590303421
test_15757,0.44998303055763245
test_15758,0.5200527310371399
test_15759,0.46052104234695435
test_15760,0.4708375632762909
test_15761,0.6004042625427246
test_15762,0.3548774719238281
test_15763,0.5175001621246338
test_15764,0.36613377928733826
test_15765,0.4003986120223999
test_15766,0.45185181498527527
test_15767,0.41586241126060486
test_15768,0.7171115875244141
test_15769,0.5079606771469116
test_15770,0.5895639657974243
test_15771,0.2761884331703186
test_15772,0.5932478308677673
test_15773,0.3896602690219879
test_15774,0.5579208135604858
test_15775,0.6163861751556396
test_15776,0.5289809107780457
test_15777,0.2899998724460602
test_15778,0.42372971773147583
test_15779,0.4617374539375305
test_15780,0.6506339311599731
test_15781,0.5787814259529114
test_15782,0.579098105430603
test_15783,0.5358465909957886
test_15784,0.4063059985637665
test_15785,0.5683473944664001
test_15786,0.442678838968277
test_15787,0.5431073307991028
test_15788,0.43568602204322815
test_15789,0.42837464809417725
test_15790,0.31137600541114807
test_15791,0.683498740196228
test_15792,0.6020408272743225
test_15793,0.46678072214126587
test_15794,0.8164560198783875
test_15795,0.5438823103904724
test_15796,0.4892702102661133
test_15797,0.44778820872306824
test_15798,0.5531752705574036
test_15799,0.277332067489624
test_15800,0.5554664731025696
test_15801,0.16563022136688232
test_15802,0.5619573593139648
test_15803,0.32596588134765625
test_15804,0.6825896501541138
test_15805,0.4743380546569824
test_15806,0.19722822308540344
test_15807,0.33565136790275574
test_15808,0.473725289106369
test_15809,0.4769227206707001
test_15810,0.5023835897445679
test_15811,0.5681276917457581
test_15812,0.3837333619594574
test_15813,0.09685260057449341
test_15814,0.3123622536659241
test_15815,0.7045100331306458
test_15816,0.5275360941886902
test_15817,0.6734983921051025
test_15818,0.2911287248134613
test_15819,0.5569778084754944
test_15820,0.6428921818733215
test_15821,0.5935835242271423
test_15822,0.341482937335968
test_15823,0.4468962848186493
test_15824,0.370880663394928
test_15825,0.35708439350128174
test_15826,0.29827889800071716
test_15827,0.4870443344116211
test_15828,0.6631901860237122
test_15829,0.3481382727622986
test_15830,0.44652724266052246
test_15831,0.45715153217315674
test_15832,0.5513736605644226
test_15833,0.635522186756134
test_15834,0.2625237703323364
test_15835,0.28318193554878235
test_15836,0.41054031252861023
test_15837,0.5856661200523376
test_15838,0.5953298807144165
test_15839,0.6881634593009949
test_15840,0.23451019823551178
test_15841,0.19506119191646576
test_15842,0.4987468123435974
test_15843,0.5681954026222229
test_15844,0.37681347131729126
test_15845,0.5203679800033569
test_15846,0.5775222182273865
test_15847,0.4218883216381073
test_15848,0.48511525988578796
test_15849,0.5418807864189148
test_15850,0.6411945819854736
test_15851,0.42871972918510437
test_15852,0.4874303340911865
test_15853,0.47830167412757874
test_15854,0.5027437210083008
test_15855,0.4770965874195099
test_15856,0.4455747604370117
test_15857,0.44635722041130066
test_15858,0.3604397475719452
test_15859,0.6352433562278748
test_15860,0.2796051502227783
test_15861,0.32029685378074646
test_15862,0.4488760828971863
test_15863,0.2854750454425812
test_15864,0.4773336350917816
test_15865,0.35415998101234436
test_15866,0.3192351460456848
test_15867,0.4920552968978882
test_15868,0.6185799837112427
test_15869,0.5058544874191284
test_15870,0.44267162680625916
test_15871,0.520702064037323
test_15872,0.2725429832935333
test_15873,0.448156476020813
test_15874,0.5339624881744385
test_15875,0.4312596023082733
test_15876,0.5940399169921875
test_15877,0.47550705075263977
test_15878,0.4821072220802307
test_15879,0.2639187276363373
test_15880,0.2966305911540985
test_15881,0.5237059593200684
test_15882,0.512076199054718
test_15883,0.18960551917552948
test_15884,0.598927915096283
test_15885,0.4258711338043213
test_15886,0.644187867641449
test_15887,0.5964019298553467
test_15888,0.14793413877487183
test_15889,0.5915105938911438
test_15890,0.27693039178848267
test_15891,0.30399343371391296
test_15892,0.15787091851234436
test_15893,0.6719431281089783
test_15894,0.4844113886356354
test_15895,0.5473987460136414
test_15896,0.4625370502471924
test_15897,0.49380800127983093
test_15898,0.5021569728851318
test_15899,0.40777644515037537
test_15900,0.4947827458381653
test_15901,0.23588554561138153
test_15902,0.36694490909576416
test_15903,0.3806985020637512
test_15904,0.5090996623039246
test_15905,0.3434359133243561
test_15906,0.43728774785995483
test_15907,0.32890164852142334
test_15908,0.31231817603111267
test_15909,0.27278274297714233
test_15910,0.6321460008621216
test_15911,0.18088765442371368
test_15912,0.48186397552490234
test_15913,0.5098618268966675
test_15914,0.7099854946136475
test_15915,0.26455920934677124
test_15916,0.42407190799713135
test_15917,0.28364163637161255
test_15918,0.6200971007347107
test_15919,0.11149962246417999
test_15920,0.22113850712776184
test_15921,0.2897554337978363
test_15922,0.6542776823043823
test_15923,0.35777997970581055
test_15924,0.3844752311706543
test_15925,0.4297357201576233
test_15926,0.3913429379463196
test_15927,0.4985726773738861
test_15928,0.5057112574577332
test_15929,0.2854469418525696
test_15930,0.09666822850704193
test_15931,0.4783021807670593
test_15932,0.47053635120391846
test_15933,0.4112515449523926
test_15934,0.23156656324863434
test_15935,0.29258331656455994
test_15936,0.38367244601249695
test_15937,0.5697886347770691
test_15938,0.5394157767295837
test_15939,0.6500759720802307
test_15940,0.4785293936729431
test_15941,0.4000408947467804
test_15942,0.10811945796012878
test_15943,0.33733445405960083
test_15944,0.2363356500864029
test_15945,0.6783823370933533
test_15946,0.22296825051307678
test_15947,0.24563726782798767
test_15948,0.5707032084465027
test_15949,0.13920696079730988
test_15950,0.45391976833343506
test_15951,0.4630144238471985
test_15952,0.4961487948894501
test_15953,0.38190528750419617
test_15954,0.22589455544948578
test_15955,0.521116316318512
test_15956,0.612432599067688
test_15957,0.5765682458877563
test_15958,0.5402774214744568
test_15959,0.45856305956840515
test_15960,0.725051999092102
test_15961,0.4572107195854187
test_15962,0.49964672327041626
test_15963,0.17446176707744598
test_15964,0.5715537071228027
test_15965,0.29303738474845886
test_15966,0.4518624544143677
test_15967,0.43352705240249634
test_15968,0.08200259506702423
test_15969,0.4123709797859192
test_15970,0.37739554047584534
test_15971,0.22490578889846802
test_15972,0.30057984590530396
test_15973,0.5664103627204895
test_15974,0.38289669156074524
test_15975,0.4263232946395874
test_15976,0.5064221620559692
test_15977,0.3630518615245819
test_15978,0.2833462655544281
test_15979,0.6210541725158691
test_15980,0.3298647105693817
test_15981,0.3720567226409912
test_15982,0.4792358875274658
test_15983,0.6077272891998291
test_15984,0.5695810914039612
test_15985,0.44955435395240784
test_15986,0.5300608277320862
test_15987,0.2783348262310028
test_15988,0.23526877164840698
test_15989,0.5419609546661377
test_15990,0.5372498035430908
test_15991,0.4020317494869232
test_15992,0.6134981513023376
test_15993,0.5181753039360046
test_15994,0.3318262994289398
test_15995,0.4699631929397583
test_15996,0.36455488204956055
test_15997,0.2906676232814789
test_15998,0.3816874027252197
test_15999,0.5675345659255981
test_16000,0.4619508981704712
test_16001,0.5155531167984009
test_16002,0.3983636796474457
test_16003,0.24077047407627106
test_16004,0.4852072298526764
test_16005,0.5885432362556458
test_16006,0.27431076765060425
test_16007,0.5412437319755554
test_16008,0.5452402234077454
test_16009,0.40166568756103516
test_16010,0.3412895202636719
test_16011,0.39299309253692627
test_16012,0.5099859833717346
test_16013,0.4694879651069641
test_16014,0.2841529846191406
test_16015,0.37596628069877625
test_16016,0.23619970679283142
test_16017,0.6423799395561218
test_16018,0.5050085783004761
test_16019,0.5429966449737549
test_16020,0.6695939898490906
test_16021,0.35100266337394714
test_16022,0.4359050691127777
test_16023,0.5231486558914185
test_16024,0.36151254177093506
test_16025,0.5229933261871338
test_16026,0.4472558796405792
test_16027,0.49257028102874756
test_16028,0.5985230207443237
test_16029,0.5537021160125732
test_16030,0.33537954092025757
test_16031,0.41924870014190674
test_16032,0.3370063006877899
test_16033,0.32155701518058777
test_16034,0.440582811832428
test_16035,0.49310675263404846
test_16036,0.495865136384964
test_16037,0.4628257751464844
test_16038,0.7009550333023071
test_16039,0.25985583662986755
test_16040,0.47858667373657227
test_16041,0.6287643313407898
test_16042,0.44158387184143066
test_16043,0.5779514312744141
test_16044,0.12368232011795044
test_16045,0.3013913035392761
test_16046,0.4620649516582489
test_16047,0.1664295494556427
test_16048,0.6358315348625183
test_16049,0.5689529180526733
test_16050,0.4134800434112549
test_16051,0.5345596671104431
test_16052,0.5163822770118713
test_16053,0.4367143213748932
test_16054,0.3428117632865906
test_16055,0.4927937984466553
test_16056,0.49689751863479614
test_16057,0.5296894907951355
test_16058,0.5712487697601318
test_16059,0.43315497040748596
test_16060,0.5566339492797852
test_16061,0.6951282024383545
test_16062,0.4049716293811798
test_16063,0.24637211859226227
test_16064,0.40538859367370605
test_16065,0.41177573800086975
test_16066,0.6511794924736023
test_16067,0.11048779636621475
test_16068,0.5960743427276611
test_16069,0.2754250466823578
test_16070,0.4149266183376312
test_16071,0.6147480010986328
test_16072,0.4676694869995117
test_16073,0.5206599831581116
test_16074,0.54569411277771
test_16075,0.7864365577697754
test_16076,0.489183634519577
test_16077,0.567032516002655
test_16078,0.3141500651836395
test_16079,0.43578052520751953
test_16080,0.41379469633102417
test_16081,0.5219861268997192
test_16082,0.49415841698646545
test_16083,0.5325536131858826
test_16084,0.5125471949577332
test_16085,0.4627959430217743
test_16086,0.33463478088378906
test_16087,0.5375189185142517
test_16088,0.5545995235443115
test_16089,0.6315470933914185
test_16090,0.6957341432571411
test_16091,0.45754849910736084
test_16092,0.4800475537776947
test_16093,0.46141454577445984
test_16094,0.46720489859580994
test_16095,0.5397564172744751
test_16096,0.5052400231361389
test_16097,0.3495391011238098
test_16098,0.6585057973861694
test_16099,0.4802950620651245
test_16100,0.4945090413093567
test_16101,0.2720506489276886
test_16102,0.5274388790130615
test_16103,0.44371965527534485
test_16104,0.6012442708015442
test_16105,0.3540162146091461
test_16106,0.37183305621147156
test_16107,0.44153347611427307
test_16108,0.5983027815818787
test_16109,0.5165371894836426
test_16110,0.5373608469963074
test_16111,0.41459420323371887
test_16112,0.43731728196144104
test_16113,0.3106393814086914
test_16114,0.5539747476577759
test_16115,0.5635262727737427
test_16116,0.16848015785217285
test_16117,0.435969740152359
test_16118,0.340689480304718
test_16119,0.6339197158813477
test_16120,0.23664887249469757
test_16121,0.43738967180252075
test_16122,0.3939885199069977
test_16123,0.48560282588005066
test_16124,0.5526971220970154
test_16125,0.45776987075805664
test_16126,0.6053735017776489
test_16127,0.42199283838272095
test_16128,0.18177925050258636
test_16129,0.5530351400375366
test_16130,0.3319396674633026
test_16131,0.4160049855709076
test_16132,0.44528087973594666
test_16133,0.5929550528526306
test_16134,0.4673054814338684
test_16135,0.6170873641967773
test_16136,0.5766035318374634
test_16137,0.4172683358192444
test_16138,0.4728154242038727
test_16139,0.4871312081813812
test_16140,0.3211134076118469
test_16141,0.32391634583473206
test_16142,0.5553153157234192
test_16143,0.5240914821624756
test_16144,0.5758068561553955
test_16145,0.6226382851600647
test_16146,0.47951430082321167
test_16147,0.5195123553276062
test_16148,0.52501380443573
test_16149,0.2701241374015808
test_16150,0.5567295551300049
test_16151,0.43182373046875
test_16152,0.2796608507633209
test_16153,0.41822823882102966
test_16154,0.2436283677816391
test_16155,0.4647500216960907
test_16156,0.3591775596141815
test_16157,0.64750736951828
test_16158,0.37833812832832336
test_16159,0.22986240684986115
test_16160,0.6213940382003784
test_16161,0.32990285754203796
test_16162,0.3508555293083191
test_16163,0.31437185406684875
test_16164,0.2319403737783432
test_16165,0.5657415390014648
test_16166,0.4479462504386902
test_16167,0.31703782081604004
test_16168,0.23425154387950897
test_16169,0.6289693117141724
test_16170,0.47311046719551086
test_16171,0.589914083480835
test_16172,0.5112971663475037
test_16173,0.428721159696579
test_16174,0.28578904271125793
test_16175,0.5251298546791077
test_16176,0.5330696105957031
test_16177,0.22830970585346222
test_16178,0.4640480577945709
test_16179,0.44484519958496094
test_16180,0.32733896374702454
test_16181,0.5241578221321106
test_16182,0.48983633518218994
test_16183,0.5404671430587769
test_16184,0.43450799584388733
test_16185,0.5798766613006592
test_16186,0.35481342673301697
test_16187,0.30382561683654785
test_16188,0.1480541080236435
test_16189,0.5246621370315552
test_16190,0.29115647077560425
test_16191,0.37615248560905457
test_16192,0.7047102451324463
test_16193,0.4954466223716736
test_16194,0.2519063353538513
test_16195,0.21753494441509247
test_16196,0.41017311811447144
test_16197,0.4787978231906891
test_16198,0.399969220161438
test_16199,0.6847086548805237
test_16200,0.3166047930717468
test_16201,0.6037694215774536
test_16202,0.4290451407432556
test_16203,0.36011332273483276
test_16204,0.3256910443305969
test_16205,0.11246635019779205
test_16206,0.6880888938903809
test_16207,0.4867057502269745
test_16208,0.5237672328948975
test_16209,0.49650001525878906
test_16210,0.36165767908096313
test_16211,0.4397450387477875
test_16212,0.602744996547699
test_16213,0.384769082069397
test_16214,0.5300117135047913
test_16215,0.277803897857666
test_16216,0.17656083405017853
test_16217,0.6216346025466919
test_16218,0.33633413910865784
test_16219,0.4126777946949005
test_16220,0.2311452478170395
test_16221,0.36186110973358154
test_16222,0.43173688650131226
test_16223,0.3636610209941864
test_16224,0.6619530916213989
test_16225,0.38334378600120544
test_16226,0.6121500730514526
test_16227,0.14744825661182404
test_16228,0.4065015912055969
test_16229,0.23201382160186768
test_16230,0.444074809551239
test_16231,0.6393041610717773
test_16232,0.3387904167175293
test_16233,0.7122805714607239
test_16234,0.3398992717266083
test_16235,0.6015287041664124
test_16236,0.5062821507453918
test_16237,0.3354690670967102
test_16238,0.6384344100952148
test_16239,0.6083071827888489
test_16240,0.580322265625
test_16241,0.5552725791931152
test_16242,0.4483610689640045
test_16243,0.5476484298706055
test_16244,0.4079994857311249
test_16245,0.3728242814540863
test_16246,0.5411568284034729
test_16247,0.6406129598617554
test_16248,0.5559763312339783
test_16249,0.3850562274456024
test_16250,0.618181586265564
test_16251,0.4345133900642395
test_16252,0.6978318095207214
test_16253,0.3599216639995575
test_16254,0.4249223470687866
test_16255,0.5545951128005981
test_16256,0.3357214629650116
test_16257,0.6390476226806641
test_16258,0.3851509988307953
test_16259,0.760339081287384
test_16260,0.5268997550010681
test_16261,0.4316028952598572
test_16262,0.5193384885787964
test_16263,0.14355133473873138
test_16264,0.6824782490730286
test_16265,0.44548144936561584
test_16266,0.5118046402931213
test_16267,0.5624485015869141
test_16268,0.43572258949279785
test_16269,0.4129124879837036
test_16270,0.5008574724197388
test_16271,0.4659325182437897
test_16272,0.44709789752960205
test_16273,0.4534434676170349
test_16274,0.3970390558242798
test_16275,0.3294896185398102
test_16276,0.40853792428970337
test_16277,0.6528464555740356
test_16278,0.18979790806770325
test_16279,0.3831283748149872
test_16280,0.5748826861381531
test_16281,0.22547109425067902
test_16282,0.6174734234809875
test_16283,0.3681831359863281
test_16284,0.18321923911571503
test_16285,0.4969899654388428
test_16286,0.3559100031852722
test_16287,0.46107667684555054
test_16288,0.5694024562835693
test_16289,0.4097452461719513
test_16290,0.5066931843757629
test_16291,0.5807434320449829
test_16292,0.5910529494285583
test_16293,0.4834991693496704
test_16294,0.403213232755661
test_16295,0.59574955701828
test_16296,0.5863204598426819
test_16297,0.5558201670646667
test_16298,0.2386426478624344
test_16299,0.2848033308982849
test_16300,0.43847915530204773
test_16301,0.5491918325424194
test_16302,0.4789002239704132
test_16303,0.20946568250656128
test_16304,0.534178614616394
test_16305,0.5710604786872864
test_16306,0.5302910208702087
test_16307,0.6037444472312927
test_16308,0.28600582480430603
test_16309,0.3874507546424866
test_16310,0.6155138611793518
test_16311,0.30688807368278503
test_16312,0.396808922290802
test_16313,0.46726828813552856
test_16314,0.5489245653152466
test_16315,0.4515344202518463
test_16316,0.4721589982509613
test_16317,0.10335564613342285
test_16318,0.26070737838745117
test_16319,0.24260394275188446
test_16320,0.424243688583374
test_16321,0.5406153202056885
test_16322,0.5035325288772583
test_16323,0.5989365577697754
test_16324,0.5331968069076538
test_16325,0.40757036209106445
test_16326,0.41461387276649475
test_16327,0.34790468215942383
test_16328,0.4822782576084137
test_16329,0.37051302194595337
test_16330,0.5801606774330139
test_16331,0.24876852333545685
test_16332,0.5129664540290833
test_16333,0.5271959900856018
test_16334,0.5480708479881287
test_16335,0.40256255865097046
test_16336,0.23678219318389893
test_16337,0.7356422543525696
test_16338,0.4386538863182068
test_16339,0.3751281201839447
test_16340,0.3207624554634094
test_16341,0.39204540848731995
test_16342,0.5232004523277283
test_16343,0.49600768089294434
test_16344,0.5725356340408325
test_16345,0.2587253451347351
test_16346,0.4714343249797821
test_16347,0.4776298999786377
test_16348,0.21389129757881165
test_16349,0.6727268695831299
test_16350,0.48927950859069824
test_16351,0.508344292640686
test_16352,0.3835606575012207
test_16353,0.5148805379867554
test_16354,0.3057674467563629
test_16355,0.5618503093719482
test_16356,0.3819766044616699
test_16357,0.4471542239189148
test_16358,0.366986483335495
test_16359,0.4560140371322632
test_16360,0.3275841772556305
test_16361,0.32955852150917053
test_16362,0.21228185296058655
test_16363,0.5365470051765442
test_16364,0.39682844281196594
test_16365,0.4904700219631195
test_16366,0.6281298398971558
test_16367,0.5991209745407104
test_16368,0.46839699149131775
test_16369,0.3663896918296814
test_16370,0.2849893867969513
test_16371,0.4463356137275696
test_16372,0.4119621813297272
test_16373,0.5808559656143188
test_16374,0.398857444524765
test_16375,0.6145337224006653
test_16376,0.5863030552864075
test_16377,0.33101212978363037
test_16378,0.485808402299881
test_16379,0.48830026388168335
test_16380,0.15381856262683868
test_16381,0.3351762592792511
test_16382,0.5228225588798523
test_16383,0.4815499484539032
test_16384,0.5457756519317627
test_16385,0.5291625261306763
test_16386,0.2255696803331375
test_16387,0.4472258388996124
test_16388,0.35405129194259644
test_16389,0.3430153727531433
test_16390,0.46910789608955383
test_16391,0.4630536735057831
test_16392,0.7172265648841858
test_16393,0.711786687374115
test_16394,0.39097627997398376
test_16395,0.2832500636577606
test_16396,0.5459669232368469
test_16397,0.3159739673137665
test_16398,0.5811915993690491
test_16399,0.6943122148513794
test_16400,0.3611091375350952
test_16401,0.4741349518299103
test_16402,0.502981960773468
test_16403,0.5960017442703247
test_16404,0.480171799659729
test_16405,0.34867092967033386
test_16406,0.5288547873497009
test_16407,0.5401750802993774
test_16408,0.4943353533744812
test_16409,0.6417505145072937
test_16410,0.23180362582206726
test_16411,0.48055410385131836
test_16412,0.30864423513412476
test_16413,0.28630027174949646
test_16414,0.49778541922569275
test_16415,0.2577747106552124
test_16416,0.3750799596309662
test_16417,0.37405475974082947
test_16418,0.19247987866401672
test_16419,0.3168566823005676
test_16420,0.41207486391067505
test_16421,0.6550542712211609
test_16422,0.4970431327819824
test_16423,0.8743666410446167
test_16424,0.23333515226840973
test_16425,0.35271474719047546
test_16426,0.4073394238948822
test_16427,0.3039875328540802
test_16428,0.604668140411377
test_16429,0.30283790826797485
test_16430,0.42868757247924805
test_16431,0.3534769117832184
test_16432,0.4710151255130768
test_16433,0.6084133982658386
test_16434,0.5072205066680908
test_16435,0.230162113904953
test_16436,0.49375399947166443
test_16437,0.3846209645271301
test_16438,0.39304813742637634
test_16439,0.5081337094306946
test_16440,0.413051962852478
test_16441,0.35799697041511536
test_16442,0.4325275123119354
test_16443,0.4405091106891632
test_16444,0.5178924798965454
test_16445,0.5252023935317993
test_16446,0.408561110496521
test_16447,0.3145504295825958
test_16448,0.41011327505111694
test_16449,0.6662384271621704
test_16450,0.6776208281517029
test_16451,0.10319064557552338
test_16452,0.5502088069915771
test_16453,0.5558014512062073
test_16454,0.4710807204246521
test_16455,0.3787238597869873
test_16456,0.2578486502170563
test_16457,0.5874897241592407
test_16458,0.4353580176830292
test_16459,0.31406840682029724
test_16460,0.43271589279174805
test_16461,0.39879536628723145
test_16462,0.47585079073905945
test_16463,0.5472963452339172
test_16464,0.5243837237358093
test_16465,0.6330794095993042
test_16466,0.3458254039287567
test_16467,0.5058344602584839
test_16468,0.355380654335022
test_16469,0.46339407563209534
test_16470,0.5184348821640015
test_16471,0.36460405588150024
test_16472,0.43306413292884827
test_16473,0.45276328921318054
test_16474,0.3375910818576813
test_16475,0.25527095794677734
test_16476,0.2877195179462433
test_16477,0.42441460490226746
test_16478,0.5964483618736267
test_16479,0.6606605648994446
test_16480,0.31593507528305054
test_16481,0.25927868485450745
test_16482,0.11676038801670074
test_16483,0.4165893793106079
test_16484,0.502234697341919
test_16485,0.5241653323173523
test_16486,0.31204694509506226
test_16487,0.6454434990882874
test_16488,0.5127440690994263
test_16489,0.5940525531768799
test_16490,0.2748858630657196
test_16491,0.3912007212638855
test_16492,0.37994998693466187
test_16493,0.2504911720752716
test_16494,0.4923957586288452
test_16495,0.3097350299358368
test_16496,0.4962606728076935
test_16497,0.4023638963699341
test_16498,0.6097986698150635
test_16499,0.44536587595939636
test_16500,0.469247430562973
test_16501,0.23898792266845703
test_16502,0.5222271680831909
test_16503,0.4396665394306183
test_16504,0.49976205825805664
test_16505,0.4383493959903717
test_16506,0.6345435976982117
test_16507,0.6149693131446838
test_16508,0.3679789900779724
test_16509,0.5087730884552002
test_16510,0.8910075426101685
test_16511,0.403816282749176
test_16512,0.3284894824028015
test_16513,0.46015235781669617
test_16514,0.4822983145713806
test_16515,0.449470192193985
test_16516,0.26926594972610474
test_16517,0.21579913794994354
test_16518,0.7112876176834106
test_16519,0.6425102949142456
test_16520,0.3656427562236786
test_16521,0.4876505732536316
test_16522,0.7044010162353516
test_16523,0.6013579368591309
test_16524,0.47570109367370605
test_16525,0.5762574076652527
test_16526,0.5017919540405273
test_16527,0.5767790079116821
test_16528,0.49280351400375366
test_16529,0.47287681698799133
test_16530,0.44519779086112976
test_16531,0.4761688709259033
test_16532,0.6661663055419922
test_16533,0.6438616514205933
test_16534,0.47468775510787964
test_16535,0.694349467754364
test_16536,0.5221810936927795
test_16537,0.523415744304657
test_16538,0.492348313331604
test_16539,0.6962001919746399
test_16540,0.49560546875
test_16541,0.3989197313785553
test_16542,0.5258936882019043
test_16543,0.31576240062713623
test_16544,0.48516103625297546
test_16545,0.18576303124427795
test_16546,0.40900757908821106
test_16547,0.4591493010520935
test_16548,0.29264017939567566
test_16549,0.7699344158172607
test_16550,0.38546261191368103
test_16551,0.5348545908927917
test_16552,0.4438287913799286
test_16553,0.2990089952945709
test_16554,0.44948306679725647
test_16555,0.5150144696235657
test_16556,0.5308859944343567
test_16557,0.21709881722927094
test_16558,0.4297487139701843
test_16559,0.5393680334091187
test_16560,0.6810521483421326
test_16561,0.44554081559181213
test_16562,0.3880806863307953
test_16563,0.579957902431488
test_16564,0.46723800897598267
test_16565,0.5545647144317627
test_16566,0.5765857100486755
test_16567,0.39088761806488037
test_16568,0.3723270893096924
test_16569,0.4599847197532654
test_16570,0.4840579032897949
test_16571,0.4765016734600067
test_16572,0.6345716118812561
test_16573,0.4665091931819916
test_16574,0.5197640657424927
test_16575,0.4010874927043915
test_16576,0.4769352376461029
test_16577,0.42877376079559326
test_16578,0.3341110646724701
test_16579,0.3832818567752838
test_16580,0.5151777267456055
test_16581,0.5123693943023682
test_16582,0.6095535755157471
test_16583,0.7231243848800659
test_16584,0.5869244337081909
test_16585,0.506840169429779
test_16586,0.28022462129592896
test_16587,0.6202025413513184
test_16588,0.541152834892273
test_16589,0.26282596588134766
test_16590,0.33396288752555847
test_16591,0.28882065415382385
test_16592,0.33715903759002686
test_16593,0.24820652604103088
test_16594,0.4139564037322998
test_16595,0.09443032741546631
test_16596,0.4194289743900299
test_16597,0.6660200953483582
test_16598,0.38119736313819885
test_16599,0.661503791809082
test_16600,0.5334116220474243
test_16601,0.4931834042072296
test_16602,0.6064507961273193
test_16603,0.3540665805339813
test_16604,0.425909161567688
test_16605,0.48027753829956055
test_16606,0.5960202813148499
test_16607,0.4472120702266693
test_16608,0.5331067442893982
test_16609,0.5496987104415894
test_16610,0.3843473196029663
test_16611,0.33445146679878235
test_16612,0.583906352519989
test_16613,0.3529232144355774
test_16614,0.20360295474529266
test_16615,0.7753199338912964
test_16616,0.3415100574493408
test_16617,0.38320285081863403
test_16618,0.3134326934814453
test_16619,0.30094754695892334
test_16620,0.5273110270500183
test_16621,0.5521445870399475
test_16622,0.4842384457588196
test_16623,0.15900515019893646
test_16624,0.41871732473373413
test_16625,0.5969717502593994
test_16626,0.4013092815876007
test_16627,0.6038993000984192
test_16628,0.549132227897644
test_16629,0.31896960735321045
test_16630,0.4896802604198456
test_16631,0.4222218692302704
test_16632,0.4674730896949768
test_16633,0.5776343941688538
test_16634,0.6582323908805847
test_16635,0.46640700101852417
test_16636,0.47525423765182495
test_16637,0.5045750737190247
test_16638,0.17489585280418396
test_16639,0.5289199948310852
test_16640,0.6272833943367004
test_16641,0.40229713916778564
test_16642,0.23306456208229065
test_16643,0.5203704833984375
test_16644,0.45469948649406433
test_16645,0.5460629463195801
test_16646,0.25379595160484314
test_16647,0.3821762502193451
test_16648,0.3266109228134155
test_16649,0.14900127053260803
test_16650,0.2825332283973694
test_16651,0.5482391119003296
test_16652,0.39587196707725525
test_16653,0.5055928826332092
test_16654,0.3396046459674835
test_16655,0.5087577700614929
test_16656,0.3101205825805664
test_16657,0.5025371313095093
test_16658,0.35501062870025635
test_16659,0.5478500127792358
test_16660,0.4228324294090271
test_16661,0.41979989409446716
test_16662,0.34683334827423096
test_16663,0.13402310013771057
test_16664,0.27581217885017395
test_16665,0.49941644072532654
test_16666,0.5720154643058777
test_16667,0.4512951672077179
test_16668,0.4894123673439026
test_16669,0.16541358828544617
test_16670,0.313489705324173
test_16671,0.47138071060180664
test_16672,0.41341346502304077
test_16673,0.2044718861579895
test_16674,0.5352518558502197
test_16675,0.49754011631011963
test_16676,0.461559921503067
test_16677,0.3737170994281769
test_16678,0.670846700668335
test_16679,0.4821624457836151
test_16680,0.47526758909225464
test_16681,0.2409057468175888
test_16682,0.4826204776763916
test_16683,0.6200385093688965
test_16684,0.6015197038650513
test_16685,0.5854629278182983
test_16686,0.19593997299671173
test_16687,0.764965295791626
test_16688,0.5490525364875793
test_16689,0.40385788679122925
test_16690,0.5897930860519409
test_16691,0.4646238088607788
test_16692,0.41847363114356995
test_16693,0.4767366349697113
test_16694,0.3603184223175049
test_16695,0.38301289081573486
test_16696,0.6451839208602905
test_16697,0.5523187518119812
test_16698,0.33286064863204956
test_16699,0.5756301879882812
test_16700,0.5373418927192688
test_16701,0.5277401208877563
test_16702,0.6451349854469299
test_16703,0.403368204832077
test_16704,0.4201860725879669
test_16705,0.3561890423297882
test_16706,0.5592660903930664
test_16707,0.5413251519203186
test_16708,0.5222542881965637
test_16709,0.3303293287754059
test_16710,0.6630948781967163
test_16711,0.5809808373451233
test_16712,0.42938992381095886
test_16713,0.24563850462436676
test_16714,0.6526148319244385
test_16715,0.19290393590927124
test_16716,0.5014219880104065
test_16717,0.4975697994232178
test_16718,0.27806422114372253
test_16719,0.4139392375946045
test_16720,0.4245399832725525
test_16721,0.6812636852264404
test_16722,0.42359113693237305
test_16723,0.5867078304290771
test_16724,0.231770858168602
test_16725,0.4757258892059326
test_16726,0.46130967140197754
test_16727,0.4030948281288147
test_16728,0.07525615394115448
test_16729,0.3022616505622864
test_16730,0.37118878960609436
test_16731,0.5136104822158813
test_16732,0.5664178133010864
test_16733,0.4416750967502594
test_16734,0.2477228194475174
test_16735,0.46916288137435913
test_16736,0.3941301107406616
test_16737,0.408554345369339
test_16738,0.45179033279418945
test_16739,0.418831467628479
test_16740,0.5904871225357056
test_16741,0.47059711813926697
test_16742,0.6042094826698303
test_16743,0.4751196503639221
test_16744,0.2116783857345581
test_16745,0.5403226017951965
test_16746,0.44389092922210693
test_16747,0.5691539645195007
test_16748,0.47974538803100586
test_16749,0.37149012088775635
test_16750,0.6222469210624695
test_16751,0.5308631658554077
test_16752,0.39221417903900146
test_16753,0.48145991563796997
test_16754,0.46917665004730225
test_16755,0.31474751234054565
test_16756,0.6902446150779724
test_16757,0.3798478841781616
test_16758,0.37356990575790405
test_16759,0.48984113335609436
test_16760,0.3936229944229126
test_16761,0.33479058742523193
test_16762,0.4378812611103058
test_16763,0.6034941077232361
test_16764,0.26125526428222656
test_16765,0.3862416446208954
test_16766,0.5522189736366272
test_16767,0.37167131900787354
test_16768,0.6041157841682434
test_16769,0.3777289092540741
test_16770,0.4841539263725281
test_16771,0.3001559376716614
test_16772,0.5010965466499329
test_16773,0.4626254737377167
test_16774,0.32326540350914
test_16775,0.15005984902381897
test_16776,0.42229360342025757
test_16777,0.25095632672309875
test_16778,0.5560762882232666
test_16779,0.38663628697395325
test_16780,0.4941475987434387
test_16781,0.5138708353042603
test_16782,0.3950858414173126
test_16783,0.4715196490287781
test_16784,0.4918542206287384
test_16785,0.5181819796562195
test_16786,0.44819971919059753
test_16787,0.5852097272872925
test_16788,0.5586177706718445
test_16789,0.4834766387939453
test_16790,0.47055551409721375
test_16791,0.5825490951538086
test_16792,0.5766470432281494
test_16793,0.264483779668808
test_16794,0.4635728895664215
test_16795,0.25834745168685913
test_16796,0.42705973982810974
test_16797,0.6855441927909851
test_16798,0.5149411559104919
test_16799,0.36701565980911255
test_16800,0.2758901119232178
test_16801,0.3938981592655182
test_16802,0.5403398871421814
test_16803,0.5223096013069153
test_16804,0.15734899044036865
test_16805,0.5607989430427551
test_16806,0.46249911189079285
test_16807,0.531221866607666
test_16808,0.444542795419693
test_16809,0.37012386322021484
test_16810,0.4000681936740875
test_16811,0.5644415616989136
test_16812,0.471560001373291
test_16813,0.4511447548866272
test_16814,0.28835397958755493
test_16815,0.298164963722229
test_16816,0.5298939943313599
test_16817,0.5122004151344299
test_16818,0.47438693046569824
test_16819,0.38915297389030457
test_16820,0.6585443615913391
test_16821,0.5551939606666565
test_16822,0.5615990161895752
test_16823,0.6779957413673401
test_16824,0.46425661444664
test_16825,0.1962876170873642
test_16826,0.6919856071472168
test_16827,0.5028359293937683
test_16828,0.4595320224761963
test_16829,0.422226220369339
test_16830,0.43895477056503296
test_16831,0.3744789659976959
test_16832,0.5319338440895081
test_16833,0.3785390853881836
test_16834,0.3769131898880005
test_16835,0.7596563100814819
test_16836,0.3793448805809021
test_16837,0.3995400071144104
test_16838,0.5093276500701904
test_16839,0.5880424976348877
test_16840,0.5308668613433838
test_16841,0.37262654304504395
test_16842,0.3375259339809418
test_16843,0.5277112126350403
test_16844,0.5478485226631165
test_16845,0.5534865856170654
test_16846,0.5240603089332581
test_16847,0.3836680054664612
test_16848,0.4063488841056824
test_16849,0.4018750488758087
test_16850,0.23539310693740845
test_16851,0.4658508598804474
test_16852,0.12240850925445557
test_16853,0.4754890501499176
test_16854,0.5445306301116943
test_16855,0.5586305856704712
test_16856,0.36979377269744873
test_16857,0.4621780812740326
test_16858,0.5064691305160522
test_16859,0.7439836263656616
test_16860,0.48894935846328735
test_16861,0.6041329503059387
test_16862,0.7369423508644104
test_16863,0.5336160659790039
test_16864,0.42825374007225037
test_16865,0.2589954435825348
test_16866,0.5157477855682373
test_16867,0.3116762638092041
test_16868,0.37238380312919617
test_16869,0.5160760283470154
test_16870,0.6549949049949646
test_16871,0.5216206908226013
test_16872,0.5771881341934204
test_16873,0.43977633118629456
test_16874,0.3912505805492401
test_16875,0.4942123293876648
test_16876,0.5583764910697937
test_16877,0.4271776080131531
test_16878,0.4176287353038788
test_16879,0.6279075741767883
test_16880,0.48677825927734375
test_16881,0.5322309732437134
test_16882,0.329134076833725
test_16883,0.5994245409965515
test_16884,0.5403026342391968
test_16885,0.2798900604248047
test_16886,0.6310745477676392
test_16887,0.5947979688644409
test_16888,0.4929710328578949
test_16889,0.47066691517829895
test_16890,0.5144299864768982
test_16891,0.3521088659763336
test_16892,0.636138379573822
test_16893,0.5979415774345398
test_16894,0.4535076320171356
test_16895,0.3442844748497009
test_16896,0.6819137930870056
test_16897,0.4310705065727234
test_16898,0.8667251467704773
test_16899,0.4449877440929413
test_16900,0.4004128575325012
test_16901,0.4747384786605835
test_16902,0.7122992873191833
test_16903,0.5393680334091187
test_16904,0.5114981532096863
test_16905,0.41607314348220825
test_16906,0.5274104475975037
test_16907,0.6244683265686035
test_16908,0.32180365920066833
test_16909,0.7390379309654236
test_16910,0.4895976781845093
test_16911,0.33526352047920227
test_16912,0.4093765616416931
test_16913,0.30219462513923645
test_16914,0.6141823530197144
test_16915,0.4503287076950073
test_16916,0.43960583209991455
test_16917,0.5047256350517273
test_16918,0.2933327853679657
test_16919,0.37548816204071045
test_16920,0.44942715764045715
test_16921,0.584474503993988
test_16922,0.4105832278728485
test_16923,0.14182133972644806
test_16924,0.5096386075019836
test_16925,0.5079852938652039
test_16926,0.5433135032653809
test_16927,0.6040493845939636
test_16928,0.4803541600704193
test_16929,0.5393719673156738
test_16930,0.6221914887428284
test_16931,0.7494587898254395
test_16932,0.46928077936172485
test_16933,0.3643278479576111
test_16934,0.3735449016094208
test_16935,0.5430245399475098
test_16936,0.5108585953712463
test_16937,0.5637710690498352
test_16938,0.41806095838546753
test_16939,0.4797142744064331
test_16940,0.3188692033290863
test_16941,0.29520463943481445
test_16942,0.5504372715950012
test_16943,0.3514713644981384
test_16944,0.45672252774238586
test_16945,0.43798524141311646
test_16946,0.5976698398590088
test_16947,0.47500160336494446
test_16948,0.5798333287239075
test_16949,0.4484921395778656
test_16950,0.627955436706543
test_16951,0.18384888768196106
test_16952,0.40889912843704224
test_16953,0.29385945200920105
test_16954,0.11170041561126709
test_16955,0.3972729742527008
test_16956,0.4397408962249756
test_16957,0.530593991279602
test_16958,0.5927278995513916
test_16959,0.3736953139305115
test_16960,0.6555908918380737
test_16961,0.4815831482410431
test_16962,0.48388615250587463
test_16963,0.6087988018989563
test_16964,0.43211719393730164
test_16965,0.4521552324295044
test_16966,0.4388737380504608
test_16967,0.2855144739151001
test_16968,0.6523488759994507
test_16969,0.3331526815891266
test_16970,0.24855799973011017
test_16971,0.6172098517417908
test_16972,0.7904806137084961
test_16973,0.166208878159523
test_16974,0.3081343472003937
test_16975,0.4157908260822296
test_16976,0.49518880248069763
test_16977,0.2559354901313782
test_16978,0.5031484365463257
test_16979,0.38663536310195923
test_16980,0.49482932686805725
test_16981,0.4295356571674347
test_16982,0.4931485056877136
test_16983,0.46340668201446533
test_16984,0.29454636573791504
test_16985,0.42074277997016907
test_16986,0.5182530879974365
test_16987,0.5220850706100464
test_16988,0.5164750218391418
test_16989,0.239108145236969
test_16990,0.5098601579666138
test_16991,0.5810307264328003
test_16992,0.4615423083305359
test_16993,0.5186368823051453
test_16994,0.24224941432476044
test_16995,0.37799134850502014
test_16996,0.3499634563922882
test_16997,0.3292478919029236
test_16998,0.5124664306640625
test_16999,0.5117985010147095
test_17000,0.7420176267623901
test_17001,0.5251211524009705
test_17002,0.5244159698486328
test_17003,0.4846092164516449
test_17004,0.3991517722606659
test_17005,0.5883517861366272
test_17006,0.4149605333805084
test_17007,0.41003042459487915
test_17008,0.28508472442626953
test_17009,0.19013860821723938
test_17010,0.3731062114238739
test_17011,0.3692725896835327
test_17012,0.39967507123947144
test_17013,0.5302048921585083
test_17014,0.31584838032722473
test_17015,0.2542722821235657
test_17016,0.4764403998851776
test_17017,0.4576124846935272
test_17018,0.7431365251541138
test_17019,0.3701663613319397
test_17020,0.5659517645835876
test_17021,0.45520415902137756
test_17022,0.24966956675052643
test_17023,0.4324747323989868
test_17024,0.530601441860199
test_17025,0.4830186367034912
test_17026,0.20619183778762817
test_17027,0.4993135929107666
test_17028,0.5359166860580444
test_17029,0.35175788402557373
test_17030,0.5363956689834595
test_17031,0.32266730070114136
test_17032,0.4993281960487366
test_17033,0.17158174514770508
test_17034,0.5038438439369202
test_17035,0.4314854145050049
test_17036,0.404923677444458
test_17037,0.36273500323295593
test_17038,0.38332292437553406
test_17039,0.5328536033630371
test_17040,0.6352562308311462
test_17041,0.43180009722709656
test_17042,0.18998272716999054
test_17043,0.539391279220581
test_17044,0.35204508900642395
test_17045,0.33758315443992615
test_17046,0.4633495509624481
test_17047,0.5642534494400024
test_17048,0.3124549388885498
test_17049,0.4904178977012634
test_17050,0.6160675883293152
test_17051,0.4396926760673523
test_17052,0.3831843137741089
test_17053,0.41833260655403137
test_17054,0.43987858295440674
test_17055,0.39066559076309204
test_17056,0.47566720843315125
test_17057,0.24619178473949432
test_17058,0.5122050642967224
test_17059,0.4734326899051666
test_17060,0.46143287420272827
test_17061,0.43401405215263367
test_17062,0.5487664937973022
test_17063,0.8187798261642456
test_17064,0.3864574730396271
test_17065,0.9220077395439148
test_17066,0.4876985251903534
test_17067,0.7608022689819336
test_17068,0.6663642525672913
test_17069,0.2972141206264496
test_17070,0.26326388120651245
test_17071,0.36194825172424316
test_17072,0.2579110860824585
test_17073,0.16382670402526855
test_17074,0.559531033039093
test_17075,0.40595221519470215
test_17076,0.5766724944114685
test_17077,0.33651426434516907
test_17078,0.2922940254211426
test_17079,0.182356059551239
test_17080,0.4356713593006134
test_17081,0.40312737226486206
test_17082,0.35408487915992737
test_17083,0.5798509120941162
test_17084,0.392112135887146
test_17085,0.46654728055000305
test_17086,0.5913711786270142
test_17087,0.49211472272872925
test_17088,0.6593276858329773
test_17089,0.6530343890190125
test_17090,0.4623519778251648
test_17091,0.27304738759994507
test_17092,0.41561102867126465
test_17093,0.6144385933876038
test_17094,0.351153165102005
test_17095,0.3405461013317108
test_17096,0.4794856309890747
test_17097,0.07381757348775864
test_17098,0.7747966647148132
test_17099,0.5607951283454895
test_17100,0.29062333703041077
test_17101,0.42282527685165405
test_17102,0.48068660497665405
test_17103,0.4418345093727112
test_17104,0.21747100353240967
test_17105,0.5076574087142944
test_17106,0.411065012216568
test_17107,0.4693584442138672
test_17108,0.4515783190727234
test_17109,0.49585792422294617
test_17110,0.39240866899490356
test_17111,0.5272257328033447
test_17112,0.4445679485797882
test_17113,0.5968475937843323
test_17114,0.3347092568874359
test_17115,0.6974953413009644
test_17116,0.1427614837884903
test_17117,0.2842518389225006
test_17118,0.28771093487739563
test_17119,0.7342227697372437
test_17120,0.3288828134536743
test_17121,0.2490329146385193
test_17122,0.3815654516220093
test_17123,0.44240736961364746
test_17124,0.5527493357658386
test_17125,0.1291244626045227
test_17126,0.5150058269500732
test_17127,0.7182091474533081
test_17128,0.5058019161224365
test_17129,0.5694771409034729
test_17130,0.6663966774940491
test_17131,0.7416362166404724
test_17132,0.6955083608627319
test_17133,0.5992153286933899
test_17134,0.6541492938995361
test_17135,0.546050488948822
test_17136,0.5149733424186707
test_17137,0.380329966545105
test_17138,0.39039990305900574
test_17139,0.473067969083786
test_17140,0.11755204200744629
test_17141,0.4862743020057678
test_17142,0.6162830591201782
test_17143,0.5077985525131226
test_17144,0.48675233125686646
test_17145,0.6358603239059448
test_17146,0.4525987505912781
test_17147,0.5294382572174072
test_17148,0.22325372695922852
test_17149,0.39020195603370667
test_17150,0.5475736856460571
test_17151,0.5055298209190369
test_17152,0.38993269205093384
test_17153,0.5076106190681458
test_17154,0.5410872101783752
test_17155,0.41838401556015015
test_17156,0.3310609459877014
test_17157,0.7186461687088013
test_17158,0.6890010237693787
test_17159,0.26249852776527405
test_17160,0.5977210402488708
test_17161,0.3309861421585083
test_17162,0.38641294836997986
test_17163,0.2795667350292206
test_17164,0.5787574648857117
test_17165,0.40682950615882874
test_17166,0.5137192606925964
test_17167,0.34350094199180603
test_17168,0.35816895961761475
test_17169,0.4506732225418091
test_17170,0.37040820717811584
test_17171,0.3864996135234833
test_17172,0.18999728560447693
test_17173,0.47410687804222107
test_17174,0.16545307636260986
test_17175,0.33590584993362427
test_17176,0.47662481665611267
test_17177,0.0951135903596878
test_17178,0.27081045508384705
test_17179,0.4365905821323395
test_17180,0.6016711592674255
test_17181,0.3079405725002289
test_17182,0.2662127912044525
test_17183,0.44242629408836365
test_17184,0.6745442748069763
test_17185,0.35920968651771545
test_17186,0.44250333309173584
test_17187,0.41858142614364624
test_17188,0.5097076892852783
test_17189,0.4340413510799408
test_17190,0.5367638468742371
test_17191,0.3217330574989319
test_17192,0.28075557947158813
test_17193,0.4623471200466156
test_17194,0.4751793444156647
test_17195,0.38184982538223267
test_17196,0.43936288356781006
test_17197,0.24409466981887817
test_17198,0.506779670715332
test_17199,0.59354567527771
test_17200,0.31555992364883423
test_17201,0.4144764840602875
test_17202,0.6497260332107544
test_17203,0.5062136650085449
test_17204,0.6120634078979492
test_17205,0.16391417384147644
test_17206,0.4503384828567505
test_17207,0.39191949367523193
test_17208,0.5264773964881897
test_17209,0.4946102797985077
test_17210,0.2836185395717621
test_17211,0.4768529236316681
test_17212,0.5670018196105957
test_17213,0.4097137153148651
test_17214,0.407050758600235
test_17215,0.22535158693790436
test_17216,0.5291648507118225
test_17217,0.4144974648952484
test_17218,0.6327931880950928
test_17219,0.48146581649780273
test_17220,0.1381484866142273
test_17221,0.4351525902748108
test_17222,0.47456154227256775
test_17223,0.530316174030304
test_17224,0.5978860259056091
test_17225,0.2625999450683594
test_17226,0.2987518310546875
test_17227,0.4013456702232361
test_17228,0.45037195086479187
test_17229,0.26408854126930237
test_17230,0.6425907015800476
test_17231,0.30179688334465027
test_17232,0.5910541415214539
test_17233,0.542247474193573
test_17234,0.38859131932258606
test_17235,0.28974246978759766
test_17236,0.6111705899238586
test_17237,0.4461040794849396
test_17238,0.578235387802124
test_17239,0.3680589199066162
test_17240,0.3864431381225586
test_17241,0.5956305265426636
test_17242,0.45892059803009033
test_17243,0.5347986221313477
test_17244,0.45377975702285767
test_17245,0.646640956401825
test_17246,0.5958817601203918
test_17247,0.2035532295703888
test_17248,0.37379229068756104
test_17249,0.5266488194465637
test_17250,0.2945271134376526
test_17251,0.6130958199501038
test_17252,0.37214425206184387
test_17253,0.33657634258270264
test_17254,0.4921586513519287
test_17255,0.5002825260162354
test_17256,0.2695866525173187
test_17257,0.48836052417755127
test_17258,0.31040069460868835
test_17259,0.39441218972206116
test_17260,0.3685048520565033
test_17261,0.4793980121612549
test_17262,0.48482269048690796
test_17263,0.5541225075721741
test_17264,0.4263598620891571
test_17265,0.4576025903224945
test_17266,0.8462557792663574
test_17267,0.34155869483947754
test_17268,0.5474444031715393
test_17269,0.4920746982097626
test_17270,0.4228821396827698
test_17271,0.3745349049568176
test_17272,0.3722267746925354
test_17273,0.5134584307670593
test_17274,0.272489070892334
test_17275,0.41672345995903015
test_17276,0.5191780924797058
test_17277,0.20568658411502838
test_17278,0.5896948575973511
test_17279,0.32979917526245117
test_17280,0.4740871489048004
test_17281,0.5347472429275513
test_17282,0.36365559697151184
test_17283,0.5933639407157898
test_17284,0.6297963857650757
test_17285,0.5830734372138977
test_17286,0.4965588450431824
test_17287,0.48841068148612976
test_17288,0.6498640179634094
test_17289,0.45073404908180237
test_17290,0.5194295644760132
test_17291,0.8069949746131897
test_17292,0.6413705348968506
test_17293,0.4376313090324402
test_17294,0.5536394715309143
test_17295,0.7333982586860657
test_17296,0.14671598374843597
test_17297,0.219789519906044
test_17298,0.820236325263977
test_17299,0.2364700883626938
test_17300,0.20588763058185577
test_17301,0.4417854845523834
test_17302,0.45859354734420776
test_17303,0.4627115726470947
test_17304,0.5706486105918884
test_17305,0.36550092697143555
test_17306,0.5624499917030334
test_17307,0.4826202690601349
test_17308,0.2806754410266876
test_17309,0.424456387758255
test_17310,0.33586955070495605
test_17311,0.6078571677207947
test_17312,0.35412076115608215
test_17313,0.43478015065193176
test_17314,0.5641135573387146
test_17315,0.5828540325164795
test_17316,0.35455286502838135
test_17317,0.5218062400817871
test_17318,0.5982950925827026
test_17319,0.3623291254043579
test_17320,0.5656487345695496
test_17321,0.6258732676506042
test_17322,0.5823459029197693
test_17323,0.457645446062088
test_17324,0.5621829032897949
test_17325,0.3963446021080017
test_17326,0.4873028099536896
test_17327,0.4970342516899109
test_17328,0.3724851608276367
test_17329,0.41794535517692566
test_17330,0.2894282937049866
test_17331,0.4896504878997803
test_17332,0.33968842029571533
test_17333,0.5384252071380615
test_17334,0.34840428829193115
test_17335,0.4446071684360504
test_17336,0.4906977117061615
test_17337,0.3165731430053711
test_17338,0.4726485013961792
test_17339,0.5111478567123413
test_17340,0.3886534869670868
test_17341,0.5043441653251648
test_17342,0.11753728985786438
test_17343,0.45956695079803467
test_17344,0.4027719795703888
test_17345,0.7006228566169739
test_17346,0.5734878182411194
test_17347,0.2526925206184387
test_17348,0.6134933829307556
test_17349,0.48807236552238464
test_17350,0.37263840436935425
test_17351,0.359239786863327
test_17352,0.4151413142681122
test_17353,0.53177809715271
test_17354,0.28554823994636536
test_17355,0.3930448889732361
test_17356,0.5134010910987854
test_17357,0.5528757572174072
test_17358,0.5072308778762817
test_17359,0.4479645788669586
test_17360,0.57301265001297
test_17361,0.4884324073791504
test_17362,0.5387172698974609
test_17363,0.4092712104320526
test_17364,0.5729659199714661
test_17365,0.48805567622184753
test_17366,0.7157397866249084
test_17367,0.37294209003448486
test_17368,0.41901564598083496
test_17369,0.6488053202629089
test_17370,0.5026988387107849
test_17371,0.7057743072509766
test_17372,0.2611522376537323
test_17373,0.613702654838562
test_17374,0.5109986662864685
test_17375,0.5811759829521179
test_17376,0.5553825497627258
test_17377,0.3148905336856842
test_17378,0.39893418550491333
test_17379,0.588206946849823
test_17380,0.3856041133403778
test_17381,0.2505561113357544
test_17382,0.6930292844772339
test_17383,0.5467171669006348
test_17384,0.5297670960426331
test_17385,0.4870642423629761
test_17386,0.28584375977516174
test_17387,0.7759213447570801
test_17388,0.3956791162490845
test_17389,0.5307893753051758
test_17390,0.3072829246520996
test_17391,0.3276725709438324
test_17392,0.2857520878314972
test_17393,0.4547777771949768
test_17394,0.5857359170913696
test_17395,0.45557454228401184
test_17396,0.6277603507041931
test_17397,0.16239577531814575
test_17398,0.49542081356048584
test_17399,0.3725653290748596
test_17400,0.47390374541282654
test_17401,0.35549861192703247
test_17402,0.4026643931865692
test_17403,0.45912930369377136
test_17404,0.15545931458473206
test_17405,0.3292914032936096
test_17406,0.41583874821662903
test_17407,0.26587390899658203
test_17408,0.5898216962814331
test_17409,0.4884960651397705
test_17410,0.5153194665908813
test_17411,0.5030010938644409
test_17412,0.37539801001548767
test_17413,0.25903820991516113
test_17414,0.3354111313819885
test_17415,0.6433894634246826
test_17416,0.3953360617160797
test_17417,0.5666602253913879
test_17418,0.3363794982433319
test_17419,0.5210977792739868
test_17420,0.2571567893028259
test_17421,0.34205323457717896
test_17422,0.4100317656993866
test_17423,0.5750819444656372
test_17424,0.30333226919174194
test_17425,0.49698302149772644
test_17426,0.30955183506011963
test_17427,0.27979975938796997
test_17428,0.48292437195777893
test_17429,0.5058448910713196
test_17430,0.495987206697464
test_17431,0.39287370443344116
test_17432,0.440372496843338
test_17433,0.29255783557891846
test_17434,0.46326744556427
test_17435,0.4481874406337738
test_17436,0.4303544759750366
test_17437,0.32372963428497314
test_17438,0.46685242652893066
test_17439,0.4966932237148285
test_17440,0.3125581443309784
test_17441,0.6405499577522278
test_17442,0.503625214099884
test_17443,0.6206989288330078
test_17444,0.47342172265052795
test_17445,0.6205343008041382
test_17446,0.4023096561431885
test_17447,0.2787308394908905
test_17448,0.4107769727706909
test_17449,0.28236961364746094
test_17450,0.42414695024490356
test_17451,0.5039271712303162
test_17452,0.11024985462427139
test_17453,0.41643449664115906
test_17454,0.6413134336471558
test_17455,0.46168145537376404
test_17456,0.6088989973068237
test_17457,0.45471298694610596
test_17458,0.45298880338668823
test_17459,0.43039628863334656
test_17460,0.5498661994934082
test_17461,0.397567480802536
test_17462,0.4765077233314514
test_17463,0.44068628549575806
test_17464,0.4878174960613251
test_17465,0.34533846378326416
test_17466,0.28415626287460327
test_17467,0.5383995175361633
test_17468,0.6907472610473633
test_17469,0.3978773057460785
test_17470,0.46587279438972473
test_17471,0.4218309223651886
test_17472,0.45013269782066345
test_17473,0.2556357681751251
test_17474,0.4588530361652374
test_17475,0.3150094151496887
test_17476,0.4707217514514923
test_17477,0.45276254415512085
test_17478,0.5779405832290649
test_17479,0.3586656451225281
test_17480,0.471346914768219
test_17481,0.35064053535461426
test_17482,0.4126226305961609
test_17483,0.5653902888298035
test_17484,0.40147122740745544
test_17485,0.34312963485717773
test_17486,0.43414244055747986
test_17487,0.21765178442001343
test_17488,0.4374810755252838
test_17489,0.44364118576049805
test_17490,0.41012105345726013
test_17491,0.5211195349693298
test_17492,0.3504728078842163
test_17493,0.43950432538986206
test_17494,0.6577763557434082
test_17495,0.5377322435379028
test_17496,0.4632984697818756
test_17497,0.3700551688671112
test_17498,0.6535568237304688
test_17499,0.484020859003067
test_17500,0.22914765775203705
test_17501,0.5097873210906982
test_17502,0.7081747651100159
test_17503,0.624385416507721
test_17504,0.45034661889076233
test_17505,0.20119160413742065
test_17506,0.44040459394454956
test_17507,0.17991910874843597
test_17508,0.5685344934463501
test_17509,0.6552739143371582
test_17510,0.406345933675766
test_17511,0.567152202129364
test_17512,0.5230851769447327
test_17513,0.4734988510608673
test_17514,0.3613721430301666
test_17515,0.6856637597084045
test_17516,0.4935438632965088
test_17517,0.4106079041957855
test_17518,0.16305845975875854
test_17519,0.48421943187713623
test_17520,0.5508028864860535
test_17521,0.48876675963401794
test_17522,0.43170231580734253
test_17523,0.3305603265762329
test_17524,0.4249621331691742
test_17525,0.5206884145736694
test_17526,0.37929567694664
test_17527,0.38929682970046997
test_17528,0.5932082533836365
test_17529,0.3841061592102051
test_17530,0.4381188452243805
test_17531,0.8334572315216064
test_17532,0.5323457717895508
test_17533,0.7537583112716675
test_17534,0.491036593914032
test_17535,0.2491089403629303
test_17536,0.4116678237915039
test_17537,0.4979540705680847
test_17538,0.5971516370773315
test_17539,0.4635469913482666
test_17540,0.5453566908836365
test_17541,0.4895366430282593
test_17542,0.439532607793808
test_17543,0.2623298764228821
test_17544,0.4512743055820465
test_17545,0.39943379163742065
test_17546,0.5259752869606018
test_17547,0.7379485368728638
test_17548,0.5925511717796326
test_17549,0.16077812016010284
test_17550,0.41905274987220764
test_17551,0.2366439551115036
test_17552,0.41330987215042114
test_17553,0.21937140822410583
test_17554,0.4903525412082672
test_17555,0.35468360781669617
test_17556,0.24042662978172302
test_17557,0.4476480782032013
test_17558,0.2805831730365753
test_17559,0.3659863770008087
test_17560,0.5110741257667542
test_17561,0.5453715920448303
test_17562,0.31565263867378235
test_17563,0.4798085391521454
test_17564,0.20152202248573303
test_17565,0.43640103936195374
test_17566,0.22975261509418488
test_17567,0.645734429359436
test_17568,0.38200777769088745
test_17569,0.35517287254333496
test_17570,0.47527480125427246
test_17571,0.6351972818374634
test_17572,0.5403046011924744
test_17573,0.5214716792106628
test_17574,0.5587224364280701
test_17575,0.3171881437301636
test_17576,0.5848497152328491
test_17577,0.3323324918746948
test_17578,0.4633847177028656
test_17579,0.5034839510917664
test_17580,0.36517030000686646
test_17581,0.21534164249897003
test_17582,0.24178221821784973
test_17583,0.605689287185669
test_17584,0.3958212435245514
test_17585,0.4316370189189911
test_17586,0.2709037661552429
test_17587,0.4916221797466278
test_17588,0.5207539796829224
test_17589,0.5813376307487488
test_17590,0.30570530891418457
test_17591,0.3857627213001251
test_17592,0.4049544632434845
test_17593,0.4814070165157318
test_17594,0.5864931344985962
test_17595,0.3475472927093506
test_17596,0.4568716585636139
test_17597,0.41391775012016296
test_17598,0.2023870050907135
test_17599,0.20953288674354553
test_17600,0.178932785987854
test_17601,0.2626456022262573
test_17602,0.46650877594947815
test_17603,0.5400420427322388
test_17604,0.4926479458808899
test_17605,0.22788847982883453
test_17606,0.24191123247146606
test_17607,0.49699631333351135
test_17608,0.4011809229850769
test_17609,0.5080647468566895
test_17610,0.22695666551589966
test_17611,0.23554031550884247
test_17612,0.6639736294746399
test_17613,0.341528058052063
test_17614,0.4893653094768524
test_17615,0.4344024360179901
test_17616,0.6573408246040344
test_17617,0.49080049991607666
test_17618,0.4433456063270569
test_17619,0.3649400472640991
test_17620,0.4987579584121704
test_17621,0.5191729664802551
test_17622,0.5415744185447693
test_17623,0.49320822954177856
test_17624,0.5527892112731934
test_17625,0.5221462249755859
test_17626,0.38236504793167114
test_17627,0.5839968919754028
test_17628,0.5491705536842346
test_17629,0.29592379927635193
test_17630,0.41097941994667053
test_17631,0.4155178964138031
test_17632,0.22975678741931915
test_17633,0.43980470299720764
test_17634,0.5034226775169373
test_17635,0.49349305033683777
test_17636,0.540267288684845
test_17637,0.16032201051712036
test_17638,0.5441835522651672
test_17639,0.41552817821502686
test_17640,0.4518868029117584
test_17641,0.305611789226532
test_17642,0.4468851387500763
test_17643,0.5211595892906189
test_17644,0.5458893179893494
test_17645,0.448912650346756
test_17646,0.7246775031089783
test_17647,0.6155131459236145
test_17648,0.7357476949691772
test_17649,0.15372581779956818
test_17650,0.5098784565925598
test_17651,0.20323307812213898
test_17652,0.4424937069416046
test_17653,0.18510417640209198
test_17654,0.49727967381477356
test_17655,0.5417037606239319
test_17656,0.26002418994903564
test_17657,0.618045449256897
test_17658,0.3274543583393097
test_17659,0.2084038406610489
test_17660,0.3185478448867798
test_17661,0.2722693383693695
test_17662,0.2541273832321167
test_17663,0.46940913796424866
test_17664,0.4736875295639038
test_17665,0.43119263648986816
test_17666,0.32966116070747375
test_17667,0.5305235981941223
test_17668,0.6171339154243469
test_17669,0.3006868362426758
test_17670,0.46604594588279724
test_17671,0.4804704785346985
test_17672,0.3998974859714508
test_17673,0.44457879662513733
test_17674,0.19761492311954498
test_17675,0.5644948482513428
test_17676,0.36663302779197693
test_17677,0.6279997825622559
test_17678,0.3426397144794464
test_17679,0.32776761054992676
test_17680,0.21376685798168182
test_17681,0.30148765444755554
test_17682,0.5027147531509399
test_17683,0.5422976613044739
test_17684,0.39370840787887573
test_17685,0.17815712094306946
test_17686,0.36250030994415283
test_17687,0.2536664605140686
test_17688,0.3505847752094269
test_17689,0.5484811067581177
test_17690,0.49557027220726013
test_17691,0.284660667181015
test_17692,0.5241683125495911
test_17693,0.5008202791213989
test_17694,0.5259839296340942
test_17695,0.38295602798461914
test_17696,0.5002737045288086
test_17697,0.28383710980415344
test_17698,0.35791242122650146
test_17699,0.08860234171152115
test_17700,0.6073629260063171
test_17701,0.4371225833892822
test_17702,0.2378452569246292
test_17703,0.23014667630195618
test_17704,0.3051239252090454
test_17705,0.3321964144706726
test_17706,0.3657433092594147
test_17707,0.34205886721611023
test_17708,0.26627877354621887
test_17709,0.3967936336994171
test_17710,0.5269748568534851
test_17711,0.23043648898601532
test_17712,0.2508479654788971
test_17713,0.4226003587245941
test_17714,0.5060956478118896
test_17715,0.5169240832328796
test_17716,0.18169236183166504
test_17717,0.5984660983085632
test_17718,0.38932353258132935
test_17719,0.48779359459877014
test_17720,0.6089191436767578
test_17721,0.4485612213611603
test_17722,0.5708825588226318
test_17723,0.26279327273368835
test_17724,0.36830729246139526
test_17725,0.5696960687637329
test_17726,0.29124268889427185
test_17727,0.6195181608200073
test_17728,0.5508875846862793
test_17729,0.46767234802246094
test_17730,0.38058948516845703
test_17731,0.4020689129829407
test_17732,0.3769133388996124
test_17733,0.15884211659431458
test_17734,0.5598738789558411
test_17735,0.2228211909532547
test_17736,0.36438360810279846
test_17737,0.5913662314414978
test_17738,0.16460783779621124
test_17739,0.1692260354757309
test_17740,0.39836910367012024
test_17741,0.44646263122558594
test_17742,0.5138853788375854
test_17743,0.2761422097682953
test_17744,0.4486519992351532
test_17745,0.4479319453239441
test_17746,0.4108293652534485
test_17747,0.40581023693084717
test_17748,0.4816024899482727
test_17749,0.5183698534965515
test_17750,0.2219802737236023
test_17751,0.3005436956882477
test_17752,0.47372201085090637
test_17753,0.4424445629119873
test_17754,0.5273037552833557
test_17755,0.557896614074707
test_17756,0.31484144926071167
test_17757,0.3413005769252777
test_17758,0.6109644770622253
test_17759,0.37474894523620605
test_17760,0.5492180585861206
test_17761,0.40301504731178284
test_17762,0.4422174096107483
test_17763,0.34824761748313904
test_17764,0.29335737228393555
test_17765,0.3936762511730194
test_17766,0.7190642356872559
test_17767,0.5018231868743896
test_17768,0.17419745028018951
test_17769,0.5355445146560669
test_17770,0.35632139444351196
test_17771,0.4793516993522644
test_17772,0.23954781889915466
test_17773,0.6256864070892334
test_17774,0.4942043125629425
test_17775,0.14323201775550842
test_17776,0.5751572251319885
test_17777,0.49311894178390503
test_17778,0.27504459023475647
test_17779,0.36830106377601624
test_17780,0.481289267539978
test_17781,0.2765113115310669
test_17782,0.44227123260498047
test_17783,0.4684930443763733
test_17784,0.4933951199054718
test_17785,0.44013920426368713
test_17786,0.5300695896148682
test_17787,0.35225531458854675
test_17788,0.308381587266922
test_17789,0.5646933317184448
test_17790,0.3158947825431824
test_17791,0.42451050877571106
test_17792,0.2667088508605957
test_17793,0.4461754858493805
test_17794,0.34603217244148254
test_17795,0.637666642665863
test_17796,0.48882371187210083
test_17797,0.34679970145225525
test_17798,0.37677261233329773
test_17799,0.5651798844337463
test_17800,0.21759997308254242
test_17801,0.5387880802154541
test_17802,0.6347967982292175
test_17803,0.515643298625946
test_17804,0.25595492124557495
test_17805,0.26920565962791443
test_17806,0.45003533363342285
test_17807,0.6343307495117188
test_17808,0.5348235964775085
test_17809,0.4367215037345886
test_17810,0.8288154602050781
test_17811,0.5928828120231628
test_17812,0.48531681299209595
test_17813,0.4365650415420532
test_17814,0.3453521430492401
test_17815,0.44781744480133057
test_17816,0.43871912360191345
test_17817,0.4728951156139374
test_17818,0.6971956491470337
test_17819,0.7605657577514648
test_17820,0.6815358400344849
test_17821,0.3889484405517578
test_17822,0.4763202369213104
test_17823,0.5226970314979553
test_17824,0.5691332221031189
test_17825,0.5701999068260193
test_17826,0.31542643904685974
test_17827,0.4453997313976288
test_17828,0.2877195477485657
test_17829,0.309940367937088
test_17830,0.5959779024124146
test_17831,0.4865131676197052
test_17832,0.3232986629009247
test_17833,0.6072438955307007
test_17834,0.44137099385261536
test_17835,0.40023431181907654
test_17836,0.4736880362033844
test_17837,0.5572595000267029
test_17838,0.2582167685031891
test_17839,0.45785975456237793
test_17840,0.5998275876045227
test_17841,0.4888177812099457
test_17842,0.45503517985343933
test_17843,0.5317879319190979
test_17844,0.424958199262619
test_17845,0.5108982920646667
test_17846,0.4554137885570526
test_17847,0.3798670768737793
test_17848,0.2542515993118286
test_17849,0.4108222723007202
test_17850,0.24798689782619476
test_17851,0.6343620419502258
test_17852,0.33335208892822266
test_17853,0.544630229473114
test_17854,0.3948558270931244
test_17855,0.5866550207138062
test_17856,0.3740500509738922
test_17857,0.48347875475883484
test_17858,0.48252737522125244
test_17859,0.5044066309928894
test_17860,0.5340463519096375
test_17861,0.2688969671726227
test_17862,0.4940260052680969
test_17863,0.5337789058685303
test_17864,0.5817357301712036
test_17865,0.6442648768424988
test_17866,0.5064095854759216
test_17867,0.4227239787578583
test_17868,0.6089528799057007
test_17869,0.6490482687950134
test_17870,0.6212319135665894
test_17871,0.38483595848083496
test_17872,0.4605563282966614
test_17873,0.4847196042537689
test_17874,0.4835037887096405
test_17875,0.4873523712158203
test_17876,0.6175273656845093
test_17877,0.36512118577957153
test_17878,0.32329994440078735
test_17879,0.38646113872528076
test_17880,0.3513883948326111
test_17881,0.38944682478904724
test_17882,0.31889963150024414
test_17883,0.2007596492767334
test_17884,0.41944366693496704
test_17885,0.6392083168029785
test_17886,0.38000136613845825
test_17887,0.5160959362983704
test_17888,0.46440455317497253
test_17889,0.5228478908538818
test_17890,0.4635513126850128
test_17891,0.3134627938270569
test_17892,0.30806005001068115
test_17893,0.5682488679885864
test_17894,0.30428874492645264
test_17895,0.45635077357292175
test_17896,0.5766152143478394
test_17897,0.5073113441467285
test_17898,0.5584962964057922
test_17899,0.44076812267303467
test_17900,0.5500760674476624
test_17901,0.12214022129774094
test_17902,0.4793050289154053
test_17903,0.534579336643219
test_17904,0.4959068298339844
test_17905,0.34221890568733215
test_17906,0.45747533440589905
test_17907,0.15619510412216187
test_17908,0.1702890545129776
test_17909,0.49788710474967957
test_17910,0.4759606719017029
test_17911,0.32095468044281006
test_17912,0.4681878685951233
test_17913,0.5914666056632996
test_17914,0.46114614605903625
test_17915,0.3779621720314026
test_17916,0.5003157258033752
test_17917,0.36653533577919006
test_17918,0.2714560627937317
test_17919,0.39822396636009216
test_17920,0.3934168219566345
test_17921,0.4872153699398041
test_17922,0.3861583471298218
test_17923,0.5605515241622925
test_17924,0.22328995168209076
test_17925,0.37877607345581055
test_17926,0.28379786014556885
test_17927,0.48522356152534485
test_17928,0.51104736328125
test_17929,0.8011863231658936
test_17930,0.32979241013526917
test_17931,0.49674344062805176
test_17932,0.68375563621521
test_17933,0.24669602513313293
test_17934,0.6058650016784668
test_17935,0.512924075126648
test_17936,0.3841515779495239
test_17937,0.46096137166023254
test_17938,0.3202103078365326
test_17939,0.3652855157852173
test_17940,0.4760521352291107
test_17941,0.32755470275878906
test_17942,0.6429637670516968
test_17943,0.2148057073354721
test_17944,0.38080665469169617
test_17945,0.5567240715026855
test_17946,0.36436235904693604
test_17947,0.43705877661705017
test_17948,0.5027253031730652
test_17949,0.3904168903827667
test_17950,0.46631181240081787
test_17951,0.6633506417274475
test_17952,0.6620280146598816
test_17953,0.45903271436691284
test_17954,0.5134678483009338
test_17955,0.38956785202026367
test_17956,0.6195562481880188
test_17957,0.5131750702857971
test_17958,0.28993529081344604
test_17959,0.2057943195104599
test_17960,0.38299688696861267
test_17961,0.5613358616828918
test_17962,0.28522324562072754
test_17963,0.3174979090690613
test_17964,0.5923903584480286
test_17965,0.6150332093238831
test_17966,0.4330463409423828
test_17967,0.5933604836463928
test_17968,0.32096898555755615
test_17969,0.5230283141136169
test_17970,0.38507041335105896
test_17971,0.427009642124176
test_17972,0.155753493309021
test_17973,0.5827108025550842
test_17974,0.5095168352127075
test_17975,0.49797677993774414
test_17976,0.554766833782196
test_17977,0.31422948837280273
test_17978,0.4601421058177948
test_17979,0.438266396522522
test_17980,0.29337453842163086
test_17981,0.338034451007843
test_17982,0.5681692957878113
test_17983,0.5968890190124512
test_17984,0.43713024258613586
test_17985,0.4309220612049103
test_17986,0.4394480586051941
test_17987,0.4420543909072876
test_17988,0.3637937307357788
test_17989,0.3187645673751831
test_17990,0.26183271408081055
test_17991,0.5299829244613647
test_17992,0.6536078453063965
test_17993,0.3505525588989258
test_17994,0.37334153056144714
test_17995,0.5228747725486755
test_17996,0.5080638527870178
test_17997,0.4769493341445923
test_17998,0.3741125762462616
test_17999,0.5880675911903381
test_18000,0.5644016265869141
test_18001,0.484215646982193
test_18002,0.6043733954429626
test_18003,0.5826814770698547
test_18004,0.4404642879962921
test_18005,0.5034675002098083
test_18006,0.3539172112941742
test_18007,0.2070562243461609
test_18008,0.6128149628639221
test_18009,0.36331093311309814
test_18010,0.7246575355529785
test_18011,0.47875767946243286
test_18012,0.48900356888771057
test_18013,0.27184316515922546
test_18014,0.5489098429679871
test_18015,0.10947508364915848
test_18016,0.6453791260719299
test_18017,0.4224943220615387
test_18018,0.3860611915588379
test_18019,0.5193217396736145
test_18020,0.37109220027923584
test_18021,0.7667310237884521
test_18022,0.24965079128742218
test_18023,0.36895376443862915
test_18024,0.4815942049026489
test_18025,0.4351622462272644
test_18026,0.582565188407898
test_18027,0.570703387260437
test_18028,0.5020552277565002
test_18029,0.47655510902404785
test_18030,0.768606960773468
test_18031,0.41545212268829346
test_18032,0.35658979415893555
test_18033,0.4556889832019806
test_18034,0.6585384011268616
test_18035,0.29429149627685547
test_18036,0.3012770712375641
test_18037,0.48464521765708923
test_18038,0.6920857429504395
test_18039,0.45912355184555054
test_18040,0.5267187356948853
test_18041,0.5158060193061829
test_18042,0.6721532940864563
test_18043,0.43943414092063904
test_18044,0.46398141980171204
test_18045,0.2955308258533478
test_18046,0.5058261156082153
test_18047,0.504805862903595
test_18048,0.4589267373085022
test_18049,0.47876811027526855
test_18050,0.6250931024551392
test_18051,0.30039092898368835
test_18052,0.09282097965478897
test_18053,0.1743604838848114
test_18054,0.4199793040752411
test_18055,0.43932175636291504
test_18056,0.6877244114875793
test_18057,0.4773019254207611
test_18058,0.44978922605514526
test_18059,0.7827701568603516
test_18060,0.29188230633735657
test_18061,0.30260828137397766
test_18062,0.4814324378967285
test_18063,0.38636407256126404
test_18064,0.27407771348953247
test_18065,0.6709388494491577
test_18066,0.3667798936367035
test_18067,0.30614715814590454
test_18068,0.4979909062385559
test_18069,0.5647082328796387
test_18070,0.48321595788002014
test_18071,0.5575407147407532
test_18072,0.5785699486732483
test_18073,0.3210199773311615
test_18074,0.5790008902549744
test_18075,0.5482946634292603
test_18076,0.11604192852973938
test_18077,0.42439258098602295
test_18078,0.43862268328666687
test_18079,0.45572319626808167
test_18080,0.6648707389831543
test_18081,0.4961611330509186
test_18082,0.08280587941408157
test_18083,0.3502325117588043
test_18084,0.49001774191856384
test_18085,0.5093526244163513
test_18086,0.5867188572883606
test_18087,0.5354135632514954
test_18088,0.6043003797531128
test_18089,0.23126059770584106
test_18090,0.49993884563446045
test_18091,0.33944353461265564
test_18092,0.19215568900108337
test_18093,0.5320217609405518
test_18094,0.47838717699050903
test_18095,0.26854467391967773
test_18096,0.666958749294281
test_18097,0.42404305934906006
test_18098,0.4982597827911377
test_18099,0.47176775336265564
test_18100,0.3591795265674591
test_18101,0.5202694535255432
test_18102,0.35998275876045227
test_18103,0.522394597530365
test_18104,0.4817855954170227
test_18105,0.45670104026794434
test_18106,0.4540620744228363
test_18107,0.5078855752944946
test_18108,0.2702562212944031
test_18109,0.25738775730133057
test_18110,0.6699195504188538
test_18111,0.10667309910058975
test_18112,0.25315189361572266
test_18113,0.495865136384964
test_18114,0.3731025457382202
test_18115,0.3920529782772064
test_18116,0.5012605786323547
test_18117,0.559848964214325
test_18118,0.09479846805334091
test_18119,0.4432505965232849
test_18120,0.4250018298625946
test_18121,0.5338327884674072
test_18122,0.6270647644996643
test_18123,0.2824738025665283
test_18124,0.5264652371406555
test_18125,0.4260355234146118
test_18126,0.4812629818916321
test_18127,0.5529713034629822
test_18128,0.543912410736084
test_18129,0.47264018654823303
test_18130,0.2739509046077728
test_18131,0.09892107546329498
test_18132,0.34313198924064636
test_18133,0.32823359966278076
test_18134,0.63230299949646
test_18135,0.7109324336051941
test_18136,0.5062333345413208
test_18137,0.5251325964927673
test_18138,0.4164048731327057
test_18139,0.5322464108467102
test_18140,0.5566361546516418
test_18141,0.5079655051231384
test_18142,0.4855111241340637
test_18143,0.6228399872779846
test_18144,0.17574171721935272
test_18145,0.4063459038734436
test_18146,0.5672647356987
test_18147,0.2715694308280945
test_18148,0.33908557891845703
test_18149,0.49363523721694946
test_18150,0.2819862365722656
test_18151,0.653893768787384
test_18152,0.3987399935722351
test_18153,0.5458613038063049
test_18154,0.3518698513507843
test_18155,0.3644618093967438
test_18156,0.20774920284748077
test_18157,0.4874078035354614
test_18158,0.30225518345832825
test_18159,0.752554178237915
test_18160,0.6697885394096375
test_18161,0.5339047312736511
test_18162,0.5583987832069397
test_18163,0.44389936327934265
test_18164,0.5064613223075867
test_18165,0.16697858273983002
test_18166,0.2599552869796753
test_18167,0.4197518527507782
test_18168,0.4533088505268097
test_18169,0.3334304392337799
test_18170,0.47186073660850525
test_18171,0.4262053668498993
test_18172,0.44315415620803833
test_18173,0.5488886833190918
test_18174,0.3997423052787781
test_18175,0.3270707428455353
test_18176,0.48055729269981384
test_18177,0.4224764406681061
test_18178,0.5668622851371765
test_18179,0.6366981267929077
test_18180,0.7281804084777832
test_18181,0.46631091833114624
test_18182,0.4214828610420227
test_18183,0.3379112780094147
test_18184,0.5898259878158569
test_18185,0.2655031085014343
test_18186,0.17548386752605438
test_18187,0.29289573431015015
test_18188,0.16934920847415924
test_18189,0.4895070493221283
test_18190,0.5508078932762146
test_18191,0.604685366153717
test_18192,0.40687355399131775
test_18193,0.4887963831424713
test_18194,0.5055119395256042
test_18195,0.4764799177646637
test_18196,0.2493295818567276
test_18197,0.7581754922866821
test_18198,0.37790581583976746
test_18199,0.5594688653945923
test_18200,0.5335533022880554
test_18201,0.45980554819107056
test_18202,0.3448707163333893
test_18203,0.43039488792419434
test_18204,0.31020626425743103
test_18205,0.5337377190589905
test_18206,0.17283834517002106
test_18207,0.4801276624202728
test_18208,0.30568361282348633
test_18209,0.2943309247493744
test_18210,0.43681785464286804
test_18211,0.5201546549797058
test_18212,0.570425271987915
test_18213,0.5006754994392395
test_18214,0.5920804738998413
test_18215,0.19609488546848297
test_18216,0.3487313687801361
test_18217,0.25974464416503906
test_18218,0.44691038131713867
test_18219,0.4752099812030792
test_18220,0.39797595143318176
test_18221,0.4286072254180908
test_18222,0.46158939599990845
test_18223,0.39723727107048035
test_18224,0.44253113865852356
test_18225,0.49982601404190063
test_18226,0.42137178778648376
test_18227,0.12997926771640778
test_18228,0.18598832190036774
test_18229,0.37193670868873596
test_18230,0.5218307971954346
test_18231,0.4418981969356537
test_18232,0.13284994661808014
test_18233,0.6010451316833496
test_18234,0.2204674482345581
test_18235,0.4557853043079376
test_18236,0.5535523295402527
test_18237,0.24589566886425018
test_18238,0.3055720329284668
test_18239,0.18854396045207977
test_18240,0.4965170621871948
test_18241,0.45076701045036316
test_18242,0.5372172594070435
test_18243,0.45901551842689514
test_18244,0.5655932426452637
test_18245,0.4254932105541229
test_18246,0.5829148888587952
test_18247,0.5039505958557129
test_18248,0.39698073267936707
test_18249,0.39009004831314087
test_18250,0.4522528350353241
test_18251,0.3771945536136627
test_18252,0.5446333289146423
test_18253,0.41754353046417236
test_18254,0.03026099130511284
test_18255,0.41359466314315796
test_18256,0.482477068901062
test_18257,0.53288334608078
test_18258,0.17681799829006195
test_18259,0.4047883152961731
test_18260,0.4840405285358429
test_18261,0.37782779335975647
test_18262,0.4024726152420044
test_18263,0.33035025000572205
test_18264,0.7056131362915039
test_18265,0.4520634114742279
test_18266,0.4339140057563782
test_18267,0.3794887065887451
test_18268,0.5257152318954468
test_18269,0.49051225185394287
test_18270,0.3655345141887665
test_18271,0.5626862049102783
test_18272,0.29579079151153564
test_18273,0.4837872087955475
test_18274,0.43417447805404663
test_18275,0.4560295641422272
test_18276,0.5807977318763733
test_18277,0.602996289730072
test_18278,0.5045760869979858
test_18279,0.1741948127746582
test_18280,0.38872456550598145
test_18281,0.3059637248516083
test_18282,0.35731595754623413
test_18283,0.35665643215179443
test_18284,0.7021492123603821
test_18285,0.5080239176750183
test_18286,0.3741215169429779
test_18287,0.5500537753105164
test_18288,0.43258175253868103
test_18289,0.36676210165023804
test_18290,0.41651976108551025
test_18291,0.6091505885124207
test_18292,0.4594614803791046
test_18293,0.45902684330940247
test_18294,0.30702635645866394
test_18295,0.5937535166740417
test_18296,0.2877994775772095
test_18297,0.3850402235984802
test_18298,0.5481604337692261
test_18299,0.4091184735298157
test_18300,0.43929630517959595
test_18301,0.4882115423679352
test_18302,0.38896360993385315
test_18303,0.5200634002685547
test_18304,0.6017223596572876
test_18305,0.5013453960418701
test_18306,0.2823181450366974
test_18307,0.34904587268829346
test_18308,0.33834555745124817
test_18309,0.4624136984348297
test_18310,0.4451085329055786
test_18311,0.5556416511535645
test_18312,0.30104950070381165
test_18313,0.5443969964981079
test_18314,0.066177599132061
test_18315,0.577106773853302
test_18316,0.41614288091659546
test_18317,0.5199639797210693
test_18318,0.7361583709716797
test_18319,0.38395363092422485
test_18320,0.4303451478481293
test_18321,0.5050593018531799
test_18322,0.36414778232574463
test_18323,0.3701820373535156
test_18324,0.4623846411705017
test_18325,0.451286256313324
test_18326,0.494169145822525
test_18327,0.16477717459201813
test_18328,0.26640012860298157
test_18329,0.49930721521377563
test_18330,0.2877568006515503
test_18331,0.5580329895019531
test_18332,0.5347745418548584
test_18333,0.2846794128417969
test_18334,0.3820292353630066
test_18335,0.3009400963783264
test_18336,0.16241692006587982
test_18337,0.5040977597236633
test_18338,0.6619344353675842
test_18339,0.33282265067100525
test_18340,0.47475266456604004
test_18341,0.3869827091693878
test_18342,0.47846341133117676
test_18343,0.23895780742168427
test_18344,0.33611083030700684
test_18345,0.1534351259469986
test_18346,0.5759350657463074
test_18347,0.44495072960853577
test_18348,0.4671415686607361
test_18349,0.36629587411880493
test_18350,0.4483400285243988
test_18351,0.3906519412994385
test_18352,0.316972553730011
test_18353,0.46423378586769104
test_18354,0.3589763939380646
test_18355,0.23532754182815552
test_18356,0.48701807856559753
test_18357,0.567603588104248
test_18358,0.5201177000999451
test_18359,0.4722716510295868
test_18360,0.2576919496059418
test_18361,0.5089738965034485
test_18362,0.4364548325538635
test_18363,0.22350972890853882
test_18364,0.47732722759246826
test_18365,0.3562534749507904
test_18366,0.5177238583564758
test_18367,0.5409466624259949
test_18368,0.4829104244709015
test_18369,0.5460146069526672
test_18370,0.3288377523422241
test_18371,0.42402732372283936
test_18372,0.45101720094680786
test_18373,0.44860127568244934
test_18374,0.4633163809776306
test_18375,0.4091688394546509
test_18376,0.5476874709129333
test_18377,0.553600013256073
test_18378,0.5513769388198853
test_18379,0.5824589729309082
test_18380,0.3389330506324768
test_18381,0.5579177737236023
test_18382,0.4848173260688782
test_18383,0.4901669919490814
test_18384,0.22965416312217712
test_18385,0.5950808525085449
test_18386,0.4912688434123993
test_18387,0.5740602016448975
test_18388,0.4407087564468384
test_18389,0.35605308413505554
test_18390,0.5632363557815552
test_18391,0.4112599492073059
test_18392,0.591076135635376
test_18393,0.5272567272186279
test_18394,0.45713120698928833
test_18395,0.41205698251724243
test_18396,0.6079503893852234
test_18397,0.5623069405555725
test_18398,0.2859569489955902
test_18399,0.6005431413650513
test_18400,0.5619287490844727
test_18401,0.6150964498519897
test_18402,0.48721998929977417
test_18403,0.294567734003067
test_18404,0.2536954879760742
test_18405,0.5422135591506958
test_18406,0.1795063465833664
test_18407,0.37808725237846375
test_18408,0.6672549247741699
test_18409,0.33513110876083374
test_18410,0.48990947008132935
test_18411,0.4023616909980774
test_18412,0.53740394115448
test_18413,0.45158058404922485
test_18414,0.4839119613170624
test_18415,0.5042322278022766
test_18416,0.3236800730228424
test_18417,0.4242672920227051
test_18418,0.470802366733551
test_18419,0.5753121376037598
test_18420,0.563443124294281
test_18421,0.5235167145729065
test_18422,0.35439467430114746
test_18423,0.4502097964286804
test_18424,0.5347015261650085
test_18425,0.49966371059417725
test_18426,0.48983749747276306
test_18427,0.42227450013160706
test_18428,0.6119346022605896
test_18429,0.39350244402885437
test_18430,0.45583072304725647
test_18431,0.4325772523880005
test_18432,0.46303361654281616
test_18433,0.6286601424217224
test_18434,0.49964600801467896
test_18435,0.16337700188159943
test_18436,0.337411105632782
test_18437,0.16429898142814636
test_18438,0.4528268277645111
test_18439,0.4002089202404022
test_18440,0.264573335647583
test_18441,0.32051122188568115
test_18442,0.44657933712005615
test_18443,0.8104543089866638
test_18444,0.48916393518447876
test_18445,0.3951967656612396
test_18446,0.21414604783058167
test_18447,0.5283701419830322
test_18448,0.2838011384010315
test_18449,0.586608350276947
test_18450,0.32527050375938416
test_18451,0.6139437556266785
test_18452,0.5070579051971436
test_18453,0.6359013915061951
test_18454,0.15841619670391083
test_18455,0.4557815194129944
test_18456,0.26461195945739746
test_18457,0.47523656487464905
test_18458,0.5035915970802307
test_18459,0.408137708902359
test_18460,0.2637743651866913
test_18461,0.48692959547042847
test_18462,0.4124600291252136
test_18463,0.5474886298179626
test_18464,0.44046178460121155
test_18465,0.34844422340393066
test_18466,0.5428406596183777
test_18467,0.4551837742328644
test_18468,0.3051547706127167
test_18469,0.49744462966918945
test_18470,0.2940170168876648
test_18471,0.22376146912574768
test_18472,0.5123257637023926
test_18473,0.45620197057724
test_18474,0.29683205485343933
test_18475,0.399230420589447
test_18476,0.6527041792869568
test_18477,0.3489128053188324
test_18478,0.34512606263160706
test_18479,0.6507304310798645
test_18480,0.6115432977676392
test_18481,0.43687230348587036
test_18482,0.3957231342792511
test_18483,0.592505693435669
test_18484,0.45185038447380066
test_18485,0.4347851276397705
test_18486,0.678806483745575
test_18487,0.2137136608362198
test_18488,0.7311239242553711
test_18489,0.5153505206108093
test_18490,0.40348076820373535
test_18491,0.1790723353624344
test_18492,0.2301533967256546
test_18493,0.2680203914642334
test_18494,0.4370012581348419
test_18495,0.2972009778022766
test_18496,0.7246358394622803
test_18497,0.44350576400756836
test_18498,0.46770310401916504
test_18499,0.4980250298976898
test_18500,0.4020965099334717
test_18501,0.18030010163784027
test_18502,0.342957079410553
test_18503,0.5393176078796387
test_18504,0.4100206792354584
test_18505,0.5303806662559509
test_18506,0.5294486284255981
test_18507,0.41275620460510254
test_18508,0.4976806342601776
test_18509,0.509415328502655
test_18510,0.5540119409561157
test_18511,0.3541157841682434
test_18512,0.4596342444419861
test_18513,0.352966845035553
test_18514,0.47535431385040283
test_18515,0.19476079940795898
test_18516,0.4965876042842865
test_18517,0.4850737750530243
test_18518,0.19651158154010773
test_18519,0.511752724647522
test_18520,0.18698230385780334
test_18521,0.33754822611808777
test_18522,0.3272414803504944
test_18523,0.6121917963027954
test_18524,0.6559449434280396
test_18525,0.4130218029022217
test_18526,0.5423097610473633
test_18527,0.3523852825164795
test_18528,0.5530760288238525
test_18529,0.3511130213737488
test_18530,0.26563969254493713
test_18531,0.6182915568351746
test_18532,0.4946257770061493
test_18533,0.4193059802055359
test_18534,0.17344334721565247
test_18535,0.455500990152359
test_18536,0.316562294960022
test_18537,0.4473556876182556
test_18538,0.5455899238586426
test_18539,0.11066681891679764
test_18540,0.27820447087287903
test_18541,0.25949156284332275
test_18542,0.2502731680870056
test_18543,0.658204972743988
test_18544,0.378164142370224
test_18545,0.5223053693771362
test_18546,0.42627882957458496
test_18547,0.2616840898990631
test_18548,0.5281112790107727
test_18549,0.5219623446464539
test_18550,0.47674527764320374
test_18551,0.4876711368560791
test_18552,0.17201562225818634
test_18553,0.4977917969226837
test_18554,0.543524980545044
test_18555,0.6734416484832764
test_18556,0.4791199862957001
test_18557,0.42504069209098816
test_18558,0.4972964823246002
test_18559,0.4279986619949341
test_18560,0.41107094287872314
test_18561,0.48301687836647034
test_18562,0.463662713766098
test_18563,0.41662344336509705
test_18564,0.5413053631782532
test_18565,0.2826078534126282
test_18566,0.5237144827842712
test_18567,0.315502405166626
test_18568,0.33289578557014465
test_18569,0.46548739075660706
test_18570,0.46703505516052246
test_18571,0.45185527205467224
test_18572,0.5226413607597351
test_18573,0.30168232321739197
test_18574,0.40036892890930176
test_18575,0.395504355430603
test_18576,0.4042000472545624
test_18577,0.5252926349639893
test_18578,0.6561030149459839
test_18579,0.48503562808036804
test_18580,0.6405069828033447
test_18581,0.538619339466095
test_18582,0.553132176399231
test_18583,0.5414294600486755
test_18584,0.3065485954284668
test_18585,0.47862911224365234
test_18586,0.6484128832817078
test_18587,0.3538014888763428
test_18588,0.5427435040473938
test_18589,0.6061654090881348
test_18590,0.49350494146347046
test_18591,0.48035332560539246
test_18592,0.5123634338378906
test_18593,0.37406131625175476
test_18594,0.5204022526741028
test_18595,0.43715086579322815
test_18596,0.5177860856056213
test_18597,0.5149308443069458
test_18598,0.38073650002479553
test_18599,0.5486302375793457
test_18600,0.508435845375061
test_18601,0.3924613893032074
test_18602,0.41181623935699463
test_18603,0.5144937634468079
test_18604,0.38520950078964233
test_18605,0.15369459986686707
test_18606,0.2868897020816803
test_18607,0.4786885976791382
test_18608,0.46319496631622314
test_18609,0.5310711860656738
test_18610,0.3741935193538666
test_18611,0.21155902743339539
test_18612,0.47266602516174316
test_18613,0.6256172060966492
test_18614,0.47010326385498047
test_18615,0.4562802314758301
test_18616,0.5613282918930054
test_18617,0.6560890674591064
test_18618,0.6767722368240356
test_18619,0.4959438145160675
test_18620,0.6172619462013245
test_18621,0.5665693879127502
test_18622,0.6467913389205933
test_18623,0.33337298035621643
test_18624,0.3465089797973633
test_18625,0.4206550121307373
test_18626,0.48041820526123047
test_18627,0.3540911078453064
test_18628,0.1718679964542389
test_18629,0.4860313832759857
test_18630,0.631378173828125
test_18631,0.4405043423175812
test_18632,0.4024999737739563
test_18633,0.534471869468689
test_18634,0.42704635858535767
test_18635,0.4775317907333374
test_18636,0.5240057110786438
test_18637,0.5757907032966614
test_18638,0.36855700612068176
test_18639,0.5651320219039917
test_18640,0.3544071912765503
test_18641,0.3570575416088104
test_18642,0.5540556311607361
test_18643,0.45341160893440247
test_18644,0.6154667735099792
test_18645,0.11916881054639816
test_18646,0.7671409249305725
test_18647,0.30037692189216614
test_18648,0.5383835434913635
test_18649,0.5203549861907959
test_18650,0.37452369928359985
test_18651,0.4679986536502838
test_18652,0.6817297339439392
test_18653,0.392473042011261
test_18654,0.503523588180542
test_18655,0.4246424734592438
test_18656,0.5072482824325562
test_18657,0.15963098406791687
test_18658,0.411257803440094
test_18659,0.4299626350402832
test_18660,0.5233743190765381
test_18661,0.43515345454216003
test_18662,0.43081343173980713
test_18663,0.6462142467498779
test_18664,0.27000388503074646
test_18665,0.35204654932022095
test_18666,0.4008048474788666
test_18667,0.4269475042819977
test_18668,0.30822983384132385
test_18669,0.48887333273887634
test_18670,0.4844833314418793
test_18671,0.4139520227909088
test_18672,0.1917666643857956
test_18673,0.5976821780204773
test_18674,0.3055781424045563
test_18675,0.5109578371047974
test_18676,0.40192365646362305
test_18677,0.34521010518074036
test_18678,0.4700106382369995
test_18679,0.4365644156932831
test_18680,0.7310944199562073
test_18681,0.29973873496055603
test_18682,0.2628273367881775
test_18683,0.3706638514995575
test_18684,0.5798068046569824
test_18685,0.10800088196992874
test_18686,0.4786489009857178
test_18687,0.35393908619880676
test_18688,0.5162622332572937
test_18689,0.6495950222015381
test_18690,0.4554249942302704
test_18691,0.6268611550331116
test_18692,0.1609066128730774
test_18693,0.4772833585739136
test_18694,0.27018997073173523
test_18695,0.48094815015792847
test_18696,0.5645707845687866
test_18697,0.5275142192840576
test_18698,0.5068662762641907
test_18699,0.42619115114212036
test_18700,0.19062839448451996
test_18701,0.49090856313705444
test_18702,0.4842544496059418
test_18703,0.45449939370155334
test_18704,0.27539217472076416
test_18705,0.39765527844429016
test_18706,0.48927247524261475
test_18707,0.5284175276756287
test_18708,0.41494131088256836
test_18709,0.4251318573951721
test_18710,0.5203467011451721
test_18711,0.378610223531723
test_18712,0.5702225565910339
test_18713,0.40493255853652954
test_18714,0.2893142104148865
test_18715,0.5059875249862671
test_18716,0.579307496547699
test_18717,0.4714139699935913
test_18718,0.22210127115249634
test_18719,0.6742287278175354
test_18720,0.6330991387367249
test_18721,0.5132223963737488
test_18722,0.5573609471321106
test_18723,0.44519221782684326
test_18724,0.4863036572933197
test_18725,0.4220029413700104
test_18726,0.28492075204849243
test_18727,0.6109161972999573
test_18728,0.3134082555770874
test_18729,0.4411885738372803
test_18730,0.42272162437438965
test_18731,0.30831271409988403
test_18732,0.5094539523124695
test_18733,0.27787336707115173
test_18734,0.41866105794906616
test_18735,0.6700031161308289
test_18736,0.656395673751831
test_18737,0.526139497756958
test_18738,0.42912572622299194
test_18739,0.7008824944496155
test_18740,0.4589771628379822
test_18741,0.5613973736763
test_18742,0.15549823641777039
test_18743,0.41092339158058167
test_18744,0.7489564418792725
test_18745,0.4289630353450775
test_18746,0.31700313091278076
test_18747,0.7962049245834351
test_18748,0.3673063814640045
test_18749,0.5070216059684753
test_18750,0.2620265483856201
test_18751,0.4741050899028778
test_18752,0.46484726667404175
test_18753,0.47389668226242065
test_18754,0.49634620547294617
test_18755,0.31644371151924133
test_18756,0.3675752878189087
test_18757,0.32119789719581604
test_18758,0.39995133876800537
test_18759,0.6443010568618774
test_18760,0.15239882469177246
test_18761,0.45697271823883057
test_18762,0.12025640904903412
test_18763,0.48977720737457275
test_18764,0.6381288170814514
test_18765,0.4287409484386444
test_18766,0.4746955931186676
test_18767,0.10903714597225189
test_18768,0.783477246761322
test_18769,0.18471312522888184
test_18770,0.4464324712753296
test_18771,0.3992805480957031
test_18772,0.3862617313861847
test_18773,0.44871243834495544
test_18774,0.41516730189323425
test_18775,0.3691520392894745
test_18776,0.5013198256492615
test_18777,0.4588644802570343
test_18778,0.5053807497024536
test_18779,0.5063577890396118
test_18780,0.2984068691730499
test_18781,0.2509142756462097
test_18782,0.5552398562431335
test_18783,0.2554132044315338
test_18784,0.46760743856430054
test_18785,0.13891424238681793
test_18786,0.5066962838172913
test_18787,0.5448873043060303
test_18788,0.3990667164325714
test_18789,0.5219081044197083
test_18790,0.24960601329803467
test_18791,0.5133238434791565
test_18792,0.3227269649505615
test_18793,0.5426024794578552
test_18794,0.9261344075202942
test_18795,0.23665906488895416
test_18796,0.17469748854637146
test_18797,0.21574941277503967
test_18798,0.3676272928714752
test_18799,0.32854795455932617
test_18800,0.37384694814682007
test_18801,0.4106164872646332
test_18802,0.386278361082077
test_18803,0.18451589345932007
test_18804,0.30214056372642517
test_18805,0.11333927512168884
test_18806,0.4319230020046234
test_18807,0.2656606137752533
test_18808,0.5997865200042725
test_18809,0.6654984951019287
test_18810,0.460940957069397
test_18811,0.561991810798645
test_18812,0.46312621235847473
test_18813,0.4823409616947174
test_18814,0.4953188896179199
test_18815,0.362732857465744
test_18816,0.25121554732322693
test_18817,0.5032086968421936
test_18818,0.2156594693660736
test_18819,0.6614482402801514
test_18820,0.46675512194633484
test_18821,0.6780376434326172
test_18822,0.32387077808380127
test_18823,0.41437530517578125
test_18824,0.48612815141677856
test_18825,0.3063683807849884
test_18826,0.47269222140312195
test_18827,0.5598612427711487
test_18828,0.5699551105499268
test_18829,0.5664730072021484
test_18830,0.3387778401374817
test_18831,0.5113222599029541
test_18832,0.5107371211051941
test_18833,0.6562232971191406
test_18834,0.5444177985191345
test_18835,0.5427280068397522
test_18836,0.2740343511104584
test_18837,0.20264670252799988
test_18838,0.530934751033783
test_18839,0.5936588048934937
test_18840,0.457425981760025
test_18841,0.515609085559845
test_18842,0.5729964971542358
test_18843,0.3762308359146118
test_18844,0.35192298889160156
test_18845,0.24780504405498505
test_18846,0.4958644211292267
test_18847,0.440579354763031
test_18848,0.34579500555992126
test_18849,0.1480582356452942
test_18850,0.46187692880630493
test_18851,0.5455785989761353
test_18852,0.5358262658119202
test_18853,0.2834759056568146
test_18854,0.43240559101104736
test_18855,0.4476606845855713
test_18856,0.5389103293418884
test_18857,0.26301538944244385
test_18858,0.6440155506134033
test_18859,0.2721876800060272
test_18860,0.10265301167964935
test_18861,0.16223405301570892
test_18862,0.5189415216445923
test_18863,0.26360437273979187
test_18864,0.5464261770248413
test_18865,0.502988874912262
test_18866,0.4773125648498535
test_18867,0.4697142541408539
test_18868,0.40310829877853394
test_18869,0.5572521090507507
test_18870,0.4629184305667877
test_18871,0.4514842927455902
test_18872,0.5547672510147095
test_18873,0.4067792296409607
test_18874,0.5380765199661255
test_18875,0.4839349687099457
test_18876,0.6602867841720581
test_18877,0.3880450129508972
test_18878,0.7325891852378845
test_18879,0.521068811416626
test_18880,0.33817970752716064
test_18881,0.4007551968097687
test_18882,0.4889858067035675
test_18883,0.3704216778278351
test_18884,0.633695125579834
test_18885,0.6069914698600769
test_18886,0.3237253725528717
test_18887,0.8239578008651733
test_18888,0.3183700144290924
test_18889,0.5061417818069458
test_18890,0.22522379457950592
test_18891,0.27649378776550293
test_18892,0.3256111741065979
test_18893,0.5164626836776733
test_18894,0.34736257791519165
test_18895,0.0967920571565628
test_18896,0.5315918922424316
test_18897,0.5446071624755859
test_18898,0.5579509139060974
test_18899,0.40063875913619995
test_18900,0.26427021622657776
test_18901,0.5724782943725586
test_18902,0.5469900369644165
test_18903,0.34146222472190857
test_18904,0.5230782628059387
test_18905,0.6213617920875549
test_18906,0.7085171341896057
test_18907,0.24916985630989075
test_18908,0.42912909388542175
test_18909,0.49988988041877747
test_18910,0.3274676203727722
test_18911,0.2602260112762451
test_18912,0.4372302293777466
test_18913,0.3325333595275879
test_18914,0.5887547135353088
test_18915,0.36340442299842834
test_18916,0.2080145627260208
test_18917,0.5040963888168335
test_18918,0.44809675216674805
test_18919,0.4946163296699524
test_18920,0.5843462347984314
test_18921,0.2868853807449341
test_18922,0.4831491708755493
test_18923,0.5715210437774658
test_18924,0.3137708008289337
test_18925,0.17935985326766968
test_18926,0.5217857360839844
test_18927,0.40480226278305054
test_18928,0.4494376480579376
test_18929,0.3752351701259613
test_18930,0.3974910378456116
test_18931,0.21654824912548065
test_18932,0.636817455291748
test_18933,0.34476980566978455
test_18934,0.48771435022354126
test_18935,0.39976826310157776
test_18936,0.43275734782218933
test_18937,0.28335750102996826
test_18938,0.2614085078239441
test_18939,0.32007166743278503
test_18940,0.4406309127807617
test_18941,0.45788565278053284
test_18942,0.3542661964893341
test_18943,0.4691203832626343
test_18944,0.44340214133262634
test_18945,0.6096720099449158
test_18946,0.4705753028392792
test_18947,0.46217188239097595
test_18948,0.2290983945131302
test_18949,0.46978989243507385
test_18950,0.5304237604141235
test_18951,0.0586383081972599
test_18952,0.41307899355888367
test_18953,0.4660088121891022
test_18954,0.5164251327514648
test_18955,0.5831219553947449
test_18956,0.29275187849998474
test_18957,0.4829927384853363
test_18958,0.420372873544693
test_18959,0.5205603241920471
test_18960,0.49164682626724243
test_18961,0.6517876982688904
test_18962,0.39858490228652954
test_18963,0.4622592628002167
test_18964,0.7045889496803284
test_18965,0.3722355365753174
test_18966,0.44370177388191223
test_18967,0.5392427444458008
test_18968,0.24066826701164246
test_18969,0.45246613025665283
test_18970,0.3672323226928711
test_18971,0.4755183160305023
test_18972,0.43837860226631165
test_18973,0.6435434818267822
test_18974,0.5039800405502319
test_18975,0.49080631136894226
test_18976,0.20418275892734528
test_18977,0.6746993660926819
test_18978,0.6853847503662109
test_18979,0.5534898638725281
test_18980,0.23368863761425018
test_18981,0.35483115911483765
test_18982,0.49917179346084595
test_18983,0.5035054087638855
test_18984,0.6062079668045044
test_18985,0.39743033051490784
test_18986,0.4383947551250458
test_18987,0.40358033776283264
test_18988,0.48537707328796387
test_18989,0.5523595809936523
test_18990,0.32219645380973816
test_18991,0.5950825810432434
test_18992,0.48217490315437317
test_18993,0.5001699924468994
test_18994,0.21767151355743408
test_18995,0.5836512446403503
test_18996,0.5286797881126404
test_18997,0.23315846920013428
test_18998,0.544075608253479
test_18999,0.2973422408103943
test_19000,0.4275089502334595
test_19001,0.5449249744415283
test_19002,0.566780686378479
test_19003,0.4016088545322418
test_19004,0.1272106021642685
test_19005,0.6384885907173157
test_19006,0.4425945580005646
test_19007,0.5277342796325684
test_19008,0.5876662731170654
test_19009,0.19517290592193604
test_19010,0.3314376473426819
test_19011,0.6033902168273926
test_19012,0.3943302631378174
test_19013,0.4910620152950287
test_19014,0.6009308695793152
test_19015,0.43484261631965637
test_19016,0.68055659532547
test_19017,0.5219723582267761
test_19018,0.48496633768081665
test_19019,0.5688250064849854
test_19020,0.3635389804840088
test_19021,0.3088128864765167
test_19022,0.5064284205436707
test_19023,0.4224053919315338
test_19024,0.5182870626449585
test_19025,0.37375420331954956
test_19026,0.5714634656906128
test_19027,0.5296434164047241
test_19028,0.4691094756126404
test_19029,0.3364124894142151
test_19030,0.17560943961143494
test_19031,0.22866493463516235
test_19032,0.5305882692337036
test_19033,0.39667385816574097
test_19034,0.44509294629096985
test_19035,0.5887240171432495
test_19036,0.39381635189056396
test_19037,0.5308822989463806
test_19038,0.35272663831710815
test_19039,0.4936790466308594
test_19040,0.28858768939971924
test_19041,0.1886504888534546
test_19042,0.4220309555530548
test_19043,0.4715726673603058
test_19044,0.19093918800354004
test_19045,0.4809056222438812
test_19046,0.29036587476730347
test_19047,0.7109591364860535
test_19048,0.45691388845443726
test_19049,0.4084329307079315
test_19050,0.39373841881752014
test_19051,0.33927014470100403
test_19052,0.4035915732383728
test_19053,0.22028787434101105
test_19054,0.5381132960319519
test_19055,0.6722968220710754
test_19056,0.49190306663513184
test_19057,0.34873130917549133
test_19058,0.37800249457359314
test_19059,0.39600181579589844
test_19060,0.48886388540267944
test_19061,0.5876783132553101
test_19062,0.36907655000686646
test_19063,0.6406053304672241
test_19064,0.4898020327091217
test_19065,0.2473004162311554
test_19066,0.2574423849582672
test_19067,0.5038526654243469
test_19068,0.3962349593639374
test_19069,0.4770214855670929
test_19070,0.3899504542350769
test_19071,0.478875070810318
test_19072,0.4540036916732788
test_19073,0.265964537858963
test_19074,0.40919265151023865
test_19075,0.3148708939552307
test_19076,0.6110119819641113
test_19077,0.4793339669704437
test_19078,0.4619990885257721
test_19079,0.5288282036781311
test_19080,0.12168006598949432
test_19081,0.4517708122730255
test_19082,0.5899573564529419
test_19083,0.5608659386634827
test_19084,0.45851561427116394
test_19085,0.36454305052757263
test_19086,0.5207463502883911
test_19087,0.4785539209842682
test_19088,0.5766333937644958
test_19089,0.6458318829536438
test_19090,0.5215024352073669
test_19091,0.4522424042224884
test_19092,0.6173328757286072
test_19093,0.08419861644506454
test_19094,0.541164755821228
test_19095,0.27450108528137207
test_19096,0.5048182010650635
test_19097,0.4479907155036926
test_19098,0.2707156240940094
test_19099,0.45919734239578247
test_19100,0.26803773641586304
test_19101,0.5667957067489624
test_19102,0.39511919021606445
test_19103,0.458288311958313
test_19104,0.5776921510696411
test_19105,0.5073403120040894
test_19106,0.5410876870155334
test_19107,0.18182282149791718
test_19108,0.5108586549758911
test_19109,0.5255123972892761
test_19110,0.5265101194381714
test_19111,0.5294411182403564
test_19112,0.5145906209945679
test_19113,0.20131608843803406
test_19114,0.22150918841362
test_19115,0.4462047219276428
test_19116,0.456562876701355
test_19117,0.3755265474319458
test_19118,0.30630871653556824
test_19119,0.440064400434494
test_19120,0.46894633769989014
test_19121,0.39150673151016235
test_19122,0.5759680271148682
test_19123,0.3968607783317566
test_19124,0.3737831711769104
test_19125,0.3279671370983124
test_19126,0.5796844959259033
test_19127,0.43500709533691406
test_19128,0.27744022011756897
test_19129,0.12184286117553711
test_19130,0.2857627272605896
test_19131,0.4714769124984741
test_19132,0.5930538773536682
test_19133,0.33931687474250793
test_19134,0.6021068692207336
test_19135,0.4160797595977783
test_19136,0.3930343687534332
test_19137,0.6960159540176392
test_19138,0.4655965268611908
test_19139,0.7124564051628113
test_19140,0.2844119071960449
test_19141,0.27980610728263855
test_19142,0.3422078490257263
test_19143,0.4744013845920563
test_19144,0.3804920017719269
test_19145,0.532141923904419
test_19146,0.5281053781509399
test_19147,0.43330034613609314
test_19148,0.72575443983078
test_19149,0.44435638189315796
test_19150,0.6520586609840393
test_19151,0.18839576840400696
test_19152,0.4285169243812561
test_19153,0.5456428527832031
test_19154,0.4356163442134857
test_19155,0.5420879125595093
test_19156,0.4480191767215729
test_19157,0.36048269271850586
test_19158,0.42491257190704346
test_19159,0.1881393939256668
test_19160,0.40760162472724915
test_19161,0.5472450256347656
test_19162,0.3125736117362976
test_19163,0.4185222089290619
test_19164,0.49478664994239807
test_19165,0.29909074306488037
test_19166,0.5600472092628479
test_19167,0.4864563047885895
test_19168,0.5081183314323425
test_19169,0.3632936477661133
test_19170,0.4943643808364868
test_19171,0.4651678502559662
test_19172,0.6404018402099609
test_19173,0.07311556488275528
test_19174,0.45400574803352356
test_19175,0.3912384510040283
test_19176,0.3185739815235138
test_19177,0.23329658806324005
test_19178,0.4713236093521118
test_19179,0.5581666231155396
test_19180,0.5132005214691162
test_19181,0.426973819732666
test_19182,0.5001001954078674
test_19183,0.6431682109832764
test_19184,0.3017452657222748
test_19185,0.34050971269607544
test_19186,0.29036611318588257
test_19187,0.3568752110004425
test_19188,0.3727923631668091
test_19189,0.45728379487991333
test_19190,0.3425150215625763
test_19191,0.5604873299598694
test_19192,0.6568796634674072
test_19193,0.39516472816467285
test_19194,0.2343417853116989
test_19195,0.30771103501319885
test_19196,0.26400330662727356
test_19197,0.2677399516105652
test_19198,0.5118348002433777
test_19199,0.42273005843162537
test_19200,0.7255479693412781
test_19201,0.3205197751522064
test_19202,0.5471100807189941
test_19203,0.3588387072086334
test_19204,0.3191072940826416
test_19205,0.46509015560150146
test_19206,0.40442362427711487
test_19207,0.4354895055294037
test_19208,0.5513501763343811
test_19209,0.375131756067276
test_19210,0.3384637236595154
test_19211,0.37479379773139954
test_19212,0.5305715203285217
test_19213,0.44913819432258606
test_19214,0.4166161119937897
test_19215,0.573255181312561
test_19216,0.5348524451255798
test_19217,0.568993330001831
test_19218,0.3844476044178009
test_19219,0.2774001359939575
test_19220,0.5333818197250366
test_19221,0.6580700278282166
test_19222,0.22748622298240662
test_19223,0.47325214743614197
test_19224,0.5080499053001404
test_19225,0.4293491244316101
test_19226,0.3404967486858368
test_19227,0.3260171115398407
test_19228,0.5568422079086304
test_19229,0.3621019124984741
test_19230,0.5212892293930054
test_19231,0.1857459992170334
test_19232,0.438791960477829
test_19233,0.5725066661834717
test_19234,0.45729607343673706
test_19235,0.6697315573692322
test_19236,0.5337749719619751
test_19237,0.37814247608184814
test_19238,0.48788318037986755
test_19239,0.42647019028663635
test_19240,0.4289422035217285
test_19241,0.5959532260894775
test_19242,0.4370834231376648
test_19243,0.40859314799308777
test_19244,0.4698241055011749
test_19245,0.46823275089263916
test_19246,0.778337299823761
test_19247,0.35253897309303284
test_19248,0.5083288550376892
test_19249,0.37301546335220337
test_19250,0.3710210621356964
test_19251,0.3672116994857788
test_19252,0.4510512948036194
test_19253,0.25919345021247864
test_19254,0.5454699397087097
test_19255,0.4600736200809479
test_19256,0.5770539045333862
test_19257,0.5963709354400635
test_19258,0.3599469065666199
test_19259,0.44939541816711426
test_19260,0.40500834584236145
test_19261,0.33386170864105225
test_19262,0.557222843170166
test_19263,0.5625399351119995
test_19264,0.49727845191955566
test_19265,0.48648884892463684
test_19266,0.26468712091445923
test_19267,0.3319654166698456
test_19268,0.6147933006286621
test_19269,0.47658705711364746
test_19270,0.32509347796440125
test_19271,0.48997068405151367
test_19272,0.4313347339630127
test_19273,0.19781123101711273
test_19274,0.48342689871788025
test_19275,0.3809469938278198
test_19276,0.4012979567050934
test_19277,0.4057779312133789
test_19278,0.4428096413612366
test_19279,0.48721587657928467
test_19280,0.4544312357902527
test_19281,0.35140982270240784
test_19282,0.23243486881256104
test_19283,0.42456570267677307
test_19284,0.5440811514854431
test_19285,0.4525338411331177
test_19286,0.46181565523147583
test_19287,0.704596757888794
test_19288,0.3030948340892792
test_19289,0.2840203642845154
test_19290,0.46688294410705566
test_19291,0.5168015956878662
test_19292,0.349774032831192
test_19293,0.6442559957504272
test_19294,0.4029705822467804
test_19295,0.38777193427085876
test_19296,0.4658188819885254
test_19297,0.589293897151947
test_19298,0.36018842458724976
test_19299,0.6725848913192749
test_19300,0.39256998896598816
test_19301,0.6542524695396423
test_19302,0.6008163094520569
test_19303,0.5130550861358643
test_19304,0.5283420085906982
test_19305,0.28961995244026184
test_19306,0.34797510504722595
test_19307,0.5095565319061279
test_19308,0.31278425455093384
test_19309,0.22046738862991333
test_19310,0.43392693996429443
test_19311,0.39306795597076416
test_19312,0.4682386517524719
test_19313,0.5935775637626648
test_19314,0.5537746548652649
test_19315,0.1853080689907074
test_19316,0.20021213591098785
test_19317,0.5029879212379456
test_19318,0.570018470287323
test_19319,0.4305837154388428
test_19320,0.4051973819732666
test_19321,0.5675218105316162
test_19322,0.30808475613594055
test_19323,0.329887330532074
test_19324,0.43260473012924194
test_19325,0.5080809593200684
test_19326,0.5107851624488831
test_19327,0.2660481929779053
test_19328,0.45693156123161316
test_19329,0.3352034389972687
test_19330,0.5565384030342102
test_19331,0.462446004152298
test_19332,0.4839433431625366
test_19333,0.5072701573371887
test_19334,0.43056949973106384
test_19335,0.3027156889438629
test_19336,0.41069555282592773
test_19337,0.05459600314497948
test_19338,0.7084439396858215
test_19339,0.47491979598999023
test_19340,0.5981905460357666
test_19341,0.44973990321159363
test_19342,0.11703240871429443
test_19343,0.27581852674484253
test_19344,0.3111470639705658
test_19345,0.39429619908332825
test_19346,0.18632686138153076
test_19347,0.5401254892349243
test_19348,0.39909401535987854
test_19349,0.6035658121109009
test_19350,0.3241993486881256
test_19351,0.39470720291137695
test_19352,0.5013511180877686
test_19353,0.4220505654811859
test_19354,0.22132885456085205
test_19355,0.5195958614349365
test_19356,0.46988826990127563
test_19357,0.41016116738319397
test_19358,0.3188844919204712
test_19359,0.561496913433075
test_19360,0.4266296923160553
test_19361,0.20911075174808502
test_19362,0.4454927146434784
test_19363,0.5300590395927429
test_19364,0.5335216522216797
test_19365,0.45757076144218445
test_19366,0.5823350548744202
test_19367,0.3716092109680176
test_19368,0.23243337869644165
test_19369,0.32402104139328003
test_19370,0.20657600462436676
test_19371,0.3954608738422394
test_19372,0.49228447675704956
test_19373,0.5283061265945435
test_19374,0.6413071155548096
test_19375,0.6482499241828918
test_19376,0.4441013038158417
test_19377,0.4875505268573761
test_19378,0.4106302559375763
test_19379,0.42080920934677124
test_19380,0.5599677562713623
test_19381,0.6587158441543579
test_19382,0.4446536898612976
test_19383,0.455603688955307
test_19384,0.2976149916648865
test_19385,0.44602954387664795
test_19386,0.3084065318107605
test_19387,0.5111331939697266
test_19388,0.35704222321510315
test_19389,0.28943687677383423
test_19390,0.4299796521663666
test_19391,0.18927548825740814
test_19392,0.40113043785095215
test_19393,0.50086909532547
test_19394,0.19993260502815247
test_19395,0.2396634966135025
test_19396,0.4469669759273529
test_19397,0.4956267774105072
test_19398,0.30118560791015625
test_19399,0.6407846808433533
test_19400,0.4312865138053894
test_19401,0.743800938129425
test_19402,0.38398927450180054
test_19403,0.28649771213531494
test_19404,0.4747762680053711
test_19405,0.4382142722606659
test_19406,0.650263786315918
test_19407,0.3860374689102173
test_19408,0.602749764919281
test_19409,0.6302841305732727
test_19410,0.11031752079725266
test_19411,0.5935291647911072
test_19412,0.5107297301292419
test_19413,0.5759599804878235
test_19414,0.3593996465206146
test_19415,0.5374507308006287
test_19416,0.41416144371032715
test_19417,0.362178236246109
test_19418,0.40916430950164795
test_19419,0.34241414070129395
test_19420,0.47083789110183716
test_19421,0.36507102847099304
test_19422,0.5274020433425903
test_19423,0.46250098943710327
test_19424,0.226091206073761
test_19425,0.24884846806526184
test_19426,0.4303417503833771
test_19427,0.45134907960891724
test_19428,0.14612357318401337
test_19429,0.5899735689163208
test_19430,0.6447651982307434
test_19431,0.49391087889671326
test_19432,0.38103511929512024
test_19433,0.43264707922935486
test_19434,0.21955528855323792
test_19435,0.363720178604126
test_19436,0.5204602479934692
test_19437,0.500748336315155
test_19438,0.36953628063201904
test_19439,0.5756414532661438
test_19440,0.5025568604469299
test_19441,0.6335764527320862
test_19442,0.5359054207801819
test_19443,0.4395992159843445
test_19444,0.512715756893158
test_19445,0.4693877100944519
test_19446,0.4939442574977875
test_19447,0.5025041699409485
test_19448,0.3174625337123871
test_19449,0.5020129084587097
test_19450,0.4290814697742462
test_19451,0.4326101243495941
test_19452,0.23226934671401978
test_19453,0.7578129768371582
test_19454,0.6794511079788208
test_19455,0.5090475678443909
test_19456,0.6186220645904541
test_19457,0.5484446287155151
test_19458,0.43680906295776367
test_19459,0.5297552347183228
test_19460,0.41028594970703125
test_19461,0.5387371182441711
test_19462,0.5336045622825623
test_19463,0.6635758280754089
test_19464,0.2836790084838867
test_19465,0.6206261515617371
test_19466,0.2430037558078766
test_19467,0.5080671906471252
test_19468,0.39371365308761597
test_19469,0.5281489491462708
test_19470,0.5428897142410278
test_19471,0.5476207733154297
test_19472,0.5258445739746094
test_19473,0.47906410694122314
test_19474,0.5606112480163574
test_19475,0.5462788343429565
test_19476,0.4843677282333374
test_19477,0.7274092435836792
test_19478,0.5529672503471375
test_19479,0.6319062113761902
test_19480,0.31575605273246765
test_19481,0.2739465534687042
test_19482,0.7834753394126892
test_19483,0.2635251581668854
test_19484,0.6492711305618286
test_19485,0.4553121030330658
test_19486,0.5273510813713074
test_19487,0.45031338930130005
test_19488,0.38249218463897705
test_19489,0.48281580209732056
test_19490,0.5757390856742859
test_19491,0.3114612400531769
test_19492,0.30137598514556885
test_19493,0.4471149146556854
test_19494,0.3987341523170471
test_19495,0.33168673515319824
test_19496,0.38910719752311707
test_19497,0.20596089959144592
test_19498,0.456464022397995
test_19499,0.3862784802913666
test_19500,0.020165015012025833
test_19501,0.4670216739177704
test_19502,0.5389359593391418
test_19503,0.39221933484077454
test_19504,0.3447905480861664
test_19505,0.2896595895290375
test_19506,0.5557275414466858
test_19507,0.4358118772506714
test_19508,0.44284680485725403
test_19509,0.4755309820175171
test_19510,0.4624687135219574
test_19511,0.465776264667511
test_19512,0.5152726769447327
test_19513,0.5204697251319885
test_19514,0.80567866563797
test_19515,0.24549447000026703
test_19516,0.3019775152206421
test_19517,0.28586074709892273
test_19518,0.4319351017475128
test_19519,0.15909600257873535
test_19520,0.5171256065368652
test_19521,0.5148919820785522
test_19522,0.3762369751930237
test_19523,0.5641708374023438
test_19524,0.34110236167907715
test_19525,0.49282217025756836
test_19526,0.6028833985328674
test_19527,0.42666441202163696
test_19528,0.4363599419593811
test_19529,0.519329309463501
test_19530,0.563826322555542
test_19531,0.5109294056892395
test_19532,0.4367507994174957
test_19533,0.4031485915184021
test_19534,0.4084809124469757
test_19535,0.47040656208992004
test_19536,0.659927248954773
test_19537,0.47339409589767456
test_19538,0.24281780421733856
test_19539,0.21515311300754547
test_19540,0.6096509695053101
test_19541,0.43811020255088806
test_19542,0.35400277376174927
test_19543,0.37146925926208496
test_19544,0.5147335529327393
test_19545,0.7778955101966858
test_19546,0.45725271105766296
test_19547,0.31615281105041504
test_19548,0.5541273355484009
test_19549,0.47491738200187683
test_19550,0.5476980805397034
test_19551,0.549019992351532
test_19552,0.49047088623046875
test_19553,0.43558910489082336
test_19554,0.5829174518585205
test_19555,0.46337440609931946
test_19556,0.47888392210006714
test_19557,0.36020970344543457
test_19558,0.39696040749549866
test_19559,0.4204671382904053
test_19560,0.4816136658191681
test_19561,0.690360963344574
test_19562,0.5225446820259094
test_19563,0.5804105997085571
test_19564,0.5415471792221069
test_19565,0.5036482214927673
test_19566,0.376994788646698
test_19567,0.4309934377670288
test_19568,0.4318723976612091
test_19569,0.5616527795791626
test_19570,0.7627526521682739
test_19571,0.1758132427930832
test_19572,0.5298812389373779
test_19573,0.5141870975494385
test_19574,0.8550384640693665
test_19575,0.48368188738822937
test_19576,0.5143927335739136
test_19577,0.5934103727340698
test_19578,0.378637433052063
test_19579,0.49269354343414307
test_19580,0.5053896903991699
test_19581,0.43590599298477173
test_19582,0.5258160829544067
test_19583,0.5335890054702759
test_19584,0.5585009455680847
test_19585,0.38221001625061035
test_19586,0.5947964191436768
test_19587,0.3829587697982788
test_19588,0.5442528128623962
test_19589,0.5545742511749268
test_19590,0.4541245102882385
test_19591,0.5401766300201416
test_19592,0.3876880407333374
test_19593,0.3997693955898285
test_19594,0.31128963828086853
test_19595,0.2610951066017151
test_19596,0.5567693114280701
test_19597,0.3464207351207733
test_19598,0.3464679419994354
test_19599,0.5596099495887756
test_19600,0.49201202392578125
test_19601,0.3823203146457672
test_19602,0.5110488533973694
test_19603,0.6692067980766296
test_19604,0.5214506983757019
test_19605,0.2445797175168991
test_19606,0.3896840214729309
test_19607,0.5343480706214905
test_19608,0.38820797204971313
test_19609,0.48721128702163696
test_19610,0.34035104513168335
test_19611,0.6686453819274902
test_19612,0.6002883315086365
test_19613,0.6718971729278564
test_19614,0.21496185660362244
test_19615,0.45496290922164917
test_19616,0.4290066063404083
test_19617,0.509026825428009
test_19618,0.32135459780693054
test_19619,0.49932608008384705
test_19620,0.4691179692745209
test_19621,0.3434092104434967
test_19622,0.3600673973560333
test_19623,0.04938677325844765
test_19624,0.24117298424243927
test_19625,0.5086549520492554
test_19626,0.6086871027946472
test_19627,0.5777628421783447
test_19628,0.6718494892120361
test_19629,0.49778586626052856
test_19630,0.4648439884185791
test_19631,0.7084702253341675
test_19632,0.42465513944625854
test_19633,0.7170192003250122
test_19634,0.5921114683151245
test_19635,0.2816563546657562
test_19636,0.47562307119369507
test_19637,0.3032010495662689
test_19638,0.5460221171379089
test_19639,0.528138279914856
test_19640,0.5068970322608948
test_19641,0.2595866620540619
test_19642,0.17039848864078522
test_19643,0.4855283200740814
test_19644,0.5725411176681519
test_19645,0.5417142510414124
test_19646,0.7248761653900146
test_19647,0.4910399913787842
test_19648,0.6953330636024475
test_19649,0.4841887056827545
test_19650,0.30829402804374695
test_19651,0.40948355197906494
test_19652,0.4126775562763214
test_19653,0.41243651509284973
test_19654,0.49403584003448486
test_19655,0.6611402034759521
test_19656,0.513334333896637
test_19657,0.49420884251594543
test_19658,0.49713587760925293
test_19659,0.32068750262260437
test_19660,0.4593393802642822
test_19661,0.4658434987068176
test_19662,0.48888537287712097
test_19663,0.44351673126220703
test_19664,0.441316694021225
test_19665,0.4682198464870453
test_19666,0.5601393580436707
test_19667,0.36898690462112427
test_19668,0.7137402892112732
test_19669,0.1694796085357666
test_19670,0.6152350902557373
test_19671,0.3393762707710266
test_19672,0.6588650345802307
test_19673,0.7561061978340149
test_19674,0.8780125975608826
test_19675,0.44131094217300415
test_19676,0.5196292400360107
test_19677,0.41829714179039
test_19678,0.4099595546722412
test_19679,0.369167298078537
test_19680,0.32131993770599365
test_19681,0.46191462874412537
test_19682,0.5179297924041748
test_19683,0.4797913134098053
test_19684,0.3933678865432739
test_19685,0.18193693459033966
test_19686,0.3088930547237396
test_19687,0.3942629396915436
test_19688,0.5382776856422424
test_19689,0.5083418488502502
test_19690,0.6828298568725586
test_19691,0.3090571165084839
test_19692,0.1990421563386917
test_19693,0.42675530910491943
test_19694,0.5144609212875366
test_19695,0.4433824419975281
test_19696,0.4962790012359619
test_19697,0.48974528908729553
test_19698,0.5581851005554199
test_19699,0.500977098941803
test_19700,0.41686251759529114
test_19701,0.4860914349555969
test_19702,0.3327169418334961
test_19703,0.5476363897323608
test_19704,0.425749272108078
test_19705,0.539787232875824
test_19706,0.2652946412563324
test_19707,0.40403279662132263
test_19708,0.433412104845047
test_19709,0.5658393502235413
test_19710,0.28138551115989685
test_19711,0.49350088834762573
test_19712,0.3750345706939697
test_19713,0.26408106088638306
test_19714,0.3595169186592102
test_19715,0.5591915249824524
test_19716,0.5815961360931396
test_19717,0.6082004308700562
test_19718,0.6710833311080933
test_19719,0.427743524312973
test_19720,0.359372615814209
test_19721,0.4656260013580322
test_19722,0.5260453224182129
test_19723,0.35338786244392395
test_19724,0.19958755373954773
test_19725,0.4946328401565552
test_19726,0.2937782108783722
test_19727,0.38326945900917053
test_19728,0.6610623002052307
test_19729,0.37709948420524597
test_19730,0.3911808431148529
test_19731,0.10894820094108582
test_19732,0.5223807692527771
test_19733,0.5021638870239258
test_19734,0.27777114510536194
test_19735,0.2160113900899887
test_19736,0.5694939494132996
test_19737,0.4886762201786041
test_19738,0.23671755194664001
test_19739,0.4595862925052643
test_19740,0.41297656297683716
test_19741,0.5377268195152283
test_19742,0.4606294631958008
test_19743,0.43930572271347046
test_19744,0.48045215010643005
test_19745,0.379373699426651
test_19746,0.5740282535552979
test_19747,0.3639623820781708
test_19748,0.30543482303619385
test_19749,0.23988841474056244
test_19750,0.5058099031448364
test_19751,0.2668941020965576
test_19752,0.5386669039726257
test_19753,0.4236335754394531
test_19754,0.21157509088516235
test_19755,0.3592367470264435
test_19756,0.1581740826368332
test_19757,0.6276346445083618
test_19758,0.46471449732780457
test_19759,0.4186037480831146
test_19760,0.1383875012397766
test_19761,0.5300050377845764
test_19762,0.3090437352657318
test_19763,0.3217202425003052
test_19764,0.4115542471408844
test_19765,0.13517791032791138
test_19766,0.5113711953163147
test_19767,0.47759202122688293
test_19768,0.5067040324211121
test_19769,0.35823777318000793
test_19770,0.31628161668777466
test_19771,0.721520721912384
test_19772,0.47745317220687866
test_19773,0.5092929601669312
test_19774,0.4061431884765625
test_19775,0.739998996257782
test_19776,0.6021000146865845
test_19777,0.45832574367523193
test_19778,0.40529611706733704
test_19779,0.7250835299491882
test_19780,0.1568468064069748
test_19781,0.6305529475212097
test_19782,0.5451185703277588
test_19783,0.4729917347431183
test_19784,0.5290500521659851
test_19785,0.3320198953151703
test_19786,0.5884400010108948
test_19787,0.3748566508293152
test_19788,0.5785685181617737
test_19789,0.4125766456127167
test_19790,0.20852622389793396
test_19791,0.24840094149112701
test_19792,0.2674175798892975
test_19793,0.535521388053894
test_19794,0.28682011365890503
test_19795,0.514410674571991
test_19796,0.45842528343200684
test_19797,0.4555976092815399
test_19798,0.5107847452163696
test_19799,0.3282797336578369
test_19800,0.474433571100235
test_19801,0.4774213433265686
test_19802,0.47049692273139954
test_19803,0.4866820275783539
test_19804,0.07747746258974075
test_19805,0.44640305638313293
test_19806,0.3810584545135498
test_19807,0.5585281252861023
test_19808,0.3773723840713501
test_19809,0.5774286985397339
test_19810,0.2085239291191101
test_19811,0.20725873112678528
test_19812,0.30810946226119995
test_19813,0.34404876828193665
test_19814,0.26935428380966187
test_19815,0.42237988114356995
test_19816,0.38779720664024353
test_19817,0.44079697132110596
test_19818,0.32624486088752747
test_19819,0.49388062953948975
test_19820,0.48081550002098083
test_19821,0.34295690059661865
test_19822,0.47327354550361633
test_19823,0.5458678007125854
test_19824,0.64888596534729
test_19825,0.5045040845870972
test_19826,0.4558406174182892
test_19827,0.5727779269218445
test_19828,0.5393207669258118
test_19829,0.2911062240600586
test_19830,0.3039933145046234
test_19831,0.5148038864135742
test_19832,0.29843762516975403
test_19833,0.6179606914520264
test_19834,0.22425514459609985
test_19835,0.34306517243385315
test_19836,0.23996615409851074
test_19837,0.3155566453933716
test_19838,0.49493172764778137
test_19839,0.4175472557544708
test_19840,0.4738764464855194
test_19841,0.6814048290252686
test_19842,0.3493138551712036
test_19843,0.4910079836845398
test_19844,0.5748473405838013
test_19845,0.29189011454582214
test_19846,0.4756520986557007
test_19847,0.6165854334831238
test_19848,0.2916930019855499
test_19849,0.201712965965271
test_19850,0.139133483171463
test_19851,0.25295084714889526
test_19852,0.46622201800346375
test_19853,0.5443998575210571
test_19854,0.41853857040405273
test_19855,0.45001107454299927
test_19856,0.3077447712421417
test_19857,0.5563957691192627
test_19858,0.20146070420742035
test_19859,0.6673274636268616
test_19860,0.2723158001899719
test_19861,0.5088886022567749
test_19862,0.48135408759117126
test_19863,0.5003048777580261
test_19864,0.3949733376502991
test_19865,0.36198413372039795
test_19866,0.46414831280708313
test_19867,0.3595392107963562
test_19868,0.252236008644104
test_19869,0.3570045828819275
test_19870,0.4985658526420593
test_19871,0.6113303303718567
test_19872,0.5529630184173584
test_19873,0.5855928659439087
test_19874,0.44679659605026245
test_19875,0.5873849987983704
test_19876,0.40211164951324463
test_19877,0.5111680626869202
test_19878,0.6192916035652161
test_19879,0.5755653977394104
test_19880,0.21613368391990662
test_19881,0.4971933364868164
test_19882,0.4802115559577942
test_19883,0.4334816634654999
test_19884,0.5322427749633789
test_19885,0.4925808310508728
test_19886,0.5076894760131836
test_19887,0.380054771900177
test_19888,0.5136117339134216
test_19889,0.5104192495346069
test_19890,0.4042227268218994
test_19891,0.5612046718597412
test_19892,0.37559789419174194
test_19893,0.5745813846588135
test_19894,0.39673954248428345
test_19895,0.5584244728088379
test_19896,0.6460442543029785
test_19897,0.48310911655426025
test_19898,0.47721534967422485
test_19899,0.502306342124939
test_19900,0.49534872174263
test_19901,0.5603668689727783
test_19902,0.48666271567344666
test_19903,0.3570857644081116
test_19904,0.6319396495819092
test_19905,0.25293198227882385
test_19906,0.5325276851654053
test_19907,0.4568708837032318
test_19908,0.21387416124343872
test_19909,0.3737763464450836
test_19910,0.4636313021183014
test_19911,0.44932594895362854
test_19912,0.1090460941195488
test_19913,0.6456028819084167
test_19914,0.449178010225296
test_19915,0.3969113230705261
test_19916,0.5386015772819519
test_19917,0.3332752585411072
test_19918,0.5992913246154785
test_19919,0.3508400619029999
test_19920,0.18431448936462402
test_19921,0.35981285572052
test_19922,0.571372389793396
test_19923,0.669995129108429
test_19924,0.7268678545951843
test_19925,0.4160589873790741
test_19926,0.5401715636253357
test_19927,0.3088832497596741
test_19928,0.500023603439331
test_19929,0.6041176915168762
test_19930,0.42891955375671387
test_19931,0.4701755940914154
test_19932,0.505355179309845
test_19933,0.2929671108722687
test_19934,0.36549121141433716
test_19935,0.515052318572998
test_19936,0.35084816813468933
test_19937,0.4420230984687805
test_19938,0.46684712171554565
test_19939,0.47175395488739014
test_19940,0.45678767561912537
test_19941,0.43498051166534424
test_19942,0.47614482045173645
test_19943,0.4321724474430084
test_19944,0.5192575454711914
test_19945,0.08637189120054245
test_19946,0.4700222909450531
test_19947,0.4687179625034332
test_19948,0.6327006220817566
test_19949,0.43243667483329773
test_19950,0.5472363829612732
test_19951,0.45958489179611206
test_19952,0.4741257429122925
test_19953,0.38704410195350647
test_19954,0.5385387539863586
test_19955,0.2911229729652405
test_19956,0.35741087794303894
test_19957,0.11513389647006989
test_19958,0.39501848816871643
test_19959,0.27434995770454407
test_19960,0.3285861611366272
test_19961,0.27373573184013367
test_19962,0.5561474561691284
test_19963,0.5559872388839722
test_19964,0.41833335161209106
test_19965,0.5242521166801453
test_19966,0.48638206720352173
test_19967,0.35521382093429565
test_19968,0.5969529151916504
test_19969,0.6402598023414612
test_19970,0.7917645573616028
test_19971,0.629112184047699
test_19972,0.3999444544315338
test_19973,0.5930836796760559
test_19974,0.5748351216316223
test_19975,0.6039097309112549
test_19976,0.34409967064857483
test_19977,0.47828206419944763
test_19978,0.2977159917354584
test_19979,0.2956222891807556
test_19980,0.49617451429367065
test_19981,0.19210276007652283
test_19982,0.4192791283130646
test_19983,0.2960432171821594
test_19984,0.5079452991485596
test_19985,0.3820279538631439
test_19986,0.3974597156047821
test_19987,0.40219637751579285
test_19988,0.5649514198303223
test_19989,0.5675902962684631
test_19990,0.2740720510482788
test_19991,0.45525091886520386
test_19992,0.6014705896377563
test_19993,0.6275917887687683
test_19994,0.19701416790485382
test_19995,0.324569970369339
test_19996,0.42830824851989746
test_19997,0.49459579586982727
test_19998,0.34842291474342346
test_19999,0.5717901587486267
